id,article,season
15970,0,0
39386,1,1
21379,2,0
53759,3,1
1855,3,1
30805,0,1
26960,0,1
9204,4,1
18653,4,0
46885,4,0
12369,0,0
42419,3,1
12967,4,0
13089,5,0
9036,4,2
7990,3,0
37812,0,1
4729,3,1
56825,0,1
39988,4,2
59051,4,2
20099,0,0
3954,3,1
2886,4,2
28690,0,1
8580,6,0
3168,4,0
18005,7,1
9452,0,0
10268,4,0
45856,0,1
59435,4,1
5891,3,1
38630,3,1
4943,0,1
10866,3,0
59607,8,0
15528,3,0
22198,4,0
29570,4,1
6628,4,1
54924,7,1
26538,4,0
49495,4,1
9660,0,0
2288,3,0
23876,5,0
18237,3,0
54118,4,2
2872,4,2
49653,3,1
8574,4,0
19123,4,0
13419,3,1
43369,4,1
33822,4,1
58513,3,1
52029,9,1
5865,3,1
39716,8,1
11940,4,1
55802,5,1
29584,3,1
28456,10,1
34009,3,1
19311,4,0
42089,4,1
49461,4,1
8746,4,1
9694,3,0
23882,4,0
34835,4,1
15984,0,0
11518,4,2
33648,4,1
59297,0,0
27846,11,1
26994,1,1
49839,4,2
2618,4,3
54588,0,1
8322,3,0
12993,4,0
7158,0,0
18495,4,0
19547,5,0
7964,3,0
39140,8,1
41866,4,0
44528,4,1
16392,0,0
51455,6,1
17240,3,0
47530,4,2
6617,0,1
3365,3,1
42042,4,1
23849,4,0
54127,4,2
10065,3,0
24250,4,0
5092,3,1
10859,3,0
59638,8,0
15517,4,0
4140,4,2
10257,12,0
24062,3,1
11385,5,0
53130,4,2
22395,0,0
6425,4,1
23247,4,0
31782,3,1
42270,4,1
12500,0,0
30650,3,1
32563,12,1
40143,3,1
10633,4,0
24406,0,1
21174,3,0
15341,7,0
14293,3,0
6041,3,1
23623,3,0
17416,4,0
9835,3,0
7193,1,0
12958,4,0
27283,0,0
30234,4,1
3533,3,1
12164,5,0
17624,2,0
47154,5,1
35574,4,1
46086,4,1
13284,7,0
54543,4,0
26163,12,1
3701,3,1
42426,0,1
32751,4,1
10401,3,0
40371,1,1
45603,4,1
4524,4,1
37223,3,1
53766,3,1
25520,3,0
32597,3,1
57100,3,1
36137,4,1
41859,4,1
21180,4,1
39943,4,1
52472,5,2
5630,4,1
44517,4,1
50325,0,1
8913,4,0
16530,0,0
22705,4,0
7167,0,0
46240,0,1
27277,0,0
13042,4,2
6889,6,1
31312,0,1
12190,0,0
55657,4,2
19578,3,1
27879,3,1
34452,4,2
6287,3,1
7355,3,0
22537,4,1
43500,3,1
2627,4,0
13270,3,0
31120,3,1
11527,3,0
40385,3,1
15187,3,0
5402,4,1
44725,4,1
14055,0,0
20260,3,0
7731,4,2
22153,4,1
43958,4,0
28469,3,1
34036,0,1
8779,0,0
2243,3,0
27421,2,2
33213,3,1
39729,3,1
11143,0,0
56684,8,0
4988,8,1
44341,3,1
14431,4,1
33021,0,1
11371,0,0
41401,3,1
4386,3,1
16154,4,0
22361,4,1
29789,3,1
7503,3,1
34204,2,0
50741,4,2
13426,3,1
43356,4,1
13846,0,0
12994,4,0
46278,0,1
16508,1,0
18492,4,0
19540,5,1
7963,3,0
39147,8,0
57138,12,1
20856,4,0
41861,4,1
5608,4,1
15983,0,0
20258,3,0
47198,4,1
26993,1,1
13248,12,0
43538,3,1
8325,3,0
31118,3,1
19772,4,0
5862,3,1
14409,4,1
58726,3,1
11947,4,1
51499,1,1
29583,4,1
55805,5,1
7709,1,0
28451,2,1
43960,0,1
8741,0,0
27419,2,2
34832,4,1
23885,4,2
22359,0,1
19124,4,0
49654,10,1
2049,3,1
33019,0,1
41439,4,0
11349,1,1
24892,3,0
58514,3,1
33825,4,1
38637,3,1
5896,4,1
4944,0,1
10861,3,0
59600,8,0
54923,5,1
17278,3,0
31588,3,1
49492,4,1
18230,3,0
23871,3,0
9667,0,0
16198,2,0
3953,3,1
28697,0,1
12538,2,0
8587,0,0
42248,3,1
9455,0,0
18002,5,1
1638,5,0
32903,7,1
6079,3,1
12960,4,0
29321,3,1
9031,4,2
26369,0,1
33489,0,1
59056,4,2
15379,4,1
45409,4,2
56822,12,1
40947,3,1
39381,1,1
15977,0,0
32769,3,3
10439,3,0
14099,3,0
1852,3,1
30802,0,1
7399,4,2
26967,3,1
27089,0,1
9203,4,0
19786,3,2
44948,4,1
24091,3,0
33026,0,0
41406,3,1
11376,3,0
4381,3,1
19927,4,0
7504,3,1
22366,3,0
3998,4,1
16153,4,0
50746,4,2
34203,2,2
13421,3,1
27614,12,1
22154,4,0
16361,0,0
46411,5,1
34031,0,1
31543,3,1
19329,4,0
27426,7,2
2244,3,0
33214,0,1
10096,4,0
11144,0,0
58719,0,1
11978,4,1
34455,4,3
6280,3,1
35587,4,1
7352,3,0
2620,3,0
43507,3,1
28836,0,1
31127,8,1
11520,1,0
40382,3,1
20267,4,2
14052,0,0
53795,3,1
44722,4,1
5405,4,0
39178,0,1
32590,7,1
11712,0,1
25527,0,1
57107,3,1
20869,4,0
52475,5,2
39944,4,1
21187,4,1
36130,4,1
44510,4,1
50322,0,1
13879,0,0
46247,0,1
7160,0,0
22702,4,0
8914,4,0
13045,4,2
27270,0,0
12197,3,1
55650,4,2
31315,0,1
6274,3,1
47153,5,1
17623,2,0
51036,8,1
26958,0,1
46081,4,1
35573,4,1
13283,0,0
54544,4,0
3706,3,1
26164,12,1
40376,3,1
24633,4,0
10406,8,0
4523,4,1
45604,4,1
15174,3,0
53761,3,1
37224,0,1
32564,12,1
24401,0,1
10634,4,2
40144,3,1
15346,3,0
52481,5,2
21173,0,0
40978,3,1
14294,3,0
17411,4,0
9832,3,0
23624,3,0
6046,0,1
34693,7,1
7194,3,0
30233,4,1
27284,0,0
12163,13,0
3534,3,1
24065,0,0
1607,2,0
11382,3,0
53137,4,2
15722,4,0
4375,3,1
22392,3,0
23240,0,0
6422,4,1
12507,4,2
31785,3,1
3150,4,0
17849,3,0
29548,3,1
16395,0,0
51452,3,1
6610,3,1
47537,4,2
17247,3,0
23072,12,2
42045,4,1
3362,3,1
54120,4,2
9658,0,0
38608,3,1
24257,4,1
10062,3,0
5095,3,1
4147,4,1
15510,4,0
21725,5,0
34038,0,1
43956,4,1
28467,3,1
16368,12,0
8777,0,0
4986,3,1
39727,0,1
11971,4,0
44941,4,1
24098,4,1
4388,3,1
28655,4,1
2843,3,1
3991,3,1
29787,3,1
9497,4,1
13428,3,1
19112,3,1
16966,4,0
32599,3,1
39171,0,1
57932,3,1
40985,3,1
41857,4,1
36139,4,1
7169,0,0
13870,0,0
19576,3,1
7955,3,0
27279,0,0
6887,6,1
49808,4,2
22539,4,2
27877,0,1
6289,3,1
19744,6,0
2629,4,0
11529,5,0
1890,3,2
15189,3,0
24408,4,1
20894,4,0
39185,0,1
40971,4,2
59060,0,1
4718,3,1
56814,0,1
12956,4,0
13884,0,0
19582,3,1
6873,8,1
26951,3,1
27883,3,1
30834,0,1
42428,0,1
12358,0,0
9235,0,0
53768,3,1
6619,4,1
54915,3,1
54129,4,2
23847,4,0
9651,0,0
8783,0,0
4972,0,1
38601,3,1
11985,4,0
59636,8,0
15519,4,0
10857,3,0
10259,12,0
59404,3,0
44189,4,2
23249,4,0
3965,3,1
29773,0,1
17840,4,0
9463,0,0
3159,4,0
33646,4,1
57303,4,2
11516,4,2
20251,3,0
14064,3,0
44714,4,1
5433,3,1
59299,0,0
49837,4,2
16733,4,0
7364,4,2
47191,4,1
27848,3,1
31111,1,1
13241,6,0
54586,0,1
27074,4,2
2616,4,0
43531,3,1
46271,8,1
35783,4,1
7156,0,0
22734,4,0
16501,3,0
34651,4,0
6084,3,1
19549,5,0
31323,0,1
13073,4,0
57131,3,1
40186,0,1
59897,8,0
11724,0,0
5601,4,1
39972,4,1
15384,4,1
52443,8,2
41868,4,1
34235,3,1
46615,4,2
7532,3,1
22350,0,0
16165,4,0
2040,3,0
30695,4,2
43367,4,1
13417,0,1
27622,12,1
3192,3,1
11340,1,1
10292,4,1
52027,9,1
36562,3,1
11172,5,0
39718,3,1
41602,0,1
33222,0,1
36750,8,1
34007,3,1
17285,3,0
28458,5,1
22162,4,1
16357,0,0
7700,3,0
27410,2,1
2272,3,0
42087,4,1
8748,0,0
17043,4,1
50784,4,0
2888,4,2
6414,4,1
16191,3,0
26704,4,0
12531,5,0
42241,3,1
24053,3,0
10266,4,0
15714,4,0
4343,4,1
5291,4,1
10054,3,1
4171,4,1
59609,8,0
15526,4,0
6626,4,1
47501,4,0
17271,3,0
23044,13,0
22196,4,0
51464,3,1
54116,4,2
30453,1,1
2286,5,0
23878,4,1
31581,3,1
3354,3,1
26536,4,1
12703,4,0
24605,8,0
10430,0,0
56225,5,1
39388,1,1
14090,3,0
53757,4,1
37212,0,1
4515,4,1
7390,4,2
35545,4,1
6242,3,1
17615,3,0
3730,3,1
26152,12,1
12367,0,0
54572,0,1
27080,4,2
46285,8,1
12969,4,0
35777,4,1
51232,0,0
9804,0,0
6070,3,1
26360,3,1
12155,13,0
3502,3,0
9038,4,2
54740,4,3
13087,4,0
10602,3,0
32552,4,1
20097,0,0
15370,5,0
39986,4,1
21145,0,0
4727,3,1
45400,4,2
1609,5,0
59403,3,0
53139,4,2
29774,0,1
3962,3,1
17847,4,1
9464,0,0
16995,4,2
12509,4,2
17249,3,0
47539,4,2
29546,3,1
9656,0,0
23840,4,0
18201,6,0
4975,3,1
56679,4,2
24259,4,0
38606,3,1
59631,8,0
4149,4,1
10850,3,0
26956,3,1
30833,0,1
27884,0,1
3708,3,1
18665,4,1
10408,3,0
1863,3,1
20893,4,0
39182,0,1
41098,3,1
56813,0,1
15348,3,0
12951,0,0
6048,0,1
13883,0,0
19585,3,1
6874,8,1
9000,4,0
35589,4,0
27870,0,0
8314,0,1
31129,8,1
43509,8,1
39344,3,0
1897,3,2
57109,0,1
25529,0,1
39176,0,1
40982,3,1
57935,4,3
16539,0,0
46249,0,1
13877,0,0
19571,3,1
12199,3,1
7952,3,0
6880,6,1
11378,0,0
41408,3,1
33028,0,1
25971,8,1
2844,3,1
50748,4,2
28652,4,1
29780,12,1
22368,3,0
3996,4,1
2078,3,0
8542,4,0
19115,3,1
28460,7,1
23088,12,0
43951,4,2
27428,3,0
19327,5,0
39720,8,1
11976,4,1
44348,0,1
14438,4,1
46282,0,1
9803,0,0
3505,4,0
12152,0,0
26367,0,1
13080,4,1
33487,0,1
32555,4,1
40949,3,1
45407,4,1
4720,3,1
21142,3,0
39981,4,1
59058,0,1
15377,4,1
10437,0,0
24602,0,0
32767,0,1
56222,5,1
37215,0,1
14097,3,0
53750,2,1
15145,0,0
4512,4,1
7397,4,2
35542,4,1
26969,3,1
17612,3,0
6245,3,1
19788,3,2
12360,0,0
26155,12,1
27087,0,1
54575,0,1
56646,0,0
5898,4,1
10053,3,1
24266,3,1
38639,3,1
15521,4,0
23043,13,0
17276,3,0
6621,4,1
51463,3,1
22191,4,0
9669,0,0
54111,4,2
12704,4,0
26531,4,1
31586,3,1
3353,3,1
6413,4,1
28699,0,1
17044,4,1
50783,4,2
16196,6,0
3161,4,1
8589,0,0
12536,5,0
26703,4,0
1636,4,0
10261,12,0
24054,3,0
4344,4,1
15713,4,0
5296,4,1
41605,0,0
11175,5,0
33225,8,1
11949,4,0
5050,4,1
58728,3,1
17282,3,0
34000,3,1
7707,1,0
16350,0,0
51497,1,1
22165,4,0
2275,3,0
27417,5,2
49468,4,1
22959,4,1
34232,3,1
50777,4,1
16162,4,0
22357,0,0
7535,3,1
46612,4,2
27625,7,1
13410,0,1
43360,4,1
2047,3,0
30692,4,2
11347,1,1
41437,4,0
33017,0,1
10295,4,1
16506,1,0
22733,4,0
35784,4,1
7151,0,0
46276,3,1
13848,3,0
6083,3,1
31324,0,1
13074,4,0
57136,12,1
25516,3,0
39149,0,1
59890,0,0
5606,4,1
44521,4,1
52444,8,2
39975,4,2
57304,4,2
33641,4,1
11511,4,2
5434,3,1
44713,4,1
14063,3,0
20256,3,0
7363,4,2
16734,4,0
22501,4,2
49830,4,2
47196,4,1
31116,7,1
43536,3,1
28807,0,1
2611,4,2
13246,1,0
54581,0,1
3763,3,1
26101,0,1
54521,4,0
9259,0,0
16794,0,0
6211,3,1
17646,4,3
30858,0,1
37241,4,1
5494,3,1
4546,4,1
15111,12,0
40313,4,2
10463,3,0
25784,5,1
44581,1,1
21116,3,0
15323,6,0
56878,4,2
4774,2,1
57196,0,1
32501,0,1
11783,3,1
12106,0,0
3551,4,2
42676,0,1
2483,3,0
30256,4,2
54713,8,0
9857,3,0
6023,3,1
15747,4,3
32959,3,1
52080,3,1
4310,3,1
53152,0,1
14695,12,0
1662,6,0
30632,3,1
3135,4,2
42212,0,1
23225,0,0
17010,4,2
18864,5,0
34292,5,1
6447,4,1
7595,4,1
3909,5,1
51605,12,0
13682,4,0
54145,4,3
3307,4,3
42020,4,1
47552,4,2
54979,0,1
6675,4,1
51437,3,1
4122,4,1
21740,4,0
15575,3,0
37625,3,1
33285,3,1
40777,4,1
10007,3,0
21586,1,1
52074,3,1
14661,0,0
32191,4,1
39579,4,2
57506,4,1
33043,0,1
13444,3,1
8529,4,1
28639,3,1
50723,8,1
34266,5,1
18890,0,0
7561,3,1
16136,3,0
27443,3,2
13676,4,0
26591,4,1
6681,4,1
34054,5,1
22131,4,0
7753,4,0
15581,3,0
14453,4,1
53394,0,0
20666,3,0
5004,10,1
33271,10,1
40783,4,1
5838,3,1
31142,0,1
3797,4,3
19728,0,1
27027,7,1
13212,4,3
28853,3,1
50949,1,1
46010,8,1
34430,3,1
50175,4,2
14037,0,2
20202,5,0
5460,4,1
44747,4,1
10497,3,0
25770,5,1
11545,0,1
20030,0,0
52410,8,2
4780,3,1
57162,3,1
41007,7,1
25542,3,1
11777,3,0
7939,3,0
55635,4,2
42682,0,1
2477,4,0
27215,7,1
16552,3,0
8971,4,0
22767,0,0
50347,0,1
59665,8,0
14498,4,0
10804,4,0
4921,3,1
39780,0,1
40748,4,2
38652,4,1
18255,0,1
9602,0,0
23814,4,0
48525,8,1
3338,3,1
35971,3,1
19387,4,1
54946,3,1
23028,0,0
51408,0,1
7798,3,0
9430,4,0
17813,4,0
6478,6,1
19989,3,0
3936,3,1
52883,8,0
45834,0,1
33088,4,2
12139,0,0
42649,0,1
8186,0,1
9054,4,0
48373,0,1
18403,4,0
6820,4,1
12905,4,0
9868,3,0
57995,8,0
5699,4,2
40922,6,1
38838,8,0
59033,4,2
21129,3,0
56847,1,1
21915,8,0
25589,8,0
4579,4,1
24669,4,0
56249,5,1
15912,0,0
18631,3,0
9266,0,0
50982,5,1
29176,7,1
26902,3,1
35529,4,1
47109,4,0
17679,4,2
30867,0,1
7906,3,0
19525,5,0
8172,4,2
48387,1,1
22758,0,0
50378,5,1
57961,8,0
20833,4,0
39122,13,0
58327,4,1
14008,3,0
44778,4,1
39310,4,2
8340,3,0
46813,10,1
19717,0,0
27018,1,1
29182,0,1
31941,4,1
7308,3,1
30893,12,1
11922,4,1
58743,3,0
5807,3,1
13649,4,0
34857,4,1
8724,0,0
35985,3,1
47599,4,2
19141,4,0
49631,8,1
28606,4,1
34259,2,1
25925,3,1
5209,3,1
33840,4,1
58571,7,1
52877,8,0
39546,4,1
44912,2,1
38494,3,1
20037,5,0
44572,4,1
57959,8,0
4787,7,1
52417,5,2
24497,0,0
57165,3,1
11770,3,0
41000,7,1
42685,0,1
55632,4,2
13027,4,2
27212,0,1
22760,0,0
16555,3,0
8976,4,0
50340,0,1
3790,4,1
8378,3,0
2642,4,0
28854,3,1
13215,4,3
27020,1,1
46017,0,1
7330,4,1
31979,4,1
50172,4,2
44740,4,1
5467,4,1
20205,5,0
14030,3,0
10490,0,0
39328,7,1
41232,4,1
11542,0,1
25777,5,1
2226,2,0
18299,0,0
13671,1,0
27444,3,0
26596,4,1
6686,3,1
34053,5,1
7754,4,0
22136,4,0
16303,0,0
15586,5,0
5003,7,1
14454,4,1
53393,0,0
11126,2,0
40784,4,1
52073,3,1
14666,0,0
5231,3,1
32196,0,1
33044,0,1
57501,4,1
13443,3,1
2014,3,0
49609,4,2
12591,3,0
18897,8,0
34261,3,1
50724,8,1
2828,4,1
22304,4,2
16131,3,0
7566,3,1
13685,4,0
54142,4,2
26562,4,0
12757,3,0
42027,4,0
3300,4,3
6672,4,1
47555,4,2
51430,0,1
15572,3,0
21747,4,0
4125,3,1
37622,3,1
20695,4,2
4919,3,1
10000,10,1
4317,3,1
15740,4,0
52087,3,1
30635,3,1
42215,3,1
3132,3,0
34295,5,1
18863,5,0
6440,4,1
17017,4,2
23222,0,0
51602,1,0
7592,4,1
44586,1,1
4773,5,1
15324,5,0
21111,3,0
40126,7,1
24463,4,0
10656,3,0
57191,3,1
11784,3,1
32506,4,1
42671,0,1
3556,4,2
12101,0,0
54714,8,1
6818,4,1
2484,3,0
30251,4,1
22794,3,0
8982,4,0
6024,3,1
26106,0,1
12333,1,0
3764,3,1
54526,4,0
18609,3,0
35511,4,1
16793,0,0
6216,3,1
37246,4,1
5493,3,1
15116,12,0
4541,3,1
10464,3,0
40314,4,2
25783,5,1
27649,3,1
16932,3,0
49636,10,1
19146,5,1
2817,4,1
7559,3,1
25922,3,1
58576,3,1
14659,12,0
33847,4,1
38493,3,1
40589,0,1
44915,3,1
11925,4,2
58744,3,1
41669,4,2
39773,0,1
11119,0,0
5800,3,1
33249,0,1
2219,4,0
34850,4,1
35982,3,1
8723,0,0
22109,4,0
5458,2,1
39317,3,1
46814,10,1
49060,4,1
31946,4,1
30894,12,1
34408,3,1
8175,4,2
7901,3,0
19522,5,0
13018,4,2
48380,12,1
8949,12,0
20008,3,0
57966,8,0
52428,8,2
39125,13,0
37279,3,1
15129,12,0
15915,0,0
11589,0,1
26139,12,1
51857,0,1
2689,3,1
9261,0,0
54519,4,0
18636,3,0
26905,3,1
29171,10,1
22599,3,0
30860,0,1
6229,3,1
3569,4,1
8181,0,1
18404,4,0
6827,4,1
48374,0,1
9053,4,0
29343,3,1
12902,4,0
23679,4,1
40925,1,1
57992,0,0
36199,3,1
59034,4,2
40119,3,1
10669,3,0
21912,8,0
17814,4,0
17028,4,3
3931,3,1
35378,4,1
4328,3,1
52884,8,0
59662,8,0
10803,0,0
4926,3,1
38655,4,1
48522,8,2
23813,4,1
9605,0,0
12768,0,0
34098,0,1
54941,3,1
14462,4,1
36732,1,1
5809,5,1
33240,0,1
32392,0,1
41660,0,1
11110,0,0
12795,3,0
2210,3,0
34859,4,1
22100,0,0
16335,0,0
34065,8,1
47597,4,2
26792,0,1
13475,4,2
27640,4,1
43305,0,1
22332,3,0
7550,3,1
6482,3,1
34257,2,1
28608,4,1
14650,3,0
36500,0,1
52045,9,1
40580,3,1
33072,3,1
52879,8,0
41452,4,1
27224,8,1
30293,3,1
3594,4,1
7908,3,0
34633,4,1
50376,4,1
9892,12,0
22756,0,0
8940,0,0
7134,2,0
36164,3,1
39910,4,1
52421,8,1
20001,3,1
44544,4,1
11746,3,1
25573,4,1
10694,3,0
57153,3,1
44776,4,1
5451,7,1
37284,3,1
20233,5,0
58329,4,1
14006,3,0
11574,0,1
24693,3,1
2674,3,1
13223,7,0
27016,1,1
19719,0,0
31173,3,1
17683,4,2
34401,3,1
46021,0,1
7306,8,1
54722,8,0
42647,0,1
8188,0,1
3560,4,2
12137,0,0
6012,0,1
9866,3,0
50382,5,1
23670,3,0
56849,1,0
4745,3,1
15312,4,0
21127,3,0
38836,8,1
5697,4,2
25587,8,0
40110,2,1
24455,4,1
10660,7,0
15120,12,0
4577,4,1
44782,4,1
53735,4,1
11580,0,1
56247,5,1
10452,3,0
40322,4,3
9268,0,0
2680,3,1
12305,0,0
3752,3,1
17677,4,2
30869,0,1
23442,0,0
6220,3,1
22590,7,0
29178,1,1
14496,4,0
15544,4,2
4113,4,1
41694,2,1
26554,4,0
19389,3,0
42011,4,1
3336,3,0
7796,3,0
51406,0,1
34091,3,1
54948,5,1
6644,4,1
47563,4,2
42223,3,1
3104,3,1
13481,4,0
30603,7,1
3938,3,1
19987,3,1
18855,3,0
6476,3,1
17021,4,2
23214,0,0
4321,3,1
40574,0,1
1653,4,1
33086,4,2
56411,4,3
50947,1,1
27029,5,1
19726,0,1
46822,4,2
8371,3,0
3799,3,1
23489,4,0
31970,4,1
44749,4,1
14039,0,2
39321,5,1
10499,3,0
56882,4,2
57950,4,3
41009,1,1
39113,3,1
20802,4,0
9091,4,2
2479,3,0
7937,3,0
13812,5,0
50349,0,1
22769,0,0
5238,4,1
25914,13,1
21588,3,1
57508,4,1
44923,1,1
39577,4,2
8527,4,1
49600,4,2
12598,3,0
19170,3,1
16138,3,0
34268,5,1
28637,4,1
2821,4,1
19342,6,0
13678,4,0
18290,0,0
43934,4,2
54983,2,1
20668,3,0
11913,4,1
5836,3,1
39745,7,1
15749,12,0
39583,4,1
19184,0,0
9401,4,0
17822,4,0
3907,2,1
29711,0,1
6449,4,1
35940,5,1
3309,4,3
23825,4,1
48514,3,1
9633,0,0
51439,3,1
54977,2,1
10835,3,0
59654,8,0
10009,3,0
38663,4,1
40779,4,1
4910,3,1
43598,3,1
9257,0,0
18600,4,0
8385,3,0
17648,4,3
30856,0,1
26933,3,1
29147,3,1
4548,4,1
1806,4,3
56876,4,2
21118,0,0
21924,8,0
57198,3,1
6811,4,1
9065,0,0
30258,4,2
42678,0,1
12108,0,0
9859,3,0
12934,3,0
3103,3,1
42224,3,1
30604,2,1
13486,0,1
19980,3,1
23213,0,0
17026,4,1
18852,3,0
6471,3,1
4326,3,1
24036,3,0
1654,4,0
33081,3,1
40573,0,1
14491,4,0
37613,3,1
4114,4,1
15543,4,2
40741,4,2
10031,3,0
24204,1,1
4928,3,1
41693,2,1
42016,4,1
12766,3,0
26553,4,0
51401,0,1
7791,3,0
47564,4,2
34096,3,1
6643,4,1
4570,4,1
15127,12,0
53732,4,2
44785,4,1
11587,0,1
56240,5,1
40325,4,0
10455,3,0
54517,4,0
18638,3,0
2687,3,1
3755,3,1
31180,13,1
47100,4,1
6227,3,1
17670,4,2
22597,3,0
30260,4,2
54725,0,0
6829,4,1
12130,0,0
26305,3,0
3567,4,1
42640,0,1
23677,4,1
50385,5,0
6015,0,1
35712,4,1
21120,5,0
15315,4,0
4742,4,1
5690,4,2
24452,4,1
14001,3,0
20234,3,0
5456,7,1
37283,3,1
44771,4,1
11573,0,1
39319,7,1
24694,3,1
27011,5,1
13224,5,0
28865,3,1
31174,3,1
8349,3,0
34406,3,1
17684,4,2
31948,4,1
7301,3,1
30294,3,1
27223,8,1
13016,4,2
3593,4,1
34634,4,1
7133,2,0
8947,12,0
22751,0,0
52426,8,2
5664,3,1
57968,8,0
20006,3,1
25574,4,1
11741,3,0
10693,3,0
57154,3,1
19148,3,1
26795,0,1
49638,3,1
43302,8,1
2025,3,0
13472,8,1
7557,7,1
35382,4,1
19974,3,1
50715,3,1
6485,3,1
34250,7,1
14657,12,0
33849,4,1
52042,9,1
57530,4,0
33075,3,1
40587,0,1
41455,4,1
44315,12,1
36735,3,1
33247,0,1
11117,0,0
41667,4,3
32395,0,1
12792,3,0
13640,4,2
16332,0,0
47590,4,2
34062,8,1
56871,4,2
44588,0,1
32508,4,2
21923,0,0
10658,3,0
40128,3,1
9062,0,0
6816,4,1
3558,4,2
23648,3,1
12933,3,0
54528,4,0
9250,0,0
8382,3,0
30851,0,1
26934,8,1
15118,12,0
37248,4,1
42029,4,1
12759,1,0
35947,0,1
18263,0,0
9634,0,0
48513,3,1
23822,4,1
10832,3,0
59653,8,0
38664,4,0
4917,3,1
24835,4,0
32950,4,1
52089,3,1
4319,3,1
39584,4,2
45802,4,0
19183,0,0
9406,3,0
17825,4,0
3900,3,1
17019,4,0
49435,4,0
26598,4,1
18297,0,0
34861,4,1
22138,4,1
6688,3,1
54984,2,1
43933,4,2
11914,4,1
15588,0,0
33278,1,1
5831,3,1
11128,2,0
39742,4,1
14668,0,0
25913,13,1
44924,1,1
39570,4,2
32198,0,1
19177,0,0
49607,4,2
16903,5,0
7568,3,1
2826,4,1
28630,2,1
18899,3,0
52419,8,2
41832,4,0
4789,3,1
56885,4,2
57957,8,0
20039,13,0
24499,0,0
20805,4,0
9096,4,0
7930,3,0
17489,4,0
13815,3,0
8978,4,0
46825,4,2
19721,0,0
34439,3,1
31977,4,1
46019,0,1
5469,4,1
25779,5,1
39326,13,1
5638,4,1
57934,4,3
40983,3,1
21188,4,1
57108,3,1
20866,4,2
39177,0,1
25528,0,1
7953,3,0
12198,3,0
19570,3,0
6881,3,1
46248,3,1
16538,0,0
31128,8,1
8315,3,3
46846,4,2
43508,8,1
35588,4,0
27871,0,1
58372,3,1
39345,3,0
27429,3,2
8771,4,0
19326,5,0
23089,12,0
43950,4,2
28461,5,1
11977,4,1
4980,7,1
39721,3,1
25970,3,1
33815,12,1
11379,3,0
44947,4,1
33029,0,1
19114,3,1
50749,4,2
2845,3,1
28653,4,1
19928,4,0
22369,12,0
29781,12,1
3997,4,2
18200,5,0
9657,0,0
23841,4,0
8785,6,0
54913,5,1
47538,4,2
17248,3,0
28495,2,1
29547,3,1
11983,4,0
4148,4,1
59630,8,0
10851,3,0
4974,0,1
38607,3,1
24258,4,1
53138,4,2
45861,0,1
1608,2,0
9465,0,0
17846,4,0
12508,4,2
16994,4,2
3963,3,1
40977,3,1
56812,0,1
20892,4,0
39183,0,1
26359,3,1
19584,3,0
9001,4,0
6875,8,1
12950,0,0
13882,0,0
6049,3,1
3709,3,1
9233,0,0
29123,4,1
26957,0,1
27885,0,1
30832,13,1
1862,3,1
10409,3,0
32759,0,1
30693,4,2
2046,3,0
27624,7,1
13411,0,1
50776,4,2
34233,3,1
7534,3,1
46613,4,1
16163,4,0
22356,0,0
52021,3,1
41436,4,0
11346,1,3
10294,4,0
33016,0,1
4183,4,1
11948,4,1
58729,3,1
44376,6,1
11174,5,0
33224,3,1
27416,5,2
2274,3,0
22958,4,1
49469,4,1
34001,3,1
17283,3,0
16351,0,0
22164,4,0
7706,3,0
14062,3,0
20257,3,0
5435,3,1
44712,4,1
21385,2,0
57305,4,2
11510,4,2
31117,3,1
13247,1,0
54580,0,1
28806,0,1
43537,3,1
2610,4,2
16735,4,0
49831,4,2
22500,4,2
7362,3,1
47197,4,1
31325,0,1
13075,4,1
7150,3,0
35785,4,1
46277,8,1
16507,1,0
22732,4,0
6082,3,1
13849,0,0
44520,4,1
39974,4,2
15382,4,0
52445,8,2
57137,12,1
59891,0,0
11722,0,1
14096,3,0
53751,2,1
4513,4,1
15144,0,0
10436,3,0
24603,0,0
56223,5,1
32766,0,1
12361,0,0
19789,3,2
26154,12,1
27086,4,2
54574,0,1
35543,4,1
7396,4,2
26968,3,1
6244,3,1
17613,3,0
12153,0,0
26366,0,1
3504,4,0
13081,4,0
46283,0,1
9802,3,0
6076,3,1
20091,5,1
40948,3,1
21143,3,0
15376,4,0
39980,4,1
59059,0,1
45406,4,1
4721,3,1
33486,8,1
32554,4,1
12537,2,0
26702,4,0
8588,0,0
3160,4,0
42247,3,1
28698,0,1
17045,4,3
6412,4,1
16197,3,0
36590,0,1
4345,4,1
10260,12,0
24055,3,1
1637,4,0
21715,4,2
15520,4,0
56647,0,0
38638,3,1
10052,7,0
5899,4,1
24267,0,1
54110,4,2
2280,3,0
3352,3,1
31587,3,1
12705,4,0
26530,4,3
6620,4,1
23042,12,0
17277,3,0
51462,3,1
22190,4,0
51802,8,1
42429,0,1
26950,3,1
46089,4,1
29124,4,0
30835,0,1
27882,0,1
1865,3,1
58381,3,1
40970,4,2
56815,0,1
4719,3,1
59061,0,1
20895,4,0
24409,4,1
39184,0,1
19583,3,1
6872,8,1
12957,4,0
13885,0,0
59405,3,0
44188,4,2
45866,4,1
10258,12,0
9462,0,0
17841,4,0
23248,4,0
3964,3,1
29772,0,1
23846,4,0
9650,0,0
54128,4,2
26508,12,0
8782,0,0
22994,2,1
28492,0,1
54914,3,1
6618,0,1
15518,4,0
59637,8,0
10856,3,0
4973,0,1
38600,3,1
4389,3,1
44940,4,1
24099,4,1
13429,3,1
43359,4,1
19113,3,1
2842,3,1
3990,3,1
29786,3,1
19321,5,0
8776,0,0
43957,4,0
34039,0,1
55832,8,1
16369,12,0
11970,3,0
39726,0,1
4987,8,1
19745,3,1
46841,4,2
2628,4,0
49809,4,2
27876,0,1
6288,4,1
58375,3,1
1891,3,2
38290,3,1
39342,4,1
40984,3,1
57933,3,1
44518,4,1
36138,4,1
39170,0,1
32598,3,1
7954,3,0
19577,3,1
27278,0,0
6886,6,1
7168,0,0
13871,0,0
15527,3,0
59608,8,0
4170,4,2
10869,3,0
56640,0,1
24260,4,1
2287,3,1
54117,4,2
18238,3,0
26537,4,2
12702,4,0
3355,3,1
31580,3,1
17270,3,0
23045,13,0
6627,4,1
22197,4,0
51465,8,1
42240,3,1
3167,4,1
26705,4,0
12530,3,0
6415,4,1
2889,4,2
17042,4,1
16190,6,0
4342,4,1
15715,4,0
5290,4,1
45859,0,1
24052,3,0
10267,4,0
3503,4,3
26361,3,1
12154,13,0
54741,4,1
13086,4,0
9039,4,2
46284,3,1
12968,4,0
6071,3,1
9805,0,0
20096,0,0
4726,3,1
45401,4,2
39987,4,3
15371,5,0
21144,3,0
32553,4,1
14091,5,0
21376,3,0
4514,4,1
24604,0,0
10431,0,0
56224,5,1
26153,12,1
42416,0,1
3731,3,1
54573,0,1
27081,4,2
7391,4,2
17614,3,0
34496,0,1
6243,3,1
31322,0,1
19548,5,0
13072,4,0
43702,3,1
22735,4,0
46270,3,1
7157,0,0
35782,4,1
6085,3,1
34650,4,1
5600,4,1
15385,4,1
52442,8,2
39973,4,2
41869,4,0
40187,0,1
57130,3,1
11725,3,0
59896,8,0
44715,4,1
5432,3,1
20250,3,0
14065,3,0
59298,0,0
21382,7,0
57302,4,2
33647,4,1
11517,4,2
31110,1,1
2617,3,1
43530,3,1
13240,6,0
54587,0,1
27075,4,2
7365,4,2
49836,4,2
16732,4,0
47190,4,1
27849,3,1
4184,4,1
36751,3,1
44371,3,1
14401,4,1
39719,3,1
41603,0,1
11173,5,0
2273,3,1
13624,7,1
27411,2,2
42086,4,1
31574,3,1
8749,0,0
17284,3,0
28459,7,1
34006,3,1
7701,3,0
22163,4,0
13416,0,1
27623,7,1
30694,4,2
2041,3,0
43366,4,1
3193,3,1
34234,3,1
22351,0,0
16164,4,1
46614,4,2
7533,7,1
36563,3,1
52026,9,1
14633,3,0
11341,1,1
10293,4,3
8586,0,0
42249,0,1
12539,3,0
18003,3,1
9454,0,0
3952,3,1
16199,3,0
28696,0,1
2880,4,1
45850,0,1
59601,8,1
4179,4,1
5897,4,1
24269,3,0
38636,3,1
56649,0,0
4945,3,1
31589,3,1
49493,4,1
23870,2,0
9666,0,0
18231,3,0
29576,4,1
17279,3,0
1853,3,1
14098,3,0
15976,0,0
32768,3,3
39380,1,1
10438,1,0
9202,4,0
27088,0,1
18655,4,0
19787,3,2
46883,4,0
3738,3,0
30803,0,1
7398,4,2
26966,0,1
9030,4,2
7996,3,0
26368,0,1
29320,3,1
12961,4,0
45408,4,2
15378,4,0
40946,3,1
33488,0,1
20259,3,0
15982,0,0
28808,0,1
43539,3,1
13249,12,0
19773,5,0
31119,3,1
8324,3,0
47199,4,1
26992,1,1
18493,4,0
7962,3,0
13847,3,0
16509,1,0
12995,4,0
46279,0,1
5609,4,3
39146,8,0
57139,12,1
49655,10,1
19125,4,0
2048,3,0
22358,0,0
28662,4,1
50778,4,3
2874,4,2
33824,4,1
58515,3,1
33018,0,1
11348,1,1
41438,4,0
58727,3,1
14408,4,1
11946,4,1
5863,3,1
8740,0,0
23884,4,0
9692,3,0
27418,5,2
34833,4,1
7708,1,0
55804,5,1
51498,1,1
29582,4,1
28450,2,1
15347,3,0
52480,5,2
21172,0,0
40979,3,1
38863,3,1
14295,3,0
32565,3,1
40145,5,1
24400,0,1
10635,4,0
27285,0,0
3535,3,1
26357,3,1
12162,13,0
9833,3,0
17410,4,0
23625,3,0
7195,3,0
13282,5,0
12350,0,0
3707,3,1
6275,3,1
26959,0,1
46080,4,1
4522,4,1
45605,4,1
53760,3,1
32757,4,0
24632,4,0
10407,0,0
33685,4,1
42044,4,1
3363,3,1
9659,0,0
54121,4,2
16394,0,0
51453,3,1
17246,3,0
23073,12,2
6611,0,1
47536,4,2
5094,3,1
15511,4,0
21724,4,2
4146,4,1
24256,4,1
10063,3,0
38609,3,1
53136,4,2
24858,0,1
4374,3,1
15723,4,3
11383,3,0
42276,4,1
3151,4,0
31784,3,1
12506,4,2
17848,3,0
22393,3,0
6423,4,1
23241,0,0
19328,5,0
2245,3,0
27427,7,2
46410,3,1
16360,0,0
34030,0,1
58718,0,0
14437,4,1
11979,4,0
10097,4,0
33215,3,1
11145,0,0
4380,3,1
33027,0,1
24090,5,0
11377,0,0
41407,3,1
13420,3,1
43350,4,1
22367,3,0
16152,4,0
46622,4,1
7505,3,1
34202,2,0
50747,4,2
36131,4,1
39945,4,3
52474,5,2
21186,4,0
44511,4,1
11713,0,1
25526,3,1
32591,10,1
39179,0,1
20868,4,1
57106,3,1
13044,4,2
27271,0,0
31314,0,1
12196,3,0
55651,4,2
13878,0,0
50323,0,1
22703,4,0
46246,0,1
2621,3,0
43506,3,1
31126,8,1
34454,4,2
7353,3,0
35586,4,1
16704,3,0
36303,3,1
44723,4,1
5404,4,0
20266,4,2
14053,0,0
53794,3,1
11521,3,0
40383,3,1
58720,3,1
11941,4,0
5864,4,2
39717,3,1
49460,4,1
42088,4,1
19310,4,0
34834,4,1
9695,3,0
16358,0,0
55803,5,1
34008,3,1
28457,5,1
19122,4,0
49652,3,1
43368,4,1
13418,0,1
58512,3,1
33823,4,1
52028,9,1
18494,4,0
7965,3,0
19546,5,0
12992,4,0
41867,4,1
44529,4,2
39141,8,1
59898,3,0
59296,0,0
11519,4,2
15985,0,0
33649,4,1
54589,0,1
2619,3,0
8323,3,0
27847,3,1
49838,4,2
26995,1,1
9037,4,2
13088,3,0
12966,4,0
39989,4,1
59050,4,2
4728,3,1
20098,0,0
40941,3,1
37813,0,1
1854,3,1
39387,1,1
15971,0,0
9205,4,0
42418,3,1
46884,4,0
12368,0,0
34498,3,1
30804,0,1
10867,3,0
15529,3,0
59606,8,0
38631,3,1
5890,3,1
4942,3,1
49494,4,1
26539,4,0
54119,4,2
18236,3,0
2289,3,0
9661,0,0
23877,4,1
29571,4,1
22199,4,1
54925,7,1
6629,4,1
8581,6,0
9453,0,0
18004,3,1
3955,3,1
2887,4,2
28691,0,1
10269,4,2
13271,4,2
43501,3,1
2626,4,0
31121,3,1
27878,0,1
6286,3,1
34453,4,2
22536,4,3
36304,3,1
14054,0,0
53793,3,1
20261,3,0
5403,4,1
44724,4,1
11526,3,0
41858,4,1
21181,4,1
52473,5,1
39942,4,1
36136,4,1
5631,4,1
44516,4,1
32596,3,1
11714,0,1
57101,3,1
27276,0,0
6888,3,1
19579,3,1
12191,0,0
55656,4,2
31313,0,1
50324,0,1
7166,0,0
46241,0,1
8912,4,0
22704,4,0
52017,5,1
4387,3,1
33020,0,1
41400,3,1
11370,5,0
16969,4,0
43357,4,1
9498,0,0
13427,3,1
7502,5,1
16155,4,0
29788,3,1
22360,0,0
50740,4,2
34205,2,0
31545,3,1
8778,0,0
27420,2,2
2242,3,0
16367,0,0
22152,4,1
7730,4,0
34037,0,1
28468,3,1
43959,4,1
14430,4,1
33212,3,1
4989,7,1
56685,8,0
39728,0,1
53131,4,2
15724,4,0
4373,3,1
10256,0,0
11384,0,0
12501,3,0
31783,3,1
42271,4,1
30651,2,1
22394,2,0
23246,4,0
6424,4,1
3364,3,1
42043,4,1
54126,4,2
23848,4,0
16393,0,0
51454,3,1
47531,4,2
6616,0,1
17241,3,0
53303,3,1
10858,3,0
5093,3,1
4141,4,1
21723,4,2
15516,4,0
59639,8,0
10064,3,0
24251,4,1
13285,7,0
54542,4,0
3700,3,1
42427,0,1
12357,0,0
26162,12,1
6272,3,1
17625,2,0
35575,4,1
46087,4,1
45602,4,1
4525,4,1
15172,3,0
53767,3,1
20295,3,0
37222,0,1
21175,4,0
15340,7,0
4717,3,1
38864,3,1
32562,12,1
10632,4,2
24407,0,1
40142,3,1
30235,4,1
27282,0,0
12165,5,0
3532,3,1
9834,3,0
6040,3,1
12959,4,0
7192,1,0
34635,4,1
23682,4,1
9894,12,0
8946,12,0
22750,0,0
7132,3,0
46215,4,1
27222,5,1
30295,3,1
3592,4,1
25575,4,1
11740,3,0
10692,3,0
57155,3,1
52427,8,2
20007,3,0
57969,8,0
5665,4,1
39318,3,1
11572,0,1
24695,4,1
37282,3,1
5457,2,1
44770,4,1
14000,6,0
20235,3,0
17685,4,2
7300,3,0
31949,4,1
27010,5,1
13225,5,0
8348,3,0
31175,3,1
33246,0,3
41666,0,1
32394,0,1
11116,0,0
36734,3,1
7764,3,0
16333,0,0
47591,4,2
34063,8,1
12793,3,0
13641,4,2
22334,3,0
19975,3,0
35383,4,1
7556,3,1
34251,7,1
6484,3,1
50714,3,1
49639,3,1
19149,3,1
26794,0,1
27646,3,1
13473,4,2
43303,8,1
2024,3,0
33074,3,1
40586,0,1
57531,4,0
11324,12,0
41454,4,0
14656,3,0
33848,4,1
5201,3,1
52043,9,1
10030,3,0
40740,4,1
41692,4,2
39788,0,1
4929,10,1
14490,4,0
15542,4,2
7790,3,0
51400,0,1
47565,4,2
6642,4,1
34097,3,1
26552,4,1
3330,3,1
42017,4,1
19981,3,1
6470,4,1
23212,0,0
17027,4,3
3102,3,1
42225,3,1
13487,0,0
30605,2,1
33080,3,1
40572,0,1
24037,3,0
4327,3,1
6014,0,1
23676,4,1
50384,5,1
9860,3,0
35713,4,1
54724,8,0
30261,4,2
3566,4,1
42641,0,1
12131,0,0
24453,4,1
4743,4,1
21121,0,0
15314,4,0
38830,8,1
5691,4,2
11586,0,1
56241,5,1
10454,3,0
4571,4,2
44784,4,1
17671,4,2
47101,4,0
6226,3,1
35521,4,2
22596,3,0
2686,3,1
18639,3,0
54516,4,0
12303,0,0
26136,12,1
31181,3,1
3754,3,1
44925,12,1
32199,0,1
39571,4,2
14669,0,0
25912,13,1
7569,3,1
18898,0,0
2827,4,2
28631,2,1
49606,4,2
16902,3,0
19176,0,0
22139,4,1
43932,4,2
54985,2,1
26599,4,1
22905,12,1
49434,4,0
2229,3,0
34860,4,1
18296,0,0
5830,3,1
33279,1,1
39743,3,1
11129,2,0
11915,4,1
34438,3,1
46018,0,1
31976,4,1
30098,1,2
46824,4,2
19720,0,0
39327,13,1
25778,5,1
5468,4,1
20804,4,0
24498,0,0
56884,4,2
4788,3,1
52418,8,2
41833,4,0
20038,5,0
57956,8,0
13814,3,0
8979,4,0
13028,4,2
9097,4,0
7931,2,0
30850,0,1
6219,3,1
26935,8,1
9251,0,0
54529,4,0
8383,3,0
15119,12,0
37249,4,1
59838,0,1
32509,4,1
21922,8,0
40129,0,1
56870,4,2
23649,3,1
12932,3,0
6817,4,1
9063,0,0
3559,4,2
45803,4,0
39585,4,2
4318,3,1
32951,4,1
52088,3,1
3901,10,1
17018,4,2
19182,0,0
17824,4,0
9407,4,0
54971,8,1
12758,1,0
42028,4,0
9635,0,0
23823,4,1
48512,3,1
18262,0,0
38665,4,1
4916,3,1
10833,3,0
59652,8,0
21748,4,0
11581,0,1
40323,4,1
24666,4,1
10453,3,0
4576,4,1
15121,12,0
53734,4,1
44783,4,1
47106,4,2
17676,4,2
30868,0,1
22591,5,0
2681,3,1
9269,0,0
3753,3,1
12304,0,0
50383,5,1
9867,3,0
23671,3,0
6013,0,1
35714,4,1
54723,8,1
26303,3,1
12136,0,0
42646,0,1
3561,4,2
8189,0,1
24454,4,1
10661,7,0
15313,4,0
21126,0,0
4744,3,1
5696,4,2
38837,8,0
3939,3,1
17020,4,2
23215,0,0
6477,6,1
18854,3,0
42222,0,1
3105,3,1
30602,7,1
13480,4,3
40575,0,1
33087,4,2
56410,4,1
32969,3,1
4320,3,1
24202,1,1
10037,4,0
41695,7,1
14497,4,0
4112,4,1
15545,4,2
51407,0,1
7797,4,0
6645,4,1
34090,4,0
54949,5,1
47562,4,2
23027,0,0
42010,4,1
3337,3,1
26555,4,0
19388,3,1
12760,1,1
35384,4,1
7551,3,1
50713,3,1
34256,2,1
6483,4,2
26793,0,1
2023,3,0
43304,0,1
13474,4,0
40581,0,1
33073,3,1
52878,8,1
41453,4,0
11323,1,0
14651,3,0
52044,9,1
36501,0,1
33241,0,1
5808,3,1
11111,0,0
32393,0,1
41661,0,1
44313,12,1
36733,3,1
22101,4,0
16334,0,0
7763,3,0
34064,8,1
47596,4,2
12794,3,0
13646,4,0
34858,4,1
2211,4,0
11575,0,1
24692,1,0
20232,5,0
14007,3,0
58328,4,1
44777,4,1
37285,3,1
5450,7,1
34400,3,1
50145,4,2
17682,4,2
46020,0,1
7307,3,1
13222,7,0
27017,1,1
2675,3,1
28863,3,1
31172,3,1
19718,0,0
50377,4,1
34632,4,1
7135,3,0
22757,0,0
8941,0,0
30292,3,1
48388,1,1
27225,8,1
7909,3,0
3595,4,1
31340,1,1
25572,4,1
57152,3,1
52420,8,2
44545,4,1
5662,3,1
20000,3,1
51438,3,1
54976,8,1
3308,4,3
35941,5,1
18265,0,0
48515,3,1
23824,4,1
9632,0,0
38662,4,1
40778,4,1
10008,3,0
4911,3,1
10834,3,0
59655,8,0
39582,4,2
45804,4,1
15748,12,0
3906,2,1
6448,4,1
19185,0,0
17823,4,0
9400,4,0
21925,0,0
57199,0,1
21119,5,0
56877,4,2
38808,3,1
9858,3,0
12935,3,0
30259,4,2
9064,0,0
6810,4,0
12109,0,0
42679,0,1
17649,4,1
30857,0,1
31985,4,1
26932,3,1
18601,4,0
9256,0,0
51860,0,0
8384,3,0
4549,4,1
1807,3,0
41008,1,1
11778,3,0
41834,4,3
56883,4,2
50348,0,1
13813,3,0
22768,0,1
2478,3,0
9090,4,2
19515,5,0
7936,3,0
31971,4,1
27028,5,1
50946,1,2
3798,4,3
19727,0,1
46823,4,2
39320,7,1
10498,3,0
14038,0,0
44748,4,1
54982,2,1
43935,4,2
49433,4,1
18291,0,0
13679,4,3
5837,3,1
39744,3,1
20669,3,0
11912,4,1
57509,4,0
44922,7,1
39576,4,2
5239,4,1
21589,5,1
25915,13,1
16139,3,0
28636,4,1
2820,4,1
34269,5,1
19171,5,0
12599,3,0
8526,4,1
16905,5,0
49601,4,2
24006,0,1
15741,4,0
52086,3,1
4316,3,1
14693,12,0
17016,4,2
23223,0,0
6441,4,1
18862,3,0
34294,5,1
7593,4,1
51603,12,0
30634,7,1
42214,3,1
6673,4,1
47554,4,2
51431,0,1
13684,4,0
54143,4,2
42026,4,1
3301,4,3
26563,4,1
4918,3,1
33283,1,1
24234,0,0
10001,10,1
4124,3,1
15573,3,0
37623,3,1
16792,0,0
6217,3,1
3765,3,1
26107,0,1
54527,4,0
43590,3,1
40315,4,1
10465,3,0
25782,5,1
5492,3,1
37247,4,1
4540,3,1
15117,12,0
24462,4,0
57190,0,1
40127,8,1
32507,4,2
11785,3,1
44587,1,1
15325,3,0
21110,5,0
4772,3,1
22795,3,0
8983,4,0
23647,3,1
6025,3,1
12100,0,0
42670,0,1
31382,3,1
3557,4,2
30250,4,1
2485,3,0
6819,4,1
54715,8,0
31978,4,1
46016,0,1
7331,4,2
34436,3,1
50173,4,2
8379,3,0
3791,3,1
31144,3,1
13214,4,0
27021,1,1
28855,3,1
10491,3,0
11543,0,1
25776,5,1
39329,7,1
41233,4,1
20204,5,0
14031,3,0
44741,4,1
5466,4,1
24496,0,0
57164,3,1
41001,7,1
11771,3,0
25544,3,1
44573,4,1
57958,8,1
5654,4,1
20036,5,0
52416,5,2
4786,7,1
22761,0,0
8977,4,0
16554,3,0
50341,0,1
55633,4,2
42684,0,1
9099,7,0
13026,4,2
27213,0,1
32197,0,1
11315,1,0
57500,4,1
33045,0,1
52072,3,1
21580,3,1
5230,3,1
14667,0,0
50725,4,2
34260,3,1
18896,8,0
7567,3,1
22305,4,2
16130,3,0
2015,3,0
43332,0,1
13442,3,1
12590,3,0
49608,4,2
34052,5,1
6687,3,1
22137,4,0
7755,3,0
18298,0,0
27445,3,2
2227,4,0
26597,4,1
40785,4,1
33277,1,1
15587,0,0
53392,0,1
5002,7,1
12903,4,0
8180,0,1
3568,3,1
48375,0,1
9052,4,0
6826,4,1
18405,4,1
40118,3,1
21913,0,0
57993,8,0
40924,1,1
59035,4,2
11588,0,1
15914,0,0
1831,4,0
37278,3,1
15128,12,2
22598,3,0
29170,3,1
26904,3,1
6228,3,1
30861,0,1
26138,12,1
18637,3,0
54518,4,0
9260,0,0
2688,3,1
4927,3,1
39786,0,1
38654,4,0
59663,8,0
10802,0,0
34099,3,1
54940,3,1
23812,4,1
48523,8,2
9604,0,0
42019,4,1
12769,3,0
17029,4,3
3930,3,1
17815,4,0
13489,3,0
52885,8,0
45832,0,1
24039,3,1
59451,0,0
4329,3,1
24805,4,3
11118,0,0
41668,4,2
33248,0,1
5801,3,1
11924,4,1
34851,4,1
2218,4,0
8722,0,0
35983,3,1
28600,4,1
7558,3,1
27648,3,1
19147,3,1
16933,3,0
49637,3,1
44914,2,1
38492,3,1
40588,0,1
25923,3,1
14658,12,0
33846,4,1
58577,3,1
8948,12,0
19523,5,0
13019,4,2
39124,13,0
57967,8,0
20009,3,0
52429,8,2
39316,3,1
5459,4,1
31947,4,1
29184,0,1
34409,3,1
30895,12,1
8346,4,0
49061,4,1
19711,0,0
46815,3,1
34055,5,1
6680,4,1
7752,3,0
22130,4,0
2220,4,0
27442,3,2
13677,4,0
26590,4,1
5839,3,1
33270,10,1
40782,4,1
5005,10,1
14452,4,1
53395,0,0
20667,3,0
11312,12,0
39578,4,2
32190,4,1
33042,0,1
57507,4,1
21587,1,0
52075,3,1
14660,0,0
18891,0,0
34267,5,1
28638,4,1
50722,8,1
16137,3,0
7560,2,1
13445,3,1
43335,4,1
2012,3,0
8528,4,1
12597,3,0
57163,3,1
25543,3,1
11776,3,0
41006,7,1
20031,0,0
4781,3,1
52411,8,2
8970,4,0
16553,3,0
22766,0,0
17481,4,0
50346,0,1
31371,3,1
42683,0,1
55634,4,1
7938,3,0
27214,7,1
46011,8,1
50174,4,2
3796,3,1
31143,3,1
49059,4,1
28852,3,1
50948,1,2
27026,7,1
13213,4,3
10496,3,0
41234,7,1
25771,5,1
11544,0,1
5461,4,1
44746,4,1
14036,0,0
20203,5,0
40120,3,1
10650,0,0
57197,0,1
38806,3,1
44580,1,1
4775,2,1
56879,4,2
21117,0,0
15322,6,0
8984,4,0
22792,3,0
35725,4,1
6022,3,1
9856,3,0
31385,3,1
3550,4,2
42677,0,1
12107,0,0
54712,8,0
30257,4,2
2482,3,0
17647,4,3
30859,0,1
3762,3,1
9258,0,0
54520,4,0
10462,3,0
40312,4,3
25785,5,1
5495,3,1
37240,4,1
1809,3,0
15110,12,0
4547,4,1
47553,4,2
6674,4,1
54978,2,1
51436,3,1
13683,4,0
54144,4,2
12751,1,0
3306,4,3
42021,4,1
10006,3,0
24233,0,0
33284,3,1
40776,4,1
21741,4,0
15574,3,0
4123,4,1
37624,3,1
4311,3,1
15746,4,3
32958,3,1
52081,3,1
14694,12,0
6446,4,1
34293,5,1
18865,5,0
23224,0,0
17011,4,2
51604,1,0
3908,2,1
7594,4,1
35341,4,1
30633,3,1
3134,4,2
42213,3,1
39311,4,1
44779,4,1
14009,3,0
58326,4,1
7309,3,1
30892,12,1
19716,0,0
8341,3,0
27019,1,1
22759,0,0
50379,5,1
19524,5,0
7907,3,0
48386,1,1
36957,4,1
39123,13,0
57960,8,1
45499,5,1
34258,2,1
28607,4,1
49630,8,1
19140,4,0
39547,4,1
52876,8,0
44913,2,1
25924,3,1
58570,3,1
33841,4,1
5208,3,1
39775,0,1
5806,3,1
11923,4,1
58742,3,1
43904,0,1
47598,4,2
13648,4,0
34856,4,1
35984,3,1
19372,4,2
8725,0,0
6479,3,1
29721,0,1
3937,3,1
19988,3,0
17812,3,0
9431,4,1
45835,0,1
52882,8,1
32967,3,1
39781,0,1
4920,3,1
10039,4,0
40749,4,2
38653,4,1
59664,8,0
10805,0,0
14499,4,0
23029,0,0
54947,3,1
7799,4,0
51409,0,1
9603,0,0
48524,8,1
23815,4,0
18254,0,0
35970,3,1
3339,3,1
24668,4,1
15913,0,0
56248,5,1
1836,4,0
4578,4,1
26903,3,1
29177,7,1
17678,4,2
30866,0,1
47108,4,0
50983,8,1
9267,0,0
18630,3,0
29345,3,1
12904,4,0
9869,3,0
42648,0,1
8187,0,1
12138,0,0
6821,4,1
18402,4,0
9055,4,0
48372,0,1
25588,8,0
21914,8,0
40923,1,1
38839,8,1
5698,4,2
57994,8,0
56846,1,0
59032,4,2
21128,3,0
1944,3,0
59372,0,1
38345,3,1
39297,4,2
15861,4,0
19690,0,0
12278,0,0
18742,3,0
26871,3,1
34588,8,1
30914,0,1
7881,4,1
9127,4,0
18570,3,0
13198,4,0
6953,3,1
12876,4,0
35668,4,1
29237,4,1
17538,0,0
47248,4,1
20188,0,0
39899,4,1
41983,3,1
56934,4,2
4638,4,1
24528,0,0
9543,3,0
17960,4,0
3079,3,1
8491,3,0
29653,0,1
3845,3,1
32815,4,2
45947,3,1
44895,3,1
10379,3,0
40409,3,1
53822,0,0
45349,4,1
59716,8,1
37769,0,1
11099,13,0
4852,4,1
5980,0,1
18326,0,0
2399,4,2
9771,6,0
48456,3,1
23967,3,0
49584,4,2
35802,4,1
6739,4,1
43882,4,1
17994,2,0
13508,3,0
19032,4,2
31658,0,1
8465,3,0
2963,4,0
28775,0,1
52138,3,1
25856,0,1
24984,3,1
52904,8,0
44861,3,1
11851,4,1
5148,3,1
39607,4,2
5974,0,1
34924,5,1
9785,2,1
22841,4,1
42198,0,1
19200,0,0
34118,7,1
28547,3,1
43876,4,1
16248,4,0
33759,3,1
11409,3,0
15895,4,0
39263,4,2
41379,3,1
19664,3,0
49928,8,0
26885,3,1
7875,7,0
19456,3,1
27359,3,0
7049,0,1
12882,4,0
13950,3,1
57812,8,1
14349,4,2
41977,7,1
40099,3,1
20940,4,0
59988,8,0
21892,0,0
36825,0,1
18319,0,1
48469,8,1
43081,2,1
3274,3,1
42153,3,1
12623,3,0
6706,3,1
23164,3,0
16283,3,0
45376,4,1
4051,3,1
15406,4,0
5183,3,1
32224,0,1
40604,0,1
10174,4,0
24341,3,0
21401,3,0
15634,3,0
4263,3,1
53021,8,0
11294,1,3
57481,4,1
10346,3,0
24173,0,0
40436,3,1
2194,3,0
30741,6,1
26624,4,1
3046,3,1
31693,4,1
17163,0,0
47613,4,2
18917,0,0
6534,3,1
35233,4,1
22284,4,2
53445,4,1
38974,0,1
15250,4,0
10722,3,1
24517,0,0
41180,3,1
59943,4,0
12075,0,0
26240,7,1
3422,3,1
42705,4,2
9118,4,0
30325,3,1
27392,3,1
12849,8,0
35657,4,1
17507,3,0
34785,4,1
6150,4,1
3610,4,1
42537,0,1
12247,0,0
26072,0,1
13395,0,1
30117,3,1
35465,4,0
47045,12,1
6362,4,1
23500,4,1
17735,4,1
4435,3,1
15062,4,0
40260,0,1
10510,3,0
32640,3,1
5721,3,1
44406,4,0
38980,0,1
14376,4,2
20143,0,1
21091,4,1
39852,3,1
57011,4,2
33554,0,1
11604,0,1
19469,0,0
12081,0,0
43623,3,1
2504,4,0
6998,3,3
13153,3,0
54694,0,0
46351,0,1
16421,3,0
8802,0,0
22614,3,0
47283,3,1
26086,0,1
27154,0,1
13361,4,0
43411,4,1
16613,12,0
49917,8,0
7244,4,0
35491,4,1
6396,4,1
34543,4,2
20371,5,0
5513,3,1
44634,3,1
15096,0,0
33766,4,1
40294,4,0
11436,3,0
41346,1,1
13705,3,0
43075,5,1
30587,3,1
31455,3,1
3280,3,1
22042,0,0
45382,4,2
14520,0,0
20715,4,2
5177,3,1
4899,3,1
56795,1,1
11052,0,0
41722,4,2
39638,4,1
33302,3,1
10180,4,0
52107,0,1
4297,3,1
36442,4,1
5345,4,0
14712,0,2
11260,10,1
57475,4,1
24187,4,1
33130,4,2
2160,3,3
9588,0,0
13537,4,0
42395,3,1
50650,2,2
17197,5,2
34315,3,1
7412,0,1
19831,0,0
16045,0,0
16419,3,0
12885,4,0
13957,3,1
34749,4,1
28316,4,2
5719,3,1
57815,3,0
41970,3,1
20947,4,0
57029,3,1
21895,0,0
20349,0,0
59381,0,1
14940,7,0
39264,4,2
15892,4,3
19663,3,1
13359,4,0
26882,3,1
47089,4,2
11856,4,0
14518,0,0
39600,4,1
5973,0,1
9782,7,0
34923,5,1
22846,4,1
49577,4,2
43871,4,1
28540,6,1
51588,1,1
17993,2,0
2158,3,3
8462,3,0
19035,4,2
28772,0,1
50668,2,0
2964,4,0
22248,4,0
19809,5,0
25851,0,1
33934,3,1
11258,3,0
52903,8,0
33108,4,2
44866,3,1
4069,4,1
4855,4,1
5987,0,1
24379,0,0
48451,3,1
9776,2,0
18321,0,0
49583,4,2
43885,4,1
35039,0,1
17967,4,0
30779,0,1
8496,10,0
12429,4,0
28786,0,1
3842,4,1
32812,4,2
53019,8,0
5389,4,1
24977,3,1
1729,4,3
53825,8,0
44892,3,1
26278,3,1
18577,3,0
6954,3,1
9120,4,0
29230,4,1
12871,4,3
6168,3,1
56933,4,2
41984,3,1
15268,4,0
59147,4,0
59375,0,1
38342,3,1
40258,0,1
15866,4,3
39290,4,2
19697,0,0
3628,4,2
27198,8,1
18745,3,0
7288,3,0
26876,3,1
30913,0,1
4290,3,1
36445,4,3
52100,0,1
14715,0,0
5342,4,1
37597,3,1
11267,12,0
33137,4,2
24180,4,1
44859,3,1
2167,0,1
43240,4,1
42392,3,1
31660,0,1
50657,7,2
17190,0,2
22277,4,2
16042,0,0
3889,3,1
46732,7,1
7415,0,1
19836,0,0
13702,4,0
27537,0,1
31452,3,1
3287,3,1
23197,0,0
34120,4,1
22045,0,0
11869,4,1
45385,4,2
5170,3,1
14527,0,0
41725,4,2
11055,0,0
10187,0,0
33305,3,1
46958,4,0
31036,3,1
28927,3,1
13366,4,0
27153,0,1
7243,4,0
35496,4,2
16614,12,0
6391,4,1
44633,3,1
5514,3,1
20376,6,0
1988,3,0
15091,0,0
36213,3,1
40293,4,0
33761,3,1
38389,3,1
11431,3,0
20144,0,0
14371,4,2
38987,3,1
44401,4,0
5726,4,1
39855,3,1
33553,0,1
11603,0,1
12086,0,0
13154,3,0
54693,0,1
27361,3,0
2503,4,0
43624,3,1
22613,3,0
16426,3,0
8805,0,0
13968,4,0
47284,3,1
28329,4,2
26075,0,1
42530,0,1
3617,3,1
13392,0,1
35462,4,1
17732,4,0
47042,12,1
20382,0,0
15065,4,1
4432,3,1
24722,4,0
10517,4,0
40267,3,1
15859,4,0
32647,3,1
38973,0,1
14385,4,2
53442,4,1
15257,4,0
59178,4,1
40055,3,1
24510,0,0
59944,4,3
32475,3,1
3425,3,1
12072,0,0
18548,4,2
30322,3,1
48238,3,1
35650,4,1
6157,3,1
17500,3,0
4264,3,1
15633,3,0
21406,3,0
53026,8,0
24948,3,1
37563,8,1
11293,1,0
40431,8,1
24174,0,0
10341,3,0
2193,7,0
30746,0,1
42366,0,1
31694,0,1
26623,4,1
18910,4,3
47614,4,2
17164,0,0
35234,4,0
26411,0,1
12624,3,0
3273,3,1
17356,4,3
23163,3,0
6701,3,1
16284,3,0
15401,4,0
4056,3,1
45371,4,1
37751,0,1
5184,3,1
32223,0,1
24346,2,0
10173,4,0
40603,0,1
22870,4,1
48493,10,2
30589,3,1
34915,5,1
42995,4,1
5179,3,1
11860,4,0
5945,0,1
39636,4,1
4897,3,1
4299,3,1
52109,0,1
24189,4,1
44850,3,1
45982,3,0
52935,8,1
8454,3,0
49773,0,1
19003,5,1
13539,4,3
43249,1,1
3880,3,1
29696,0,1
28744,0,1
17199,5,2
59185,4,1
14378,4,2
57823,3,0
44408,4,1
36814,0,1
27368,3,0
6996,3,3
8030,2,0
7844,4,0
13961,5,0
28320,4,2
2738,3,1
19655,3,1
26088,0,1
8202,3,1
6398,4,1
49919,8,0
15098,0,0
1981,7,0
41348,1,1
39252,4,2
11438,3,0
33768,4,1
56905,4,2
37932,0,1
24519,0,0
18541,4,2
6962,0,1
9116,4,0
47279,4,1
13995,6,0
17509,3,0
12847,3,0
35659,4,2
30119,3,1
12249,0,0
42539,0,1
29808,0,1
30925,10,1
15850,4,0
26418,0,1
22884,4,1
48467,8,1
23956,0,0
18317,0,1
6708,0,1
37758,0,1
15408,4,0
45378,4,1
11894,4,1
4863,3,1
24941,3,1
25893,3,1
32824,4,2
38522,4,1
53813,0,0
10348,3,0
45976,3,1
3048,3,1
3874,3,1
18919,0,0
59388,4,1
36225,4,1
20340,3,1
41377,3,1
11407,0,0
57212,1,0
14949,3,0
33757,3,1
2707,8,1
43420,1,1
13350,1,0
27165,0,1
12282,0,0
34572,8,1
47080,12,0
7275,3,0
49926,8,0
16622,12,0
27357,3,0
26285,3,1
6195,3,1
22625,5,0
8833,5,0
46360,0,1
7047,4,1
35692,4,1
39863,3,1
41979,3,1
20172,0,0
14347,4,0
44437,4,1
5710,4,1
59986,8,0
40097,3,1
33565,3,1
31656,0,1
13506,3,0
30784,0,1
2151,3,3
22241,4,1
7423,0,1
19800,3,0
34324,3,1
50661,2,1
14723,0,0
5374,4,1
36473,0,1
52136,3,1
33101,4,2
57444,3,1
5146,3,1
37793,0,1
14511,0,0
4094,3,1
24384,0,0
39609,4,2
41713,4,3
11063,0,0
42196,3,1
31464,5,1
43044,7,1
13734,0,0
22073,0,0
16246,4,0
28549,3,3
43878,4,1
34116,5,1
42350,13,1
3077,3,1
26615,4,1
12420,4,0
60000,0,0
30770,0,1
18926,3,0
6505,4,2
47622,4,0
17152,6,0
53010,8,0
5380,4,1
36487,4,1
4252,3,1
15605,3,0
40407,3,1
10377,3,0
45949,3,1
37767,0,1
21602,5,2
4060,3,1
45347,4,1
24370,0,0
10145,4,0
32215,0,1
11097,3,0
12612,3,0
3245,4,0
2397,4,2
48458,7,0
23969,3,0
23155,3,0
15053,4,1
4404,3,3
45723,0,1
39299,4,2
41383,3,1
24714,4,0
27191,0,0
26043,0,1
29837,0,1
3621,4,1
17704,4,0
34586,8,1
6353,4,1
47074,12,0
35454,3,1
7281,3,0
13196,4,0
9129,4,0
30314,3,1
26271,3,1
55783,4,0
12044,1,0
6161,3,1
47246,4,1
17536,0,0
29239,4,1
46394,0,1
12878,4,0
35666,4,1
4636,4,1
39897,4,1
15261,4,0
20186,0,0
38945,3,1
37131,0,1
59972,8,0
21868,3,0
24526,0,0
10713,5,2
24946,3,1
21408,3,0
25894,3,1
57488,4,0
53814,8,0
38525,4,1
49780,5,1
30748,0,1
29665,0,1
3873,3,1
22883,4,2
18310,3,0
23951,5,0
48460,7,1
11893,4,1
4058,3,1
38717,0,1
4864,3,1
9323,4,1
3619,4,1
30922,10,1
1972,3,0
15857,4,3
32649,7,1
40269,3,1
14985,5,0
15259,4,0
59176,4,0
56902,4,2
37935,3,1
9111,4,0
18546,4,2
6965,3,1
13992,4,0
6159,3,1
12840,3,0
13368,4,0
28929,3,1
31038,3,1
8205,3,1
19652,3,0
20378,5,0
1986,3,0
39255,4,2
5728,4,1
57824,12,0
38989,3,1
39067,3,1
6991,3,1
7843,4,0
12088,0,0
13966,3,0
16428,3,0
37599,3,1
44857,3,1
33139,3,1
39403,0,1
11269,3,0
45985,8,1
19004,6,1
49774,0,1
8453,3,0
2169,0,1
19838,0,0
3887,3,1
50659,7,2
28743,0,1
22877,4,1
3289,3,1
34912,5,1
27539,0,1
48494,1,2
42992,4,3
7629,3,0
23199,0,0
28571,3,1
14529,3,0
11867,4,0
5942,4,1
10189,0,0
4890,3,1
39631,4,1
30313,3,1
13191,4,0
55784,4,3
12043,0,0
7888,3,0
26276,3,1
3414,3,1
42733,4,1
47241,4,1
6166,3,1
35661,4,1
46393,0,1
15266,4,0
59149,4,0
39890,4,0
4631,4,1
38942,0,1
20181,0,0
59975,8,0
32444,7,2
10714,2,1
24521,0,0
40064,3,1
45724,0,1
4403,3,1
15054,4,1
41384,0,1
15868,4,0
40256,0,1
27196,8,1
30121,3,1
3626,4,1
12271,0,0
19699,0,0
26044,0,1
47073,12,0
34581,8,1
35453,3,1
7286,3,0
26878,3,1
37760,0,1
44292,0,1
45340,4,1
4067,4,1
40632,0,1
10142,4,0
24377,0,0
11090,0,0
32212,0,1
3242,4,0
42165,3,1
12615,3,0
9778,3,0
2390,4,2
22080,0,0
35037,13,1
23152,0,2
12427,4,0
26612,4,1
8498,10,0
3070,3,1
17969,4,0
30777,0,1
17155,0,0
47625,4,2
18921,0,0
6502,4,2
5387,4,1
53017,8,0
15602,5,1
36480,4,3
10370,3,0
1727,4,2
40400,3,1
14516,0,0
5141,3,1
37794,0,1
4093,3,1
11858,4,1
24383,0,0
11064,0,0
41714,4,2
31463,3,1
22848,4,1
49579,4,2
13733,0,0
43043,0,1
51586,1,1
22074,0,0
34111,3,1
3084,3,1
30783,0,1
2156,3,3
13501,3,0
7424,0,1
19807,3,2
22246,4,1
50666,2,1
34323,3,1
5373,4,1
52131,8,1
36474,0,1
57443,3,1
44868,3,1
33106,4,2
11256,3,1
43615,0,1
27350,3,0
13165,4,0
26282,3,1
31235,3,1
28318,4,2
6192,3,1
13959,3,0
34747,4,1
7040,4,1
35695,4,1
46367,0,1
16417,3,0
8834,12,1
22622,3,0
39864,3,1
52555,1,1
5717,3,1
14340,4,1
20175,0,0
59981,8,0
11632,0,0
33562,3,1
20949,4,0
36222,4,1
20347,5,0
5525,4,1
33750,0,1
57215,7,0
13357,4,0
2700,3,1
12285,12,0
47087,4,0
34575,3,1
50030,2,1
16625,3,1
49921,8,0
7272,3,0
17757,4,2
30949,3,1
47027,0,0
6300,3,1
35407,4,1
43487,0,1
9348,7,0
12225,3,1
3672,4,1
42555,0,1
32622,3,0
10572,5,0
21235,0,0
15000,3,0
4457,3,1
36282,5,1
5585,4,1
1919,4,0
11692,0,0
32410,13,1
59921,0,1
40030,3,1
57087,10,1
10740,4,2
56969,4,2
15232,4,0
53427,0,0
47215,4,1
6132,3,1
17565,0,0
9946,5,0
51370,3,1
35635,4,1
30347,3,1
31295,3,1
3440,3,1
12017,0,0
40454,4,2
10324,3,0
24111,4,1
41586,0,1
14784,0,0
53043,8,0
4201,3,1
32848,4,2
3818,3,1
7484,3,1
6556,3,1
18975,3,1
23334,0,0
12473,4,1
26646,4,1
30723,0,1
46591,4,1
6764,3,1
12641,3,0
26474,3,1
3216,4,0
42131,4,1
54054,13,1
13793,3,0
1541,4,0
40666,3,1
32246,12,1
56703,0,1
37734,0,1
20783,4,1
15464,6,0
4033,3,1
1787,4,0
33152,3,1
25037,13,0
39468,0,1
52959,8,0
14770,0,0
5327,4,1
36420,4,1
16027,0,0
22212,3,1
19853,0,0
7470,3,1
18981,3,0
34377,3,1
28728,0,1
8438,3,0
31605,10,1
12487,4,0
13555,4,0
43225,5,0
2102,0,2
7642,3,0
16215,3,0
22020,0,0
6790,3,1
26480,3,1
2330,3,0
27552,0,1
13767,0,0
5929,4,1
38788,4,1
33360,4,1
40692,4,1
41740,4,3
11030,0,0
5115,3,1
44232,4,1
14542,0,0
20777,4,0
15490,4,3
52357,8,2
34521,4,1
7226,4,0
46101,4,1
43473,4,1
28942,0,1
13303,7,0
19639,5,0
3686,3,1
41324,5,0
11454,3,0
33704,4,2
45784,4,0
36276,5,1
5571,4,1
44656,0,2
14126,1,0
58209,12,0
20313,0,1
25453,4,1
33536,4,1
58807,0,0
57073,1,1
52501,5,2
39830,7,1
14314,3,0
20121,3,0
5743,3,1
44464,4,1
8860,0,0
16443,5,0
46333,4,1
13131,4,0
43641,3,1
31261,3,1
7828,4,0
10129,4,0
40659,0,1
32279,0,1
4830,2,1
7689,3,0
23139,5,0
3229,4,0
9713,3,0
48434,3,1
23905,4,1
3827,4,1
6569,3,1
26679,4,1
18176,5,0
17902,2,0
9521,0,0
38571,5,1
33199,8,1
53840,0,1
52992,8,0
58494,8,0
24912,3,1
37539,4,1
29255,4,1
16488,3,0
12814,4,0
6931,3,1
18512,6,0
9145,1,1
12028,0,0
25498,4,1
37961,4,0
56956,4,2
59122,6,1
21038,4,0
53418,0,0
5788,7,1
38327,3,1
4468,4,1
1926,3,0
17768,4,2
47018,0,1
26813,0,1
35438,0,1
50893,8,0
28989,8,1
18720,3,0
31098,0,1
13932,0,1
2559,3,0
8063,4,2
7817,3,0
11659,3,0
33509,7,1
45589,4,1
58004,3,0
39201,4,2
14925,3,0
36249,5,1
44669,0,1
14119,3,0
28141,7,1
27935,1,1
7219,4,0
9383,4,0
27109,0,1
19606,3,1
5916,4,1
39665,4,1
58652,0,1
52368,8,2
11833,4,1
28525,3,1
47488,4,0
35894,3,1
22823,4,1
13758,0,0
34946,5,1
16018,12,0
34348,3,1
2901,4,2
28717,0,1
8407,3,0
16824,3,0
19050,4,2
38585,3,1
44803,3,1
57428,3,1
39457,0,1
52966,8,0
58460,3,1
33951,3,1
25834,0,1
25454,4,1
57074,1,1
58800,0,0
33531,4,1
39837,3,1
52506,5,2
44463,4,1
37191,3,1
5744,4,1
20126,3,0
14313,3,0
46334,4,1
7013,3,1
29299,3,1
8867,0,0
16444,5,0
9189,1,0
43646,8,1
13136,4,0
31266,3,1
34526,4,1
46106,4,1
7221,4,0
13304,10,0
2753,3,1
43474,4,1
8269,3,0
3681,3,1
39239,8,1
33703,4,2
36271,5,1
45783,4,1
20314,0,0
14121,1,2
5576,4,1
22027,0,0
16212,3,0
7645,3,0
31430,12,1
26487,3,1
13760,0,0
27555,0,1
2337,3,0
40695,4,1
11037,3,0
41747,3,1
20770,4,2
53282,3,1
14545,0,0
44235,4,1
5112,3,1
36615,4,2
15497,4,2
52350,8,2
33155,3,1
25030,7,0
5320,4,1
14777,0,0
33969,8,3
58458,3,1
52162,8,1
36427,4,3
19854,0,0
22215,3,0
16020,12,0
2939,3,0
34370,3,1
18986,3,1
47682,4,3
12480,4,0
19068,0,0
31602,3,1
2105,2,0
43222,4,0
13552,4,2
46596,4,2
6763,3,1
42136,4,1
3211,3,1
26473,3,1
12646,3,0
54053,13,1
40661,0,1
1546,4,0
10111,4,0
4808,7,1
56704,0,1
20784,4,1
37733,0,1
4034,3,1
15463,2,0
24116,4,0
40453,4,2
53878,4,1
38549,4,1
14783,0,0
53044,8,0
21464,5,2
4206,3,1
7483,3,1
29609,0,1
23333,0,0
6551,3,1
47676,8,1
26641,4,1
12474,4,0
3023,3,1
30724,0,1
9519,0,0
59926,0,1
32417,3,1
11695,0,0
24572,3,1
57080,0,1
10747,4,2
37959,4,0
40037,3,1
15235,4,0
4662,4,1
44497,4,1
37165,3,1
53420,0,0
17562,0,0
9941,3,0
6135,3,1
47212,4,1
35632,4,0
51377,7,1
30340,3,1
6909,3,1
12010,0,0
31292,3,1
3447,3,1
6307,3,1
47020,0,1
17750,0,0
18718,3,0
43480,4,1
48068,3,0
42552,0,1
3675,4,1
12222,12,1
25692,0,1
32625,3,1
10575,3,0
36285,5,1
45777,8,1
15007,6,0
5582,4,1
28710,0,1
19057,0,0
8400,3,0
16823,3,0
18185,1,0
44804,3,1
38582,7,1
52961,8,0
39450,0,1
14748,0,0
33956,3,1
25833,0,1
36418,4,3
33358,4,1
5911,4,1
11008,3,0
41778,3,1
39662,4,1
58655,0,1
11834,4,1
22018,0,0
28522,5,1
22824,4,1
35893,3,1
34941,5,1
39206,4,2
14922,3,0
58231,4,1
27932,0,1
34519,4,1
16649,3,1
9384,4,0
50860,8,0
8256,4,1
19601,3,0
46905,1,1
13935,3,1
8858,0,0
43679,8,1
13109,2,0
7810,4,0
31259,3,1
41912,4,2
39808,12,3
52539,1,1
58003,8,0
20119,3,0
11498,4,2
45748,0,1
15038,5,0
6338,4,2
22488,4,1
26814,0,1
18727,5,0
50894,8,1
12813,4,0
29252,4,1
9142,1,1
6936,3,1
8090,4,0
3478,3,0
59919,0,1
32428,3,1
10778,7,1
37966,4,0
56951,4,2
35269,3,1
3820,3,1
29636,0,1
47649,4,2
17905,5,0
18171,3,0
24129,5,0
38576,2,3
58493,8,0
4239,3,1
1579,6,0
4837,3,1
34189,3,1
42109,3,1
12679,12,0
48433,3,1
9714,3,0
41771,3,1
1584,6,1
33351,4,1
52366,8,2
14573,4,0
44203,4,2
5124,3,1
34174,3,1
16224,2,0
13756,0,0
34948,5,1
27563,0,1
2301,3,0
28719,0,1
6593,3,1
19862,4,0
7441,3,1
22223,3,0
2133,0,3
26683,4,1
8409,3,0
31634,0,1
39459,0,1
52968,8,0
11233,1,0
25006,0,1
57426,3,1
33163,3,1
52154,3,1
15693,0,0
5316,4,2
14741,0,0
7025,3,1
8851,0,0
16472,0,0
9983,3,0
23795,4,0
7819,3,0
3485,3,0
31250,3,1
2557,3,1
43670,3,1
13100,3,0
57042,8,1
33507,5,1
11657,3,0
25462,4,1
5772,3,1
20110,0,0
14325,3,0
39801,0,3
45587,4,1
11465,0,0
41315,13,1
20322,0,1
14117,1,0
44667,12,1
5540,4,1
36247,3,1
4492,4,1
22475,3,0
49944,7,1
16640,3,1
7217,4,0
34510,4,1
42590,3,1
31062,5,1
19608,3,1
13332,0,0
27107,0,1
50869,8,0
28973,8,1
17554,0,0
6103,3,1
47224,4,1
12026,0,0
24544,3,0
10771,4,2
32421,3,1
59910,0,1
25496,4,1
37153,3,1
53416,0,0
4654,4,1
56958,4,2
38329,3,1
24776,4,3
57284,0,1
1928,3,0
44693,3,1
4466,4,1
15031,5,0
22481,3,1
35436,7,1
6331,0,1
47016,0,1
17766,4,2
42564,3,1
31096,0,1
3643,4,1
12214,12,0
30144,3,1
28987,8,1
32277,4,1
41785,3,1
40657,0,1
1570,3,0
24312,7,0
10127,4,0
4002,4,1
45325,4,1
52392,8,2
6755,4,1
34180,3,1
23137,5,0
7687,7,0
35052,0,1
54065,4,1
3227,4,0
12670,7,0
23305,0,0
6567,3,1
47640,4,2
35260,3,1
3829,4,1
18178,3,0
26677,4,2
3015,3,1
24120,4,0
33197,0,1
4230,3,1
37537,4,1
7228,4,0
27904,12,1
3688,4,1
19637,3,1
48095,3,1
50856,8,1
14914,3,0
39230,3,1
14128,1,0
44658,4,1
36278,5,1
33538,1,1
58809,0,0
20913,1,0
39002,3,1
11668,3,0
37198,8,1
56993,4,2
29290,0,1
13903,4,0
19405,3,1
7826,4,1
49375,4,1
9180,3,0
39466,0,1
52957,8,0
25039,7,1
57419,5,2
44832,3,1
1789,4,0
5329,4,0
33960,13,1
28726,0,1
34379,3,1
16029,0,0
19061,0,0
12489,4,1
8436,3,0
16815,0,0
28514,7,1
13769,0,0
31439,12,1
22812,3,0
39654,4,1
38786,4,2
5927,4,1
11802,0,0
52359,8,2
58663,0,1
20779,4,0
41588,0,1
38540,4,1
32846,4,2
24923,3,1
33994,0,1
6558,3,1
3816,3,1
17933,3,0
9510,7,0
19095,0,0
26648,4,1
34983,8,1
48405,3,1
23934,4,1
9722,3,1
3218,4,0
4801,3,1
38772,4,1
40668,0,1
59745,8,1
29056,2,1
35409,4,1
26822,12,1
47029,0,0
17759,4,2
30947,3,1
18711,10,0
43489,1,1
9346,7,0
24749,4,0
15832,0,0
1917,4,0
4459,3,1
57089,10,1
53429,0,0
56967,4,2
12825,4,0
29264,4,1
9948,3,0
12019,0,0
49381,4,1
48253,3,1
30349,3,1
9174,1,0
6900,4,1
18523,6,0
47647,4,2
23302,13,0
35267,3,1
46795,4,1
30715,8,1
9528,3,1
3012,0,1
26670,4,1
33190,0,1
53849,0,1
38578,3,1
24127,3,0
4237,3,1
21455,3,2
41782,0,1
32270,0,1
39698,0,1
4839,3,1
40650,0,1
52395,8,2
45322,4,1
4005,4,1
14580,0,1
23130,3,0
47475,4,1
6752,4,1
34187,3,1
35055,4,1
27590,3,1
12677,12,0
3220,4,0
42107,3,1
57283,0,1
11496,4,2
44694,8,1
15036,5,0
4461,6,1
22486,4,1
17761,4,2
47011,0,0
12213,12,0
31091,0,1
3644,4,1
29852,12,1
42563,0,1
28980,8,1
30143,3,1
18729,5,0
47223,4,1
6104,3,1
17553,0,0
9970,5,0
3476,3,0
6938,3,1
43683,3,1
10776,3,1
37968,4,0
24543,3,0
25491,4,1
59917,0,1
32426,7,1
53411,0,0
5781,4,1
37154,3,1
45574,4,1
4653,4,1
57277,0,1
41312,5,1
39208,4,2
11462,3,0
5547,3,1
44660,4,1
14110,5,0
20325,0,1
36240,3,1
4495,4,1
7210,3,0
16647,3,1
22472,0,1
17795,4,0
34517,4,1
8258,4,1
31065,5,1
28974,8,1
2762,3,1
27100,0,1
13335,3,0
8856,0,0
16475,0,0
22640,3,1
9984,3,0
3482,2,1
31257,3,1
13107,3,0
43677,8,1
2550,4,0
57045,8,1
25465,4,1
14322,6,0
20117,0,0
5775,3,1
45580,4,1
39806,12,3
34341,3,1
6594,3,1
22224,3,0
19865,4,0
7446,3,1
13563,4,0
2134,0,3
19059,0,0
26684,4,1
11234,1,0
40496,3,0
57421,3,1
36416,4,1
52153,3,1
14746,0,0
33958,13,1
41776,3,1
1583,5,0
33356,4,1
52361,8,2
5123,3,1
44204,4,2
34173,3,1
7674,3,0
16223,3,0
22016,0,0
2306,5,0
13751,0,0
12683,4,0
40039,3,1
10749,4,2
37957,4,0
59928,0,1
32419,7,1
56960,4,2
29263,4,1
51379,7,1
12822,4,0
6907,3,1
18524,6,0
9173,1,0
48254,3,1
26825,12,1
29051,3,1
30940,0,1
8293,3,0
9341,3,0
48066,1,1
18716,3,0
15835,0,0
1910,3,0
59326,4,1
15009,6,0
45779,3,1
46598,4,1
48402,3,1
34984,8,1
42138,4,1
4806,3,1
38775,4,2
1548,4,0
53278,0,1
58690,0,1
53876,4,1
38547,4,1
24118,4,0
4208,3,1
32841,4,2
33993,0,1
24924,3,1
47678,3,1
29607,0,1
3811,3,1
35258,0,1
17934,7,0
9517,0,0
19092,0,0
28513,7,1
6799,4,1
22029,0,0
2339,3,0
26489,3,1
22815,4,1
8603,4,1
39653,4,1
11039,0,0
5920,4,1
38781,4,1
15499,4,3
11805,0,0
58664,0,0
52950,8,0
39461,0,1
53882,4,1
44835,3,1
36429,4,1
14779,0,0
33967,0,1
18988,3,1
2937,3,0
28721,0,1
7479,3,1
16812,0,0
19066,0,0
39005,3,1
20128,0,0
56994,4,2
39839,3,1
52508,5,2
29297,3,1
8869,0,0
13904,4,0
49372,4,1
19402,3,0
13138,4,0
9187,1,0
43648,8,1
46108,4,1
34528,4,1
27903,12,1
19630,3,1
51983,8,1
50851,8,0
48092,3,1
14913,3,0
39237,3,1
5578,4,1
58200,4,1
21099,4,0
41940,4,2
38988,3,1
5729,4,1
13967,3,0
28326,4,2
16429,3,0
46359,0,1
6990,3,1
12089,0,0
7842,4,0
28928,3,1
13369,4,0
19653,3,0
8204,3,1
31039,0,1
39254,4,2
20379,5,0
42993,4,1
28570,3,1
23198,0,0
22876,4,1
3288,3,1
48495,12,2
34913,5,1
27538,0,1
10188,0,0
5943,0,1
39630,4,1
4891,3,1
14528,0,0
11866,4,0
33138,0,1
44856,3,1
11268,12,0
45984,8,1
37598,3,1
29690,7,1
3886,3,1
19839,0,0
2954,5,0
50658,7,2
28742,3,1
49775,0,1
8452,3,0
19005,5,1
2168,0,1
22882,4,2
18311,5,1
4865,3,1
56769,0,1
4059,3,1
11892,4,1
38524,4,0
53815,0,0
57489,4,0
45970,3,1
53029,8,0
24947,3,1
21409,3,0
29664,0,1
3872,3,1
49781,5,1
30749,0,1
39092,0,1
37934,3,1
56903,4,2
59177,4,1
15258,4,0
6158,3,1
13993,4,0
12841,3,0
18547,4,2
9110,4,0
26248,3,1
30923,10,1
3618,4,1
15856,4,0
32648,7,2
14984,5,0
1973,3,0
16072,12,0
22247,4,0
19806,3,2
7425,3,3
34322,3,1
50667,2,1
3085,3,1
13500,3,0
43270,0,1
2157,3,3
30782,0,1
33107,4,2
57442,3,1
44869,3,1
11257,3,0
5372,4,1
36475,0,1
52130,8,1
24382,0,0
33335,4,1
41715,4,2
37795,0,1
5140,3,1
14517,0,0
11859,4,0
4092,3,1
51587,1,1
22075,0,0
34110,3,1
31462,3,1
49578,4,2
22849,4,1
43042,3,1
13732,0,0
11401,0,0
57214,7,0
33751,3,1
36223,4,1
20346,5,0
50031,2,1
34574,3,1
7273,3,0
16624,12,0
49920,8,0
2701,3,1
13356,4,0
12284,0,2
13958,3,1
34746,4,1
28319,4,2
8835,12,1
16416,3,0
22623,3,0
35694,4,1
7041,4,1
13164,4,0
43614,0,1
31234,3,1
26283,3,1
25406,3,1
59980,8,0
33563,3,1
40091,3,1
20948,4,0
52554,1,1
39865,3,1
14341,4,1
20174,0,0
5716,3,1
41385,0,1
15869,4,0
24712,4,0
15055,4,1
45725,0,1
4402,3,1
53640,4,1
17702,4,0
47072,12,0
34580,3,1
7287,3,1
35452,3,1
26879,3,1
27197,8,1
26045,0,1
3627,4,1
29831,0,1
47240,4,1
6167,4,1
35660,4,1
46392,3,1
18578,5,0
13190,4,1
30312,3,1
3415,3,1
42732,4,2
7889,2,0
55785,4,3
12042,0,0
26277,3,1
32445,7,2
59974,8,0
40065,3,1
10715,3,0
24520,0,0
4630,4,1
39891,4,1
15267,4,0
38943,0,1
20180,0,0
51741,4,1
47624,4,0
6503,4,2
18920,0,0
28789,0,1
17154,6,2
3071,3,1
8499,10,0
12426,4,0
26613,4,1
17968,4,0
30776,0,1
10371,5,0
24144,3,3
53016,8,0
5386,4,1
4254,3,1
36481,4,1
15603,6,0
5988,0,1
10143,4,0
24376,0,0
40633,0,1
11091,0,0
37761,0,1
44293,0,1
45341,4,1
4066,4,1
35036,13,1
22081,0,0
23153,3,0
6731,4,1
12614,3,0
3243,4,0
42164,3,1
2391,4,2
9779,2,0
30924,10,1
29035,3,1
30118,3,1
42538,0,1
15851,4,0
14983,0,0
59342,4,1
37933,3,1
24518,0,0
56904,4,2
17508,3,0
47278,4,1
13994,6,0
12846,3,0
35658,4,1
9117,4,0
6963,3,1
18540,4,2
53812,8,0
38523,4,1
45977,3,1
24940,3,1
25892,3,1
3875,3,1
18918,0,0
3049,3,1
49786,5,1
6709,4,0
22885,4,2
26419,0,1
18316,0,1
23957,0,0
48466,8,2
4862,3,1
37759,0,1
45379,4,3
11895,4,0
15409,4,1
24188,4,1
44851,3,1
52934,8,1
39405,0,1
45983,3,1
52108,0,1
4298,3,1
3881,3,1
28745,0,1
2953,5,0
17198,5,2
8455,3,0
31668,1,1
49772,0,1
13538,4,2
16278,5,0
42994,4,1
22871,4,1
34914,5,1
48492,3,2
30588,3,1
5944,4,1
4896,3,1
39637,4,1
5178,3,1
11861,4,0
6399,4,1
49918,8,0
19654,3,1
11439,3,0
41349,1,3
39253,4,2
33769,4,1
15099,0,0
36815,0,1
14379,4,2
28321,4,2
13960,3,0
27369,3,0
6997,3,1
19466,0,0
7845,4,0
40634,0,1
24371,0,0
10144,4,0
11096,5,0
32214,0,1
37766,0,1
4061,3,1
45346,4,1
6736,4,2
23154,3,0
12613,3,0
2396,4,2
23968,3,0
48459,7,1
17153,6,0
6504,6,1
18927,3,0
47623,4,0
26614,4,1
12421,4,0
30771,0,1
24143,3,3
10376,3,0
40406,3,1
5381,4,0
53011,8,0
15604,3,0
21431,7,2
4253,3,1
36486,4,1
17537,0,0
6160,3,1
47247,4,1
46395,0,1
12879,4,3
35667,4,1
29238,4,0
30315,3,1
9128,4,0
13197,4,0
12045,0,0
3412,3,1
59973,8,0
24527,0,0
10712,3,0
33590,3,1
15260,4,0
39896,4,1
21055,4,1
4637,4,1
20187,0,0
38944,3,1
39298,4,2
41382,3,1
24715,4,1
4405,3,1
15052,4,1
6352,4,1
34587,3,1
47075,12,0
17705,4,0
35455,3,1
30127,3,1
3620,4,1
26042,0,1
12277,0,0
6194,3,1
46361,0,1
35693,4,1
7046,4,1
22624,3,0
8832,5,0
16411,0,0
43613,3,1
13163,4,0
27356,3,0
26284,3,1
19459,3,1
31233,3,1
59987,8,0
41144,3,1
40096,3,1
33564,3,1
39862,3,1
52553,1,1
44436,4,1
20173,0,2
14346,4,0
11406,3,0
41376,3,1
14948,3,0
33756,3,1
57213,1,0
36224,4,1
20341,5,0
34573,3,1
49927,8,0
16623,12,0
13351,1,0
27164,0,1
2706,3,1
28910,0,1
43421,1,1
24385,0,0
11062,0,0
39608,4,2
41712,4,2
14510,0,0
37792,0,1
5147,0,1
4095,3,1
22072,0,0
34117,7,1
43879,4,1
28548,3,1
42197,0,1
31465,3,1
13735,0,0
43045,7,1
19801,3,0
7422,3,1
22240,4,0
50660,2,1
34325,3,1
3082,3,1
31657,0,1
2150,3,3
30785,0,1
13507,3,0
57445,3,1
10382,3,0
33100,4,2
11250,0,0
5375,4,1
14722,0,0
52137,3,1
36472,0,1
3843,4,1
29655,0,1
17966,4,0
30778,0,1
9545,3,1
12428,4,0
8497,10,0
45941,3,1
44893,3,1
53824,0,0
1728,4,0
32813,4,2
5388,4,1
24976,3,1
5986,0,1
24378,0,0
4068,4,1
43884,4,1
35038,0,1
18320,0,1
48450,3,1
23961,0,0
9777,2,0
49582,4,2
38343,3,1
39291,4,2
15867,4,0
1942,3,0
59374,0,1
7289,3,0
26877,3,1
23539,5,0
30912,0,1
3629,4,1
19696,0,0
46992,0,1
27199,10,1
18744,0,0
12870,4,3
29231,4,1
6169,4,1
7887,2,0
26279,3,1
9121,4,1
18576,3,0
37139,0,1
41985,3,1
59146,4,0
15269,4,0
56932,4,2
14941,7,0
15893,4,2
39265,4,2
20348,0,0
59380,0,1
26883,3,1
47088,4,2
19662,5,0
13358,4,0
12884,3,0
16418,3,0
28317,4,2
13956,3,1
34748,4,1
19450,3,1
7873,3,0
57028,3,1
20946,4,0
21894,0,0
5718,3,1
41971,3,1
28773,0,1
2965,4,0
50669,2,1
22249,4,0
2159,3,3
17992,2,1
19034,4,2
8463,3,0
52902,8,0
44867,3,1
33109,4,2
25850,0,1
33935,3,1
39601,4,2
5972,0,1
11857,4,0
14519,0,0
28541,3,1
51589,1,1
34922,5,1
9783,3,0
49576,4,2
22847,4,1
24511,0,0
59945,4,1
14384,4,2
15256,4,0
21063,4,1
35651,4,1
17501,3,0
6156,3,1
26246,3,1
12073,0,0
42703,4,2
3424,3,1
30323,3,1
48239,3,1
18549,4,2
35463,4,0
47043,12,1
17733,4,1
42531,0,1
29800,0,1
3616,0,1
12241,0,0
13393,0,1
30111,0,1
40266,3,1
15858,4,0
32646,3,1
20383,5,0
4433,3,1
15064,4,1
23162,3,0
42969,5,1
16285,3,0
9748,0,0
3272,3,1
12625,3,0
32222,0,1
40602,0,1
24347,3,0
10172,4,0
4057,3,1
45370,4,1
15400,4,0
53215,0,1
5185,3,1
37750,0,1
11292,1,1
24175,0,0
57487,4,1
10340,3,0
40430,8,1
15632,2,1
21407,3,0
4265,3,1
24949,3,1
37562,8,1
53027,8,0
17165,0,0
6532,10,1
18911,4,0
47615,4,0
17959,4,0
30747,0,1
2192,7,0
54202,0,1
26622,4,1
31695,0,1
23196,0,0
22044,0,0
16271,3,0
13703,4,0
22878,4,1
3286,3,1
31453,3,1
19239,4,0
11054,0,0
41724,4,1
33304,3,1
10186,0,0
11868,4,0
45384,4,2
20713,4,2
14526,0,0
5171,3,1
11266,12,0
24181,4,1
44858,3,1
33136,4,2
52101,0,1
36444,4,3
37596,3,1
5343,4,2
14714,12,0
50656,7,2
17191,0,2
46733,5,1
19837,0,0
7414,0,1
22276,4,2
3888,3,1
16043,0,0
2166,0,1
43241,4,1
42393,3,1
31661,0,1
33552,0,1
32480,3,1
41172,0,1
11602,0,1
44400,4,1
5727,4,1
20145,0,0
38986,3,1
14370,4,2
39854,3,1
7070,2,1
22612,3,0
8804,0,0
16427,3,0
28328,4,2
13969,4,0
47285,3,1
12087,0,0
2502,4,0
43625,8,1
13155,3,0
54692,0,0
27360,3,0
16615,12,0
35497,4,2
7242,4,0
6390,4,1
31037,3,1
46959,4,0
13367,4,0
27152,0,1
2730,3,1
28926,3,1
40292,4,0
33760,3,1
11430,3,0
20377,6,0
1989,3,0
44632,2,1
5515,3,1
36212,3,1
15090,0,0
39606,4,2
5975,0,1
11850,4,2
5149,3,1
43877,4,1
28546,3,1
34119,4,1
9784,4,2
19201,0,0
22840,4,1
42199,3,1
28774,0,1
13509,3,0
17995,2,1
19033,4,2
52905,8,0
44860,3,2
25857,4,1
52139,3,1
24985,3,1
12883,4,0
7048,4,1
13951,3,1
19457,3,1
7874,4,1
27358,3,0
40098,3,1
20941,4,0
59989,8,0
21893,0,0
14348,4,2
41976,5,1
14946,3,0
33758,3,1
39262,4,2
15894,4,2
41378,3,1
11408,5,0
59387,4,1
49929,8,0
19665,3,0
2708,8,1
29236,4,1
12877,4,0
35669,4,1
17539,0,0
7880,4,1
6952,3,1
13199,4,0
18571,5,0
9126,4,0
24529,0,0
20189,0,0
4639,4,1
56935,4,2
39898,4,0
41982,3,1
38344,3,1
15860,4,3
39296,4,2
1945,3,0
59373,0,1
26870,3,1
30915,0,1
34589,3,1
46995,0,0
12279,0,0
29838,0,1
42509,0,1
18743,3,0
4853,4,1
11098,13,0
5981,0,1
45348,4,1
37768,0,1
43883,4,1
9770,2,0
2398,4,2
23966,3,0
48457,7,1
18327,0,0
35803,4,1
49585,4,2
18929,3,0
2996,3,0
29652,0,1
3844,3,1
17961,4,0
9542,3,1
8490,3,0
3078,3,1
45946,3,1
40408,3,1
53823,0,0
44894,3,1
10378,3,0
32814,4,2
35490,4,1
16612,12,0
49916,8,0
34542,4,2
6397,4,1
26087,0,1
43410,0,1
2737,3,1
27155,0,1
13360,4,0
18788,0,0
33767,4,1
40295,4,0
41347,1,0
25602,8,0
11437,3,0
44635,3,1
20370,0,1
15097,0,0
36215,7,1
33555,3,1
57010,4,2
11605,0,1
32487,7,1
14377,4,2
38981,0,1
20142,0,0
5720,3,1
44407,4,1
39853,3,1
8803,0,0
16420,3,0
22615,3,1
47282,3,1
12080,0,0
13152,3,0
54695,0,0
6999,3,1
43622,3,1
2505,4,0
11261,8,1
33131,4,2
24186,4,1
36443,4,3
4296,3,1
52106,0,1
14713,12,0
5344,4,1
34314,3,1
50651,7,2
17196,5,2
16044,0,0
29699,0,1
19830,0,0
7413,0,1
13536,4,3
43246,1,1
9589,0,0
2161,3,3
42394,3,1
23191,0,1
16276,5,0
22043,0,0
43074,5,1
2353,4,1
30586,3,1
13704,4,0
3281,3,1
31454,10,1
41723,4,2
39639,4,1
11053,0,0
4898,3,1
33303,3,1
45383,4,2
5176,3,1
14521,0,0
20714,4,2
45979,3,1
11295,1,0
40437,0,1
57480,4,1
10347,3,0
24172,0,0
4262,3,1
21400,3,0
15635,3,0
53020,8,0
47612,4,2
18916,0,0
17162,0,0
30740,6,1
2195,5,0
31692,4,1
3047,3,1
26625,4,2
23165,3,0
6707,3,1
16282,5,0
43080,3,1
23959,0,0
48468,8,1
18318,0,1
12622,3,0
3275,3,1
42152,3,1
32225,0,1
10175,4,0
24340,3,0
40605,0,1
15407,4,0
45377,4,1
4050,3,1
5182,3,1
37757,0,1
35464,4,1
17734,4,1
47044,12,0
6363,4,1
12246,0,2
26073,0,1
42536,0,1
13394,0,1
10511,3,0
24724,3,1
40261,0,1
32641,3,1
20384,3,0
15063,4,1
38149,3,1
10723,3,1
24516,0,0
21858,3,0
59942,4,0
14383,4,2
53444,4,1
15251,4,0
12848,10,0
35656,4,3
6151,4,1
17506,3,0
3423,3,1
12074,0,0
30324,3,1
9119,4,0
3483,5,0
43676,8,1
2551,4,1
13106,5,0
7023,3,1
8857,0,0
22641,3,0
23793,4,3
9985,3,0
5774,3,1
14323,5,0
20116,0,0
52536,1,1
39807,12,3
45581,4,1
57044,8,1
10783,4,0
33501,5,1
25464,4,1
14111,5,0
20324,0,1
5546,3,1
4494,4,1
57276,0,1
11463,3,0
41313,13,1
39209,4,1
31064,5,1
27101,0,1
13334,0,0
28975,8,1
16646,3,1
49942,3,1
7211,0,0
34516,4,1
52360,8,2
14575,4,0
5122,3,1
44205,4,2
41777,3,1
1582,5,1
13750,0,0
2307,3,0
34172,3,1
16222,2,0
22017,0,0
2135,0,3
13562,4,3
19058,0,0
26685,4,1
6595,3,1
34340,3,1
7447,3,1
19864,4,0
16010,3,0
22225,3,0
36417,4,3
14747,0,0
33959,13,1
25000,5,1
11235,1,0
57420,3,1
33165,3,1
45323,4,1
4004,4,1
52394,8,2
14581,5,0
56734,3,1
4838,3,1
41783,0,1
32271,0,1
40651,0,1
24314,3,0
3221,4,0
42106,3,1
12676,12,0
47474,4,1
34186,3,1
6753,4,1
23131,3,0
9529,7,1
30714,13,1
26671,4,1
3013,0,1
23303,13,0
47646,4,2
18942,3,0
35266,3,1
29639,0,1
21454,3,2
4236,3,1
37531,3,1
24126,3,0
38579,3,1
33191,0,1
3477,3,0
42750,4,2
43682,3,1
6939,3,1
9971,5,0
17552,0,0
47222,4,1
6105,3,1
37155,3,1
5780,3,1
53410,0,0
21030,4,0
45575,4,1
4652,4,1
10777,6,1
37969,4,0
24542,3,0
32427,7,1
59916,0,1
25490,4,1
44695,0,0
4460,3,1
21202,4,1
15037,5,0
57282,0,1
24770,4,0
11497,4,2
3645,4,1
31090,0,1
42562,3,1
12212,12,1
18728,5,0
28981,8,1
30142,3,1
22487,4,0
35430,4,1
47010,0,1
17760,4,2
36428,4,1
14778,0,0
33966,3,1
39460,0,1
52951,8,0
44834,3,1
53883,4,1
19067,0,0
16813,0,0
2936,3,0
28720,0,1
18989,3,1
2338,3,0
22814,7,1
26488,3,1
54894,2,1
28512,7,1
11804,0,0
11038,3,0
39652,4,1
41748,3,1
38780,4,1
5921,4,1
51982,8,1
19631,3,1
50850,8,0
48093,0,1
46109,4,1
34529,4,2
27902,12,1
5579,4,1
14912,3,0
39236,3,1
20129,0,0
52509,5,2
39838,3,1
56995,4,2
24589,0,0
20915,1,0
7820,3,0
19403,3,1
49373,4,1
31269,3,1
9186,1,0
43649,0,1
13139,4,3
29296,3,1
8868,0,0
13905,4,0
8292,3,0
51976,2,1
18717,3,0
9340,3,0
48067,3,1
29050,3,1
26824,12,1
6308,4,2
30941,0,1
1911,3,0
45778,0,1
15008,6,0
15834,0,0
59115,6,1
56961,4,2
10748,4,2
37956,4,1
38122,12,3
59929,0,1
21833,3,0
3448,3,1
6906,3,1
12823,4,0
29262,4,1
51378,7,1
32840,4,2
4209,3,1
24925,3,1
24119,4,0
38546,4,1
53877,4,1
17935,3,0
19093,0,0
35259,0,1
29606,3,1
3810,3,1
34985,8,1
48403,3,1
23932,4,1
42139,4,1
12649,3,0
46599,4,1
58691,0,1
4807,3,1
1549,4,0
38774,4,1
44692,0,1
1929,4,0
15030,5,0
4467,4,1
57285,0,1
38328,3,1
12215,12,1
42565,3,1
3642,4,1
31097,0,1
30145,3,1
28986,8,1
35437,7,1
22480,3,1
17767,4,2
47017,0,1
43685,3,1
16487,3,0
6102,3,1
47225,4,1
9976,5,0
17555,0,0
53417,0,0
37152,3,1
5787,3,1
56959,4,2
4655,4,1
15202,3,0
24545,3,0
10770,4,2
25497,4,1
59911,0,1
32420,7,1
18179,3,0
3014,3,1
26676,4,1
6566,7,1
47641,4,2
23304,0,0
3828,4,1
35261,3,1
4231,3,1
32878,3,1
21453,3,2
40464,4,1
33196,0,1
24121,4,0
52393,8,2
4003,4,1
45324,4,1
32276,0,1
41784,8,1
56733,3,1
10126,4,0
40656,0,1
1571,4,0
27596,3,1
12671,7,0
3226,4,0
23136,5,0
34181,3,1
6754,4,1
35053,4,1
7686,6,0
2132,0,3
31635,0,1
8408,3,0
26682,4,1
6592,3,1
34347,3,1
28718,0,1
22222,3,0
7440,3,1
19863,4,0
52155,8,1
15692,0,0
14740,0,0
5317,4,2
25007,0,1
52969,8,0
39458,0,1
33162,0,1
57427,3,1
52367,8,2
44202,4,2
5125,0,1
14572,4,3
41770,8,1
5919,4,1
33350,4,1
2300,3,0
54090,0,1
13757,0,0
34949,8,1
27562,0,1
12685,4,0
34175,3,1
7672,3,0
16225,5,0
44666,12,1
5541,4,1
20323,0,1
14116,1,0
4493,4,1
41314,13,0
11464,3,0
19609,3,1
42591,8,1
31063,5,1
50868,8,0
2764,3,1
28972,8,1
13333,0,0
27106,0,1
7216,4,0
49945,7,1
16641,3,1
34511,4,1
31251,3,1
3484,5,0
7818,3,0
13101,3,0
2556,3,0
43671,6,1
9982,3,0
23794,4,0
20111,0,0
14324,5,0
44454,4,1
5773,7,1
45586,4,1
39800,0,1
33506,5,1
57043,8,1
11656,3,0
23935,4,0
48404,3,1
34982,8,1
3219,4,0
59744,8,1
58696,0,1
32249,12,1
4800,3,1
40669,0,1
32847,4,2
33995,3,1
24922,3,1
41589,0,1
53870,4,2
38541,4,1
9511,3,1
17932,3,0
19094,0,0
26649,4,1
3817,3,1
53428,0,0
56966,4,2
59112,6,1
57088,10,1
12018,0,0
18522,6,1
6901,3,1
48252,3,1
9175,1,0
30348,3,1
29265,4,1
12824,4,0
9949,3,0
8295,3,0
43488,0,1
9347,0,0
18710,10,0
26823,12,1
29057,2,1
17758,4,2
30946,3,1
47028,0,0
1916,4,0
4458,3,1
15833,0,0
37199,7,1
56992,4,2
58808,0,0
33539,3,1
39003,3,1
7827,3,0
19404,3,0
9181,3,0
29291,0,1
13902,4,0
19636,3,1
3689,4,1
48094,3,1
27905,12,1
44659,4,1
14129,1,0
36279,5,1
14915,3,0
39231,3,1
13768,0,0
8605,3,0
22813,3,0
28515,7,1
52358,8,2
11803,0,0
58662,0,1
20778,4,0
39655,4,1
5926,4,1
38787,4,2
33961,13,1
25038,3,0
52956,8,0
39467,0,1
1788,4,0
57418,5,2
44833,3,1
16814,0,0
8437,3,0
12488,4,1
19060,0,0
34378,3,1
28727,0,1
2931,3,0
16028,0,0
14782,0,0
53045,8,0
4207,3,1
15650,3,0
21465,5,2
40452,4,2
38548,4,1
53879,4,1
24117,4,0
32072,7,1
26640,4,1
12475,4,1
30725,8,1
29608,0,1
7482,3,1
34385,3,1
18973,0,0
47677,12,1
23332,0,0
26472,3,1
42137,4,1
3210,3,1
54052,13,1
46597,4,1
6762,3,1
37732,0,1
20785,5,0
15462,6,0
4035,3,1
10110,4,0
40660,0,1
1547,4,0
32240,0,1
56705,0,0
4809,7,1
48069,3,1
43481,0,1
18719,3,0
12223,12,1
42553,0,1
3674,4,2
51978,2,1
17751,0,0
6306,3,1
35401,4,1
15006,6,0
59329,4,1
36284,5,1
45776,3,1
5583,4,1
32624,3,1
25693,0,1
10574,3,0
4663,4,1
15234,4,0
53421,0,0
37164,3,1
11694,0,0
32416,3,1
59927,0,1
40036,3,1
57081,6,1
10746,4,2
37958,4,0
6908,3,1
30341,3,1
3446,3,1
31293,3,1
12011,0,0
6134,4,1
47213,4,1
9940,3,0
17563,0,0
8892,12,0
51376,4,0
35633,4,0
43475,4,1
28944,13,1
13305,10,0
3680,3,1
8268,3,0
34527,4,1
46107,4,1
7220,4,0
31869,5,0
36270,5,1
45782,3,1
5577,4,1
20315,3,0
14120,3,0
39238,8,1
41322,13,1
33702,4,2
52507,5,2
39836,3,1
20127,3,0
14312,3,0
44462,4,1
5745,3,1
57849,4,2
37190,3,1
33530,4,1
58801,0,0
57075,1,1
13137,4,0
27302,0,0
43647,3,1
31267,3,1
29298,3,1
16445,5,0
51382,7,1
8866,0,0
46335,4,1
7012,3,1
58459,3,1
14776,0,0
33968,0,1
5321,4,1
36426,4,3
52163,3,1
33154,3,1
25031,6,0
31603,3,1
19069,0,0
12481,4,0
13553,4,0
2104,0,2
43223,12,0
16021,12,0
7476,3,1
19855,6,2
18987,3,1
34371,3,1
2938,3,0
26486,3,1
2336,3,0
13761,0,0
27554,0,1
22026,0,0
16213,3,0
6796,3,1
44234,4,1
5113,3,1
20771,4,0
14544,0,0
15496,4,0
52351,8,2
36614,4,2
40694,4,1
11036,3,0
6937,3,1
9143,1,1
3479,3,0
8091,4,0
51349,4,2
29253,4,1
12812,7,1
56950,4,2
59124,6,1
32429,7,1
59918,0,1
40009,0,0
37967,4,0
15039,6,0
1920,4,0
11499,4,2
50895,8,0
18726,5,0
6339,4,1
26815,0,1
29061,3,1
22489,4,0
53248,12,1
1578,3,0
39697,0,1
4836,3,1
12678,12,0
42108,3,1
48432,3,1
9715,4,0
29405,12,1
34188,3,1
18170,5,0
17904,6,0
3821,4,1
35268,3,1
47648,4,2
58492,8,0
24914,3,1
4238,3,1
38577,2,1
58654,0,1
11835,4,1
5910,4,1
41779,3,1
39663,4,1
11009,3,0
35892,3,1
22825,4,1
2309,3,0
22019,0,0
28523,3,1
16822,3,0
8401,3,0
19056,0,0
7449,3,1
28711,0,1
14749,0,0
33957,13,3
25832,0,1
36419,4,3
38583,3,1
44805,3,1
39451,0,1
52960,8,0
13108,2,0
43678,8,1
31258,3,1
7811,3,0
13934,0,1
8859,0,0
39809,12,1
58002,8,0
20118,0,0
36841,1,1
39207,4,2
50861,8,0
9385,4,0
19600,3,0
42598,0,1
27933,0,1
34518,4,1
16648,3,1
26481,3,1
27553,0,1
2331,3,0
16214,2,0
22021,0,0
7643,3,0
6791,3,1
14543,0,0
20776,4,0
5114,3,1
44233,4,1
15491,4,3
52356,8,2
33361,4,1
38789,3,1
40693,4,1
5928,4,1
11031,3,0
41741,4,2
5326,4,1
14771,0,0
52164,3,1
36421,4,3
57416,8,2
33153,3,1
1786,4,0
52958,8,0
39469,0,1
25036,13,0
12486,4,3
31604,3,1
8439,3,0
43224,12,0
2103,0,2
13554,4,0
7471,3,1
19852,0,0
16026,0,0
28729,0,1
34376,3,1
18980,3,1
39831,7,1
52500,5,2
5742,3,1
37197,1,1
44465,4,1
14315,3,0
20120,3,0
25452,4,1
57072,1,1
33537,4,1
43640,3,1
13130,4,0
7829,3,0
31260,3,1
7015,3,1
46332,4,1
16442,5,0
8861,0,0
13302,7,0
28943,13,1
43472,5,1
50859,8,0
2755,3,1
3687,3,1
19638,5,0
34520,4,1
7227,4,0
46100,4,1
45785,4,1
36277,5,1
14127,1,2
20312,3,1
5570,8,1
44657,4,1
11455,0,0
33705,4,2
15233,4,0
56968,4,2
53426,0,0
59920,0,1
32411,3,1
11693,0,0
57086,10,1
10741,4,2
24574,3,1
30346,3,1
12016,0,0
3441,3,1
31294,3,1
9947,6,0
17564,0,0
47214,4,1
6133,4,1
8895,0,0
43486,0,1
3673,4,1
42554,0,1
12224,12,0
47026,0,1
6301,4,1
17756,4,2
30948,3,1
35406,4,1
36283,5,1
4456,3,1
21234,3,1
15001,3,0
5584,4,1
32623,3,1
40203,0,1
10573,3,0
3217,3,1
42130,4,1
12640,3,0
26475,3,1
54055,13,1
13792,3,0
46590,4,1
6765,3,1
58698,0,0
20782,4,2
37735,0,1
4032,3,1
15465,6,0
1540,3,0
40667,3,1
10117,4,0
56702,0,1
32247,12,1
14785,0,0
53042,8,0
32849,4,2
4200,3,1
24110,4,0
40455,4,2
41587,0,1
12472,4,0
26647,4,1
30722,0,1
3819,3,1
23335,0,0
18974,0,1
34382,3,1
36248,3,1
14118,1,0
44668,0,1
39200,4,2
14924,5,0
27108,0,1
50866,8,0
9382,4,0
46903,1,1
19607,3,1
27934,0,1
28140,7,1
7218,4,0
2558,2,1
7816,4,0
13933,3,1
45588,4,1
58005,3,0
11658,3,0
20923,4,2
33508,10,1
19051,4,2
16825,3,0
8406,7,0
16019,12,0
2900,4,2
28716,0,1
34349,3,0
5319,4,1
33950,3,1
25835,0,1
44802,3,1
57429,3,1
38584,3,1
52967,8,0
39456,0,1
58653,0,1
11832,4,1
52369,8,2
5917,4,1
39664,4,1
22822,4,1
8634,4,0
35895,5,1
13759,0,0
34947,5,1
28524,3,1
26678,4,1
9520,0,0
17903,2,0
3826,4,1
6568,3,1
24913,3,1
37538,4,1
58495,3,1
33198,0,1
53841,0,1
38570,5,1
52993,8,0
40658,0,1
10128,4,0
4831,2,1
32278,4,1
3228,4,0
27598,12,1
9712,0,0
23904,4,0
48435,3,1
29402,12,1
7688,7,0
23138,5,0
4469,4,1
59311,4,0
38326,3,1
18721,3,0
50892,8,0
28988,8,1
31099,0,1
47019,0,1
17769,4,2
26812,0,1
35439,0,1
9144,1,1
6930,3,1
12029,0,0
29254,4,1
16489,3,0
59123,6,1
56957,4,2
5789,7,1
53419,0,0
37960,4,0
11810,0,0
5109,3,1
58671,0,1
39646,4,1
5935,3,1
38794,3,1
34965,8,1
19241,6,0
22800,0,1
28506,7,1
34159,3,1
16209,3,0
13549,4,3
43239,4,1
16807,0,0
31619,0,1
19073,0,0
28734,0,1
2922,3,0
59591,8,0
33972,0,1
39474,0,1
52945,8,0
8040,3,0
7834,3,0
51398,7,1
29282,0,1
7008,3,1
13911,4,0
14308,6,0
57853,4,2
56981,4,2
20901,4,0
39010,3,1
58215,12,0
33718,1,1
39222,3,1
11448,3,0
19625,3,1
8272,3,0
50844,5,1
2748,3,1
31873,5,1
22458,13,0
27916,12,1
31289,3,1
6912,4,0
48241,3,1
9166,1,0
8888,0,0
29276,3,1
12837,8,0
47209,4,1
17579,12,0
56975,4,2
5599,4,1
1905,3,2
12239,0,0
42549,0,1
48073,3,1
29044,3,1
30955,3,1
15478,3,0
59757,4,2
37728,0,1
58685,0,1
4813,3,1
48417,3,1
23926,4,1
9730,0,0
34991,8,1
26468,3,1
6778,3,1
9502,0,0
17921,3,0
19087,0,0
18969,5,0
23328,0,0
3804,4,2
29612,0,1
7498,3,1
32854,4,2
33986,0,1
39480,0,1
38552,4,1
53863,0,1
40448,4,2
10338,3,0
42582,6,1
31070,5,1
28961,0,1
13320,0,0
7205,3,0
22467,0,1
49956,7,1
27929,12,1
44675,0,1
20330,3,0
14105,3,0
4480,4,1
36255,5,1
14939,7,0
41307,3,1
20102,0,0
14337,4,0
44447,4,1
5760,3,1
45595,4,1
52522,1,1
39813,4,1
33515,4,1
57050,8,1
10797,0,0
25470,4,1
31242,3,1
3497,4,1
19428,0,1
13112,7,0
2545,4,1
43662,3,1
16460,0,0
8843,12,1
7037,4,1
9991,3,0
25828,0,1
52146,3,1
15681,12,0
14753,0,0
41551,4,3
40483,4,0
33171,3,1
38599,3,1
57434,3,1
2121,0,2
26691,4,1
6581,3,1
34354,3,1
22231,4,0
16004,5,0
7453,3,1
19870,4,0
2313,3,0
43034,0,1
54083,0,1
13744,0,0
12696,4,0
35888,5,1
50423,4,1
28539,3,1
34166,3,1
16236,4,0
52374,8,2
44211,4,2
5136,3,1
20754,4,3
41763,3,1
11013,3,0
33343,4,1
4222,3,1
15675,1,0
58488,4,0
37525,8,1
33185,3,1
24132,3,0
10307,4,0
42320,8,1
26665,4,1
6575,3,2
23317,0,0
35272,3,1
48428,3,1
23919,4,0
54077,4,1
12662,0,0
42112,3,1
3235,4,0
23125,4,1
34192,3,1
6747,4,1
35040,0,1
7695,2,0
51505,1,1
52380,8,2
45337,4,1
37717,3,1
53252,1,1
14595,5,1
41797,0,1
56720,4,3
24300,4,1
40645,0,1
1562,3,0
12206,3,0
3651,4,1
2783,3,1
35424,4,1
22493,4,0
6323,4,3
47004,0,1
44681,8,1
53636,4,1
15023,3,0
4474,4,1
57296,0,1
32601,3,1
53404,0,0
38935,13,1
57898,3,0
37141,0,1
5794,3,1
4646,4,3
45561,3,2
15211,3,0
21024,0,0
24556,3,0
10763,3,1
25484,4,1
32433,3,1
3463,4,1
12034,0,0
43696,3,1
29249,4,1
16494,3,0
51353,1,1
12808,6,0
6111,3,1
47236,4,1
17546,0,0
17926,5,0
30738,6,1
19080,0,0
12468,3,0
34398,3,1
32853,4,2
33981,5,1
53864,0,1
4028,4,1
20798,4,0
58682,0,1
56718,0,1
4814,3,1
38767,7,1
24338,3,0
34996,8,1
23921,4,0
48410,3,1
47458,4,1
1902,3,2
10569,3,0
32639,3,1
3669,4,1
8281,3,0
48074,3,1
29043,2,1
26837,12,1
30952,3,1
26239,3,1
9161,1,0
48246,3,1
18536,4,0
6915,3,1
12830,8,0
22699,4,1
6129,4,1
15229,4,0
59106,6,2
56972,4,2
37945,0,1
11689,0,0
20308,5,0
58212,12,0
39225,12,1
31048,0,1
8275,3,0
19622,3,1
13318,0,0
50843,5,1
48080,3,1
28959,0,1
43468,5,1
31874,5,0
27911,12,1
7833,4,0
19410,3,0
8047,3,0
9195,1,0
46328,4,1
16458,0,0
13916,4,0
5758,3,1
57854,4,2
56986,4,2
57068,6,1
20906,4,2
25448,4,1
2119,0,2
19074,0,0
16800,12,0
28733,0,1
19848,0,0
22209,3,1
59596,8,0
33975,3,1
52942,8,1
39473,0,1
33149,13,1
11817,4,1
58676,0,1
14559,4,3
44229,4,1
39641,4,1
40689,4,1
38793,3,1
5932,4,1
34962,8,1
22807,3,0
8611,3,0
19246,6,0
28501,2,1
37146,0,1
5793,3,1
38932,13,1
53403,0,0
21023,0,0
4641,4,1
10764,3,0
24551,0,0
32434,3,1
25483,4,1
12033,0,0
3464,5,2
43691,3,1
18509,6,0
16493,3,0
51354,1,1
9962,3,0
17541,0,0
47231,4,1
6116,3,1
3656,4,1
29840,0,1
28992,3,1
2784,3,1
22494,4,0
35423,4,1
26808,12,1
47003,0,0
44686,13,1
4473,4,1
57291,0,1
27582,3,1
54070,4,1
9708,0,0
3232,4,0
42115,7,0
12665,0,0
26450,4,1
34195,3,1
6740,4,1
23122,4,3
51502,1,1
35047,0,1
7692,3,0
45330,4,1
4017,4,1
52387,8,2
37710,3,1
41790,3,1
32262,0,1
40642,0,1
24307,5,0
15672,1,0
4225,3,1
37522,7,1
24909,3,1
52989,8,1
10300,4,1
24135,6,0
1757,3,0
33182,3,1
17919,3,0
26662,4,1
42327,8,1
23310,0,0
47655,8,1
6572,3,1
54084,3,1
13743,0,0
43033,0,1
2314,3,0
22838,4,1
49509,4,1
12691,4,0
47493,4,0
34161,3,1
16231,5,0
7666,3,0
11828,4,1
52373,8,1
14566,4,0
20753,4,2
5131,0,1
44216,4,2
11014,0,0
41764,3,1
33344,4,1
1591,7,0
52141,3,1
15686,12,0
14754,0,0
57433,3,1
2126,0,3
18199,5,0
26696,4,1
6586,3,2
34353,3,1
7454,3,1
19877,4,0
16003,5,0
22236,4,1
5767,3,1
44440,4,0
14330,4,0
20105,0,0
39814,4,1
52525,1,1
45592,4,1
57057,8,1
10790,0,0
33512,4,1
25477,4,1
31245,3,1
3490,4,3
8078,4,0
43665,0,1
2542,4,1
13115,4,0
7030,3,1
16467,0,0
8844,12,1
9996,3,1
13929,0,1
34737,4,1
42585,3,0
13327,0,0
28966,8,1
43457,0,1
9398,4,0
29088,4,1
49951,2,1
7202,3,0
14102,3,0
20337,5,0
44672,0,2
4487,4,1
36252,5,1
33720,13,0
41300,3,1
18732,3,0
50881,8,1
29849,12,1
12208,3,0
26801,0,1
59302,0,0
53638,4,1
38335,3,1
57298,4,2
59130,6,1
56944,4,2
4648,4,1
57896,7,1
24558,0,0
37973,4,0
9157,0,0
43698,3,1
18500,3,0
8085,4,0
17548,0,0
47238,4,1
12806,5,0
29247,3,1
10309,4,2
38563,7,1
53852,0,1
52980,8,0
3009,0,1
9533,3,1
17910,5,0
29623,0,1
3835,4,1
23319,0,0
18958,5,0
26459,4,1
54079,0,1
9701,4,2
48426,3,1
23917,4,1
37719,3,1
45339,4,1
39683,4,1
41799,3,1
33943,3,1
52148,3,1
25826,0,1
44811,3,1
38597,3,1
19042,4,2
8415,3,0
28705,0,1
22831,4,1
12698,4,0
35886,3,1
34954,8,1
34168,3,1
28537,3,1
5138,3,1
11821,4,1
5904,4,1
39677,4,1
50875,8,0
9391,4,0
2779,3,1
46910,1,1
19614,3,1
49958,7,1
11479,3,0
39213,4,1
41309,3,1
14937,7,0
14339,4,0
10799,0,0
7805,4,0
19426,0,1
49356,4,1
8071,4,0
13920,4,0
7039,4,1
20791,6,0
37726,0,1
4021,4,1
15476,3,0
59759,4,2
40674,3,1
10104,4,0
24331,2,0
56711,0,1
32254,0,1
3204,3,1
42123,3,1
12653,3,0
26466,3,1
13781,12,0
48419,3,1
46583,4,2
47451,4,1
6776,3,1
19089,0,0
26654,4,1
30731,12,1
7496,3,1
23326,0,0
34391,3,1
37514,13,1
53051,8,0
21471,4,2
15644,7,2
4213,3,1
10336,3,0
24103,4,0
41594,0,1
9168,1,0
2580,5,1
30355,3,1
12005,0,0
3452,4,1
31287,7,1
9954,3,0
17577,12,0
47207,4,1
6120,4,1
12839,10,0
51362,1,1
22690,4,0
29278,0,1
15220,4,0
44482,4,1
53435,6,1
32402,3,1
59933,0,1
11680,0,0
57095,7,1
10752,3,0
24567,3,1
40022,3,1
36290,5,1
4445,4,1
21227,3,1
15012,6,0
37342,3,2
32630,3,1
24755,1,1
43495,3,1
8288,3,0
3660,4,1
42547,0,1
12237,0,0
47035,0,1
6312,3,1
17745,4,0
49993,7,1
43653,8,1
2574,7,1
13123,4,0
19419,7,0
31273,3,1
49369,4,1
7006,3,1
51396,7,1
8872,0,0
41938,4,2
52513,5,2
39822,4,1
5751,3,1
37184,3,1
14306,5,0
20133,3,0
25441,4,1
11674,0,0
57061,8,1
24593,3,0
33524,4,1
58815,4,0
45796,4,0
36264,5,1
14134,2,0
20301,5,0
44644,3,1
11446,3,0
13311,0,0
43461,5,1
48089,3,1
28950,0,1
2746,3,1
3694,4,1
27918,12,1
34533,4,2
22456,13,0
7234,4,0
46113,4,1
14550,0,0
20765,4,0
5107,0,1
44220,3,1
15482,5,0
52345,8,2
40680,3,1
11022,3,0
41752,3,1
31425,12,1
26492,3,1
43005,4,0
2322,3,0
16207,5,0
22032,0,0
7650,3,0
6782,0,2
34157,3,1
28508,3,1
12495,3,0
43237,4,1
2110,2,0
13547,4,0
54280,0,1
7462,3,1
19841,0,0
46745,2,1
16035,0,0
22200,3,1
18993,3,1
34365,3,1
14762,0,0
25819,0,1
36432,4,3
33140,3,1
25025,6,0
58011,3,0
5769,3,1
25479,4,1
36852,0,2
57059,8,1
8076,4,0
7802,4,0
13927,4,0
9998,3,1
16469,0,0
28968,8,1
50872,8,1
9396,4,0
13329,0,0
19613,3,1
27920,12,1
4489,4,1
39214,4,1
14930,3,0
35881,3,1
22836,4,1
34953,8,1
28530,3,1
44218,4,2
58647,0,1
14568,4,0
59795,8,0
11826,4,1
5903,4,1
39670,4,1
33944,3,1
25821,0,1
15688,12,0
38590,3,1
33178,3,1
44816,1,1
41558,3,2
52973,8,0
16831,3,0
8412,3,0
19045,4,2
18197,12,0
2128,0,3
19879,4,0
6588,2,1
28702,0,1
35875,3,1
48421,3,1
9706,4,2
35049,12,0
59761,4,2
4019,4,1
24309,7,0
39684,4,1
4825,2,1
24907,3,1
21449,3,2
1759,3,0
52987,8,2
42329,8,1
9534,3,1
17917,5,0
3832,4,1
45568,3,1
56943,4,2
37148,3,1
37974,4,0
6924,3,1
9150,1,1
8082,4,0
6118,3,1
29240,4,1
12801,3,0
50886,8,0
18735,8,0
3658,4,1
26806,12,1
59305,0,0
44688,8,1
38332,3,1
12492,0,0
13540,4,0
2117,7,0
22207,0,1
16032,0,0
46742,2,1
7465,3,1
19846,0,0
34362,3,1
18994,3,1
14765,0,0
5332,4,1
36435,4,3
59598,8,0
33147,1,1
44829,3,1
44227,4,2
5100,3,1
20762,4,2
58678,0,1
14557,4,0
15485,2,0
52342,8,2
11819,4,1
40687,4,1
41755,3,1
11025,3,0
26495,3,1
31422,7,1
2325,3,0
43002,4,1
22035,0,0
16200,3,0
6785,6,1
54889,5,1
36263,5,1
44643,8,1
20306,5,0
14133,3,0
41331,5,0
11441,3,0
33711,4,2
2741,3,1
28957,0,1
43466,5,1
13316,0,0
31046,0,1
3693,4,1
34534,4,2
46114,4,1
7233,4,0
16664,5,0
13124,4,0
43654,3,1
31274,3,1
13918,4,0
16456,0,0
46326,4,1
7001,3,1
56988,4,2
39825,4,1
20134,0,0
14301,3,0
37183,3,1
11673,0,0
25446,4,1
33523,4,1
24594,3,0
57066,6,1
15015,5,0
36297,0,1
37345,3,1
5590,4,1
15829,0,0
32637,5,1
10567,3,0
43492,3,1
12230,0,0
42540,0,1
3667,4,1
17742,4,0
6315,4,3
47032,0,0
35412,4,1
18538,4,1
2587,3,1
30352,3,1
48248,3,1
3455,4,1
31280,3,1
26237,3,1
6127,4,1
47200,4,1
9953,3,0
17570,0,0
22697,4,0
8881,12,1
51365,1,1
15227,4,0
53432,3,1
59934,0,1
32405,12,0
40025,2,1
57092,10,1
10755,4,2
26653,4,1
17928,2,0
30736,13,1
7491,7,1
18960,5,0
6543,3,1
23321,0,0
53056,8,0
37513,4,1
4214,3,1
15643,2,0
21476,5,2
1766,3,0
24104,4,0
41593,0,1
37721,3,1
20796,4,0
53264,0,1
15471,3,0
4026,4,1
24336,3,0
38769,3,1
32253,0,1
12654,3,0
42124,4,1
3203,3,1
13786,5,0
34998,8,1
46584,4,1
6771,0,1
47456,4,0
22061,0,0
7603,4,1
34104,0,1
31476,12,1
13726,4,0
34938,5,1
9799,3,0
2371,4,2
43056,3,1
11071,0,0
41701,7,1
14503,4,0
37781,0,1
5154,3,1
4086,3,1
33113,4,2
52918,8,1
11243,1,0
5366,4,0
14731,0,0
52124,8,1
36461,4,3
19812,5,0
7431,0,1
22253,4,1
16066,12,0
28769,0,1
34336,3,1
8479,8,0
31644,0,1
2143,3,3
30796,0,1
43264,0,1
13514,10,0
59994,8,0
11627,0,1
25412,4,1
57032,3,1
40085,7,2
15287,4,0
39871,4,2
44425,4,1
5702,4,2
20160,0,0
34752,4,1
6187,4,1
35680,4,1
7055,3,1
22637,3,0
8821,0,0
16402,0,0
13170,4,3
18598,4,0
26297,3,1
7869,4,1
34560,4,2
47092,4,2
50025,13,2
22405,0,0
16630,3,1
7267,4,0
13342,5,0
2715,3,1
43432,0,1
12290,12,0
19678,3,1
11415,3,0
15889,4,2
33745,3,1
57200,0,1
36237,0,1
20352,3,1
5530,4,1
32451,3,1
24534,3,0
40071,13,1
33583,3,1
4624,3,1
56928,4,2
20194,5,0
38957,3,1
6173,4,1
46386,3,1
35674,4,1
51331,9,1
30306,3,1
13184,4,0
26263,3,1
55791,5,1
12056,0,0
6341,4,1
34594,3,1
47066,12,0
30908,3,1
29019,3,1
7293,3,0
35446,3,1
27183,12,1
30134,3,1
9309,3,0
42514,0,1
3633,4,1
12264,0,0
41391,0,1
1164,3,2
24706,4,0
10533,4,0
4416,3,1
45731,0,1
15041,5,0
22095,4,1
6725,4,1
23147,5,0
49598,4,2
3257,4,0
12600,3,0
30550,3,0
2385,4,2
40627,0,1
24362,0,0
10157,4,0
11085,0,0
32207,0,1
44287,3,1
37775,0,1
4072,4,1
45355,4,1
24150,3,3
44889,3,1
10365,8,0
40415,3,1
5392,4,1
37547,3,1
53002,8,0
15617,3,0
32809,4,2
21422,3,2
4240,3,1
36495,0,1
51755,4,2
3859,3,1
18934,3,0
47630,4,2
26607,4,1
3065,3,1
30762,0,1
39240,8,1
38392,3,1
40288,4,1
36208,6,1
1993,3,0
44628,3,1
7258,4,0
27148,0,1
8210,4,2
19647,3,1
28332,4,2
13973,4,0
22608,6,0
54688,8,0
6984,3,1
19475,5,1
7856,3,0
8022,2,0
11618,0,1
33548,0,1
3892,3,1
16059,12,0
29684,12,1
2940,3,0
19011,2,1
8446,3,0
49761,13,1
9594,0,0
57469,4,0
44842,3,1
52927,8,0
45990,8,1
5359,4,1
5957,0,1
4885,3,1
39624,4,1
20709,4,1
11872,4,1
42987,4,1
28564,3,1
31449,7,1
22862,4,0
34907,5,1
43069,3,1
48481,8,1
3866,3,1
29670,0,1
6528,3,1
26638,4,1
17943,3,0
9560,3,1
2188,5,1
38530,4,1
53801,3,1
45964,3,1
11288,1,0
24953,3,1
15628,5,0
32836,4,2
40618,0,1
10168,4,0
4871,3,1
32238,0,1
11886,4,1
42973,5,2
23178,3,0
3268,3,1
22896,4,1
35821,4,1
18305,0,1
48475,8,2
9752,0,0
15842,0,0
14990,5,0
4429,3,1
17729,0,0
30937,0,1
29026,3,1
35479,4,1
13389,0,1
18761,0,0
9336,3,0
9938,3,0
13987,4,0
12855,4,0
30339,3,1
9104,4,0
18553,4,2
12069,0,0
19481,7,1
38154,6,1
21079,4,3
56917,4,2
53459,4,2
53839,0,1
40412,8,1
10362,3,0
24157,0,0
5395,4,1
4247,3,1
36492,0,1
21425,3,2
15610,7,0
51752,4,2
29648,0,1
47637,4,3
6510,4,2
18933,3,0
3062,3,1
26600,4,1
43297,4,1
30765,0,1
9558,3,0
22092,4,1
23140,5,0
6722,3,1
12607,3,0
35819,4,1
3250,4,0
42177,4,1
2382,4,2
10150,4,0
24365,0,0
40620,0,1
32200,0,1
4849,5,1
11082,0,0
37772,0,1
45352,4,1
4075,4,1
17711,4,0
47061,12,0
34593,3,1
7294,3,1
35441,3,1
27184,12,1
18759,0,0
12263,0,2
26056,0,1
3634,4,2
42513,0,1
41396,0,1
24701,4,0
1163,3,1
59369,0,1
15046,5,0
45736,0,1
4411,3,1
59967,8,0
32456,2,3
37918,3,1
24533,0,0
4623,3,1
41998,3,1
38950,3,1
20193,5,0
6174,3,1
9900,1,0
35673,4,1
46381,3,1
6948,3,1
13183,4,0
30301,3,1
55796,5,1
26264,3,1
28138,7,1
50022,13,2
47095,4,0
34567,8,1
7260,4,0
16637,3,1
22402,0,0
43435,3,1
2712,8,1
27170,0,1
13345,5,0
12297,0,0
31015,0,2
39278,4,1
57207,5,0
33742,3,1
36230,4,1
5537,4,1
44610,4,3
20355,0,0
25415,4,1
11620,0,1
21889,0,0
59993,8,0
33570,3,1
40082,7,2
57035,8,1
36002,3,1
52547,1,1
15280,4,0
14352,4,2
20167,0,0
5705,4,2
44422,4,2
34755,4,1
6180,4,1
8826,0,0
16405,0,0
22630,3,0
35687,4,1
33114,4,2
11244,1,0
14736,0,0
5361,4,1
36466,4,3
52123,8,1
16061,12,0
22254,4,0
19815,5,0
7436,3,1
34331,3,1
2978,3,0
3096,3,1
31643,0,1
49759,13,1
19029,4,2
13513,3,0
43263,0,1
2144,3,3
30791,0,1
7604,4,1
51594,1,1
16253,5,0
22066,0,0
34103,3,1
43051,7,1
2376,4,2
24391,0,0
33326,0,1
41706,4,2
11076,5,0
37786,0,1
5153,3,1
14504,4,0
20731,4,0
4081,3,1
13980,4,0
12852,0,0
6977,7,1
18554,4,2
9103,4,0
3439,3,1
38153,3,0
10739,4,2
37927,0,1
56910,4,2
14997,5,0
59356,0,1
15079,0,0
30930,3,1
6379,4,1
29021,3,1
9331,7,0
1538,3,0
4876,3,1
5198,3,1
11881,4,0
42974,5,2
16298,0,0
12638,3,0
35826,4,1
22891,4,1
42148,4,0
9755,3,0
23943,4,0
48472,8,1
18302,0,0
29677,12,1
3861,3,1
47608,4,2
17178,0,0
31688,4,1
17944,3,0
9567,0,0
38537,4,1
24168,0,0
45963,3,1
24954,3,1
4278,4,1
32831,4,2
39623,4,1
41739,4,2
11049,0,0
4882,3,1
11875,4,1
45399,4,2
22059,0,0
28563,3,1
22865,4,1
2349,3,0
48486,8,2
34900,5,1
29683,12,1
3895,3,1
51799,8,1
7409,0,1
2947,3,0
28751,0,1
49766,0,1
8441,3,0
19016,3,1
9593,0,0
44845,3,1
45997,8,1
52920,8,0
36459,4,3
13974,4,0
8819,0,0
6983,3,1
43638,3,1
31218,4,1
19472,5,1
7851,3,0
59190,4,0
39849,3,1
20158,0,0
39247,4,2
1994,3,0
16608,3,0
19640,5,0
10502,3,0
40272,3,1
32652,3,1
15070,4,0
4427,3,1
35477,4,1
29028,3,1
17727,0,0
30939,0,1
47057,12,1
6370,4,1
12255,0,0
3602,3,1
42525,0,1
9338,3,0
13387,4,0
35645,4,1
6142,4,1
13989,4,0
17515,5,0
42717,4,2
12067,0,0
26252,2,1
30337,3,1
40040,3,1
24505,0,0
32460,3,1
14390,4,2
53457,4,2
56919,4,2
15242,4,0
47601,4,2
6526,2,1
18905,4,0
17171,0,0
3868,3,1
30753,0,1
3054,3,1
26636,4,1
11286,1,1
40424,3,1
57493,4,1
10354,3,0
24161,0,0
15626,6,0
53033,8,0
37576,4,1
32236,0,1
10166,4,0
1531,3,0
40616,0,1
15414,4,0
45364,4,1
4043,4,1
11888,4,1
37744,0,1
23176,3,0
6714,3,1
16291,3,0
12631,3,0
26404,0,1
3266,3,1
22898,0,1
42141,4,1
28758,0,1
17185,0,2
16057,12,0
22262,4,2
19823,0,0
7400,4,2
13525,0,0
43255,0,1
2172,3,1
8448,3,0
11272,3,0
52929,8,0
57467,4,0
36450,4,3
52115,3,1
14700,12,0
37582,7,1
5357,4,0
41730,4,2
56787,0,1
11040,0,0
5959,0,1
33310,3,1
45390,4,2
5165,3,1
14532,3,0
20707,4,2
23182,0,0
22050,0,0
42989,4,1
43067,3,1
2340,3,0
30595,7,1
27522,4,2
34909,5,1
3292,3,1
31447,7,1
40286,4,0
41354,1,1
11424,0,0
5501,3,1
44626,3,1
15084,13,0
36206,0,1
35483,4,1
7256,4,0
19649,3,0
31023,0,1
28932,3,1
2724,3,1
13373,4,0
8810,0,0
16433,3,0
31211,4,1
12093,0,0
7858,4,1
27374,3,0
54686,8,0
43631,0,1
33546,0,1
57003,4,2
25423,4,1
11616,0,1
32494,4,1
38992,6,1
14364,4,2
20151,0,0
44414,4,2
21083,4,0
39840,3,1
43890,4,1
23149,6,0
9763,3,0
48444,3,1
23975,0,0
35810,4,1
49596,4,2
3259,4,0
32209,0,1
4840,3,1
5992,0,1
10159,4,0
40629,0,1
44289,12,1
45955,3,1
38501,1,1
53830,0,1
44887,3,1
15619,5,0
32807,4,2
37549,4,1
6519,2,1
2985,3,0
3857,3,1
17972,4,0
9551,3,1
8483,8,0
26609,4,1
37911,8,1
38959,3,1
56926,4,2
41991,0,1
29225,4,1
46388,3,1
12864,4,0
42728,4,2
12058,0,0
6941,3,1
18562,4,2
30308,3,1
9135,4,1
26863,10,1
35448,3,1
29017,3,1
17718,0,0
30906,6,1
47068,12,0
19682,5,1
18750,0,0
24708,3,0
38357,2,1
39285,4,1
15873,4,0
59360,0,1
4418,3,1
20952,4,0
11629,0,1
36837,4,1
21880,0,0
41159,7,1
15289,4,0
41965,3,1
22639,3,1
12890,4,0
13942,0,1
6189,3,1
7867,3,0
26897,3,1
7269,3,0
19676,3,1
14955,3,0
15887,4,0
44619,4,1
36239,3,1
28555,3,2
9797,4,0
13728,0,0
34936,5,1
22853,4,1
24398,0,1
5966,0,1
11843,4,1
4088,3,1
10991,3,0
52916,8,1
44873,3,1
25844,0,1
24996,1,1
5368,4,1
34338,3,1
2971,3,0
28767,0,1
16068,12,0
30798,0,1
8477,6,0
19020,4,2
46344,1,1
22601,3,0
8817,0,0
16434,3,0
12094,0,0
31216,4,1
2511,4,0
43636,3,1
13146,4,2
54681,0,0
27373,3,0
57004,4,2
33541,3,1
41161,12,1
11611,0,1
25424,4,1
44413,4,2
5734,4,1
20156,3,0
14363,4,2
38995,1,1
39847,3,1
40281,12,1
11423,3,0
39249,4,2
41353,1,1
20364,3,0
5506,3,1
15083,13,0
16606,3,0
35484,4,1
7251,4,0
6383,4,1
31024,0,1
26093,0,1
13374,4,0
28935,3,1
11047,0,0
41737,4,2
20700,4,2
14535,0,0
5162,3,1
22057,0,0
7635,2,0
27525,6,1
2347,3,0
48488,3,1
43060,3,1
3295,4,3
31440,12,1
17182,0,2
34300,5,1
19824,0,0
7407,4,2
22265,4,2
16050,0,0
51797,8,1
43252,0,1
13522,3,0
19018,4,2
49768,0,1
42380,3,1
31672,1,1
11275,2,0
45999,8,1
25040,3,0
24192,4,1
33125,4,2
52112,0,1
36457,4,3
4282,4,1
37585,8,1
5350,4,0
4878,3,1
32231,0,1
40611,0,1
1536,3,0
24354,0,0
10161,4,0
4044,4,1
45363,4,1
5196,3,1
37743,0,1
6713,3,1
28599,4,1
23171,3,0
16296,3,0
42146,4,1
3261,3,1
26403,0,1
12636,3,0
17176,0,0
6521,7,1
47606,4,2
51763,4,2
30754,0,1
2181,3,1
9569,0,0
26631,4,3
31686,4,1
11281,1,1
24166,0,0
57494,4,1
40423,3,1
53808,0,0
38539,4,1
15621,5,0
4276,4,1
37571,3,1
53034,8,0
17512,3,0
9931,3,0
6145,4,1
34790,4,1
26255,2,1
12060,0,0
30330,3,1
6979,3,1
24502,5,0
37929,8,1
40047,3,1
32467,3,1
38961,3,1
53450,4,1
15245,4,0
45535,3,1
40275,12,1
14999,3,0
33787,0,3
24730,3,0
10505,3,0
32655,5,1
4420,3,1
59358,0,1
15077,0,0
35470,4,2
6377,4,1
47050,12,1
17720,0,0
29813,0,1
42522,0,1
3605,4,1
26067,0,1
55595,0,1
30102,1,1
52911,8,0
44874,3,1
25843,0,1
36468,4,1
14738,0,0
28760,0,1
2976,3,0
7438,3,1
17981,4,1
19027,4,2
3098,3,1
8470,0,0
49757,13,1
28552,3,1
22068,0,0
34931,5,1
2378,4,2
9790,3,0
22854,4,1
11078,5,0
41708,4,2
39612,4,2
33328,0,1
11844,4,0
10996,3,0
37788,0,1
16639,3,1
26890,3,1
34569,3,1
19671,3,1
14952,3,0
57209,1,0
39276,4,1
15880,4,3
5539,4,1
20955,4,0
21887,0,0
36830,0,1
20169,0,0
41962,1,1
12897,4,0
35689,4,3
8828,0,0
13945,3,1
7860,4,1
8014,3,0
31229,5,1
13179,4,0
26864,3,1
6348,4,1
30901,12,1
19685,3,0
26058,0,1
18757,0,0
41398,0,1
15874,4,0
39282,4,2
1951,4,0
59367,0,1
15048,5,0
10708,3,0
37916,3,1
40078,3,1
21873,3,0
59969,8,0
32458,3,1
41996,8,1
56921,4,2
12863,4,3
55798,8,1
9132,4,1
6946,3,1
24159,0,0
44880,3,1
53837,0,1
38506,5,1
4249,3,1
28794,1,1
2982,3,0
47639,4,2
35219,4,1
3850,3,1
43299,4,1
17975,4,0
9556,3,0
8484,8,0
43897,3,1
23972,3,0
48443,3,1
9764,3,0
12609,5,0
35817,4,1
4847,6,1
5995,0,1
1758,6,0
52986,8,0
24906,3,1
3833,4,1
29625,0,1
17916,5,0
9535,3,1
35048,0,1
35874,3,1
48420,3,1
23911,4,0
9707,4,0
24308,7,0
39685,4,1
4018,4,1
59760,4,2
26807,12,1
18734,3,0
50887,8,1
3659,4,1
38333,3,1
59304,0,0
1932,4,0
44689,3,1
37975,4,0
15219,4,0
56942,4,2
12800,3,0
29241,4,1
9151,3,0
8083,4,0
27921,12,1
13328,0,0
28969,8,1
9397,4,0
50873,8,1
8245,4,1
19612,3,1
39215,3,1
14931,7,0
4488,4,1
58222,1,1
25478,4,1
36853,0,1
57058,8,1
37981,3,1
5768,1,1
58010,3,0
9999,3,1
16468,0,0
19420,7,1
7803,3,0
8077,4,0
44817,4,0
33179,3,1
38591,3,1
52972,8,0
33945,3,1
25820,0,1
19878,4,0
22239,4,1
28703,0,1
2915,3,0
6589,3,2
19044,4,2
8413,3,0
16830,3,0
2129,0,3
18196,12,0
7669,3,0
28531,3,1
49506,4,1
22837,4,1
35880,3,1
27579,3,1
34952,8,1
5902,4,1
39671,4,1
14569,4,0
58646,0,1
44219,3,1
11827,4,1
59794,0,0
17571,0,0
9952,3,1
6126,4,1
47201,4,1
22696,4,1
51364,1,1
8880,12,1
30353,3,1
2586,3,0
18539,4,1
26236,3,1
12003,0,0
31281,3,1
3454,4,1
32404,12,1
59935,4,0
11686,0,0
24561,0,1
57093,7,1
10754,4,2
40024,3,1
15226,4,0
53433,3,1
24753,1,0
10566,3,0
4443,4,1
36296,0,1
15014,6,0
37344,3,1
6314,3,1
47033,0,0
17743,4,0
16691,5,0
26838,12,0
43493,3,1
42541,0,1
3666,4,1
40672,0,1
38768,3,1
24337,3,0
10102,4,0
32252,10,1
20797,4,0
37720,3,1
4027,4,1
15470,3,0
46585,4,1
6770,3,1
47457,4,1
42125,4,1
3202,3,1
26460,4,1
12655,3,0
9738,0,0
7490,5,1
23320,0,0
6542,3,1
34397,3,0
18961,6,0
26652,4,1
17929,2,0
30737,6,1
24105,4,0
41592,0,1
37512,4,1
53057,8,0
15642,2,2
4215,3,1
40686,4,1
11024,3,0
41754,3,1
20763,4,0
14556,4,3
44226,3,1
5101,3,1
11818,4,1
15484,5,0
52343,8,2
22034,0,0
16201,3,0
6784,0,1
31423,0,1
26494,3,1
27546,0,1
2324,3,0
43003,4,1
46743,2,1
19847,0,0
22206,0,1
16033,0,0
34363,3,1
31611,0,1
2116,2,0
43231,4,1
13541,4,0
33146,7,1
25023,3,0
14764,0,0
59599,8,0
36434,4,1
13919,4,0
46327,4,1
7000,3,1
16457,0,0
2572,2,1
43655,8,1
13125,4,0
31275,3,1
11672,0,0
25447,4,1
24595,3,0
57067,6,1
20909,4,2
33522,4,1
39824,4,1
56989,4,2
44470,4,1
5757,3,1
20135,0,0
14300,3,0
11440,3,0
41330,5,0
33710,4,2
36262,5,1
20307,5,0
14132,3,0
44642,3,1
5565,3,1
34535,4,2
49961,3,1
46115,4,1
7232,4,0
13317,5,0
2740,3,1
43467,5,1
3692,4,1
31047,0,2
16239,4,0
28536,3,1
12699,4,0
35887,3,1
22830,4,1
49501,4,1
34955,8,1
5905,4,1
39676,4,1
5139,3,1
11820,4,1
38596,3,1
44810,3,1
52975,8,0
39444,3,1
33942,3,1
25827,0,1
52149,3,1
2912,4,2
28704,0,1
8414,3,0
19043,4,2
37986,3,1
14338,4,0
44448,4,1
13921,4,0
7038,4,1
49357,4,1
3498,4,0
19427,0,1
7804,4,0
27926,1,1
49959,7,1
22468,0,1
2778,3,1
9390,4,0
50874,8,0
19615,3,1
8242,4,1
39212,4,1
11478,3,0
14936,7,0
58225,3,1
37972,4,0
4649,4,1
56945,4,2
59131,6,1
47239,4,1
17549,0,0
29246,3,1
12807,6,0
18501,3,0
9156,3,0
43699,3,1
8084,4,0
26800,0,1
50880,8,1
18733,3,0
12209,3,0
29848,12,1
57299,4,2
38334,3,1
59303,0,0
21219,3,1
53639,4,1
6748,4,1
26458,4,1
35873,3,1
9700,4,0
48427,3,1
54078,4,1
39682,4,1
41798,8,1
37718,3,1
45338,4,1
40478,4,0
38562,7,1
10308,4,0
52981,8,0
3834,4,1
18959,5,0
23318,0,0
17911,6,0
9532,6,0
11447,5,0
33717,13,1
45797,4,1
36265,5,1
44645,3,1
20300,5,0
27919,12,1
34532,4,2
7235,4,0
46112,4,1
22457,13,0
48088,3,1
28951,0,1
43460,5,1
2747,3,1
13310,8,0
3695,4,1
51999,8,1
31040,0,1
16450,0,0
51397,7,1
7007,3,1
13122,4,0
43652,8,1
31272,3,1
25440,4,1
11675,0,0
33525,4,1
57060,8,1
24592,3,0
41939,4,2
39823,4,1
52512,5,2
14307,5,0
20132,3,0
37185,3,1
5750,3,1
16034,0,0
19840,0,0
7463,3,1
46744,5,1
34364,3,1
18992,3,1
16808,0,0
12494,3,0
13546,4,3
43236,4,1
2111,2,0
33141,3,1
25024,7,0
14763,0,0
25818,0,1
36433,4,3
41753,3,1
11023,3,0
44221,3,1
53296,1,1
14551,0,0
20764,4,2
15483,3,0
52344,8,2
16206,3,0
22033,0,0
28509,3,1
34156,3,1
6783,6,1
26493,3,1
43004,4,0
2323,3,0
13774,3,0
7497,7,1
47662,0,1
18966,5,1
34390,3,1
23327,0,0
19088,0,0
12460,0,0
26655,4,1
30730,12,1
1760,3,0
40447,4,2
24102,4,0
41595,0,1
53050,8,0
37515,13,1
4212,3,1
21470,4,1
15645,7,2
40675,3,1
32255,0,1
37727,0,1
20790,6,0
59758,4,2
15477,3,0
4020,4,1
46582,4,1
47450,4,1
6777,0,1
12652,3,0
26467,3,1
3205,3,1
42122,7,1
23929,4,0
48418,3,1
13780,12,0
32631,3,1
24754,1,1
21226,3,1
15013,6,0
4444,4,1
37343,3,1
17744,4,0
47034,0,0
6313,4,2
35414,4,1
43494,3,1
12236,0,0
3661,4,1
8289,4,0
42546,0,1
47206,4,1
17576,0,0
9955,3,0
51363,1,1
8887,0,0
29279,0,1
22691,4,0
12838,3,0
35626,4,1
30354,3,1
9169,1,0
31286,3,1
3453,4,1
12004,0,0
26231,3,1
11681,0,0
59932,0,1
32403,3,1
40023,3,1
57094,7,1
10753,4,2
24566,3,1
15221,4,0
38905,7,1
53434,3,1
16459,0,0
13917,4,0
7832,3,0
20907,4,2
57069,6,1
36862,3,1
25449,4,1
57855,4,1
5759,3,1
56987,4,2
39224,0,1
20309,5,0
58213,12,0
31875,5,1
27910,12,1
19623,3,1
8274,3,0
31049,0,1
50842,5,1
43469,5,1
48081,3,1
28958,0,1
13319,0,0
39640,4,1
5933,4,1
40688,4,1
38792,3,1
11816,4,0
44228,4,1
14558,4,0
58677,0,1
28500,2,1
7658,3,0
34963,8,1
27548,0,1
8610,3,0
28732,0,1
22208,0,0
19849,0,0
2118,2,0
16801,12,0
19075,0,0
39472,0,1
52943,8,1
33148,13,1
59597,8,0
33974,0,1
4815,7,1
24339,3,0
38766,7,1
4029,3,1
20799,4,0
58683,0,1
47459,4,1
48411,3,1
13789,5,0
34997,8,1
35845,4,1
34399,3,1
3802,4,2
17927,2,0
30739,6,1
9504,0,0
42319,8,1
12469,0,0
19081,0,0
32852,4,2
33980,5,1
24937,3,1
22698,4,0
12831,3,0
6128,3,1
26238,3,1
6914,4,1
18537,4,0
9160,1,0
2588,3,1
48247,3,1
37944,3,1
37178,3,1
56973,4,2
15228,4,0
10568,5,0
32638,3,1
1903,3,2
36298,0,1
29042,2,0
30953,3,1
8280,3,0
3668,4,1
48075,3,1
25012,3,1
40485,4,0
57432,3,1
52140,3,1
15687,12,0
14755,0,0
6587,3,2
16002,5,0
22237,4,1
19876,4,0
7455,3,1
18198,12,0
2127,0,3
31620,0,1
26697,4,0
47492,4,0
16230,2,0
43032,0,1
2315,3,0
41765,0,1
11015,0,0
1590,4,0
52372,8,2
11829,4,1
5130,3,1
44217,4,2
58648,0,1
20752,4,2
7203,3,0
22461,13,0
29089,4,1
34504,12,1
42584,3,1
9399,4,0
13326,0,0
24796,8,1
33721,13,0
41301,3,1
11471,3,0
14103,3,0
20336,3,0
36253,5,1
4486,4,1
33513,4,1
57056,8,1
10791,0,0
25476,4,1
14331,4,0
20104,0,0
5766,1,1
44441,4,1
45593,4,1
52524,1,1
39815,4,1
8845,12,1
16466,0,0
7031,3,1
13928,3,1
34736,4,1
9997,3,1
8079,4,0
3491,4,0
31244,3,1
13114,4,1
43664,0,1
2543,4,0
35422,4,1
26809,12,1
22495,4,1
47002,0,1
6325,0,1
12200,3,0
3657,4,1
29841,0,1
28993,3,1
50889,8,0
2785,3,1
57290,0,1
44687,8,1
21210,4,0
4472,4,1
10765,4,2
24550,3,0
25482,4,1
32435,3,1
53402,0,0
38933,13,1
5792,3,3
4640,4,1
21022,0,0
16492,3,0
51355,1,1
47230,4,1
6117,4,1
17540,0,0
9963,3,0
3465,5,0
12032,0,0
43690,3,1
52988,8,1
33183,0,1
1756,3,0
10301,4,0
24134,3,0
4224,3,1
21446,3,2
15673,1,0
37523,8,1
24908,3,1
47654,3,1
23311,0,0
19882,4,0
17918,3,1
42326,8,1
26663,4,1
23123,4,3
6741,4,1
7693,3,0
35046,0,1
51503,1,1
9709,0,0
27583,3,1
54071,4,1
12664,0,0
26451,4,1
42114,7,1
41791,3,1
32263,0,1
24306,2,0
40643,0,1
52386,8,2
45331,4,1
4016,4,1
1904,3,2
31886,8,1
29045,3,1
26831,12,1
30954,3,1
42548,0,1
12238,0,0
48072,3,1
12836,3,0
8889,0,0
29277,0,1
47208,4,1
31288,3,1
48240,3,1
9167,1,0
6913,4,0
37943,0,1
56974,4,2
23329,0,0
18968,5,0
7499,3,1
3805,4,1
17920,3,1
9503,0,0
19086,0,0
39481,0,1
10339,3,0
40449,4,2
32855,4,2
4812,3,1
38761,4,1
15479,3,0
58684,0,1
37729,0,1
6779,0,1
54049,1,1
34990,8,1
23927,4,1
48416,3,1
26469,3,1
28735,0,1
2923,3,0
13548,4,3
19072,0,0
16806,7,0
52944,8,1
39475,0,1
44821,4,0
59590,8,0
33973,0,1
39647,4,1
38795,3,0
5934,4,1
11811,0,0
58670,0,1
5108,3,1
34158,3,1
28507,3,1
16208,5,0
22801,0,0
19240,7,1
33719,13,0
11449,3,0
39223,3,1
58214,12,0
45799,4,0
22459,13,0
27917,12,1
8273,3,0
19624,3,1
48086,8,1
2749,3,1
7009,3,1
51399,0,1
29283,0,1
13910,4,0
7835,4,0
20900,4,2
39011,13,1
57852,4,2
14309,6,0
56980,4,2
6746,4,1
34193,3,1
51504,1,1
7694,3,0
35041,0,1
54076,4,1
27584,3,1
48429,3,1
42113,2,1
26456,4,0
12663,0,0
56721,4,1
41796,0,1
40644,0,1
1563,3,0
24301,4,3
45336,4,1
52381,8,2
37716,3,1
24133,3,0
10306,4,0
33184,3,1
15674,1,0
4223,3,1
37524,8,1
58489,8,1
23316,0,0
6574,7,1
18957,6,0
26664,4,0
24557,0,0
10762,4,2
32432,3,1
25485,4,1
5795,3,1
57899,13,0
38934,13,1
53405,0,0
15210,3,0
4647,4,1
12809,6,0
29248,4,1
16495,3,0
51352,1,1
17547,0,0
9964,3,0
6110,3,1
47237,4,1
12035,0,0
3462,4,1
9158,1,0
43697,3,1
22492,4,1
35425,4,1
47005,0,0
23540,5,0
29846,12,1
3650,4,1
12207,3,0
2782,3,1
57297,0,1
11482,0,0
32600,3,1
53637,4,1
44680,3,1
4475,4,1
45752,0,1
15022,2,0
21217,4,1
57051,8,1
10796,0,0
33514,4,1
41134,1,1
25471,4,1
44446,4,1
5761,7,1
20103,0,0
14336,4,0
39812,12,1
52523,1,1
45594,4,1
7036,4,1
8842,12,1
16461,0,0
9990,3,0
19429,0,0
49359,4,1
3496,4,1
31243,3,1
2544,4,1
43663,0,1
13113,7,0
49957,7,2
22466,13,0
7204,3,0
34503,12,1
27928,12,1
42583,6,1
31071,5,1
13321,0,0
28960,0,1
14938,7,0
20331,3,0
14104,3,0
44674,0,1
36254,5,1
34167,8,1
47495,4,0
50422,4,1
28538,3,1
7660,3,0
54082,0,1
13745,0,0
2312,3,0
12697,4,0
35889,3,1
11012,3,0
39678,4,1
41762,3,1
33342,4,1
52375,8,2
20755,4,0
14560,4,3
44210,4,2
5137,3,1
57435,3,1
40482,4,0
38598,3,1
33170,3,1
52147,3,1
15680,12,0
25829,0,1
14752,0,0
34355,3,1
19871,4,0
7452,3,1
22230,4,2
16005,5,0
2120,3,2
26690,4,3
31627,0,1
2180,3,1
30755,0,1
3052,3,1
16899,3,0
31687,4,1
26630,4,1
47607,4,2
17177,0,0
22290,4,2
51762,4,2
25889,13,1
15620,6,0
53035,8,0
37570,3,1
11280,1,0
40422,3,1
38538,4,1
53809,0,0
24167,0,0
57495,4,1
10352,0,0
15412,4,0
4045,4,1
45362,4,1
37742,0,1
5197,3,1
32230,0,1
4879,3,1
24355,0,0
10160,4,0
40610,0,1
1537,3,0
26402,0,1
12637,3,0
42147,4,1
3260,3,1
23170,3,0
28598,4,1
6712,3,1
15076,0,0
59359,0,1
4421,3,1
10504,3,0
40274,12,1
14998,3,0
32654,3,1
26066,0,1
12253,0,2
42523,0,1
3604,4,1
13381,4,0
35471,4,2
17721,0,0
6376,4,1
47051,12,1
26254,2,1
12061,0,0
27386,5,1
30331,3,1
35643,4,1
6144,4,2
17513,3,0
14396,4,0
38960,3,1
45534,3,1
15244,4,0
21071,4,0
40046,7,2
24503,0,0
32466,3,1
41194,0,1
5507,3,1
20365,5,0
15082,0,0
36200,6,1
40280,12,1
39248,4,2
41352,1,1
11422,3,0
26092,0,1
8218,4,1
2722,7,1
28934,3,1
13375,4,0
7250,4,0
16607,3,0
6382,4,1
31217,4,1
12095,0,0
54680,0,0
27372,3,0
2510,4,0
43637,8,1
22600,3,0
16435,3,0
8816,0,0
20157,0,0
38994,1,1
14362,4,2
44412,4,2
5735,4,1
39846,3,1
33540,3,1
57005,4,2
11610,0,1
32492,3,1
13523,3,0
43253,0,1
49769,0,1
31673,1,1
19019,4,2
34301,5,1
17183,0,2
22264,4,2
16051,0,0
7406,4,2
19825,0,0
4283,4,1
36456,4,3
52113,0,1
14706,0,0
5351,4,0
37584,8,1
11274,2,0
45998,8,1
25041,3,0
33124,4,2
45396,4,2
5163,3,1
14534,3,0
41736,4,2
11046,0,0
33316,0,1
2346,3,0
43061,3,1
48489,3,1
13711,3,0
3294,4,3
7634,3,0
22056,0,0
56920,4,2
41997,3,1
10709,3,0
32459,3,1
59968,8,0
3409,3,1
55799,8,1
7895,7,0
18564,4,2
6947,3,1
9133,4,1
12862,4,0
19684,3,1
26059,0,1
18756,0,0
26865,3,1
29011,3,1
30900,12,1
6349,4,1
1950,3,0
59366,0,1
45739,0,1
39283,4,2
15875,4,0
48442,3,1
23973,3,0
9765,3,0
12608,3,0
35816,4,1
42178,4,1
49590,4,2
4846,3,1
5994,0,1
4248,3,1
32801,4,2
24964,3,1
53836,0,0
24158,0,0
44881,2,1
43298,4,1
9557,3,1
17974,4,0
8485,8,0
47638,4,2
28795,1,1
2983,3,0
3851,3,1
9791,3,0
2379,4,2
34930,5,1
22855,4,1
28553,3,1
22069,0,0
11845,4,1
37789,0,1
41709,4,2
39613,4,2
11079,0,0
5960,0,1
33329,0,1
25842,0,1
36469,4,1
14739,0,0
52910,8,1
44875,3,1
17980,4,1
8471,0,0
19026,4,2
28761,0,1
2977,3,1
7439,3,1
20168,0,0
41963,3,1
52548,1,1
20954,4,0
21886,0,0
31228,5,0
7861,3,0
13178,4,0
8829,0,0
12896,4,0
35688,4,1
12298,0,0
19670,3,1
26891,3,1
16638,3,1
34568,3,1
5538,4,1
57208,1,0
14953,3,0
15881,4,2
39277,4,2
45391,4,2
14533,3,0
20706,4,2
5164,3,1
11041,0,0
41731,4,2
33311,3,1
5958,0,1
34908,5,1
43066,3,1
2341,3,0
31446,3,1
3293,4,3
22051,0,0
42988,4,1
7633,7,0
43254,0,1
13524,3,0
8449,3,0
17184,0,2
7401,4,2
19822,5,0
16056,12,0
22263,4,2
52114,3,1
4284,4,1
36451,4,3
5356,4,0
37583,8,1
14701,12,0
52928,8,0
11273,6,0
57466,4,1
24194,1,1
33123,4,2
7859,3,0
12092,0,0
31210,4,1
43630,0,1
27375,3,0
54687,0,0
46342,1,1
16432,3,0
8811,0,0
22607,7,0
44415,4,2
14365,4,2
38993,1,1
20150,0,0
39841,3,1
57002,4,2
33547,0,1
32495,4,1
25422,4,1
11617,0,1
20362,3,0
5500,3,1
44627,7,0
36207,3,1
15085,0,0
40287,4,0
11425,3,0
41355,1,0
19648,3,0
13372,4,0
28933,3,1
7257,4,0
35482,4,1
6385,4,1
12066,0,0
3431,3,1
30336,3,1
35644,4,3
9937,3,0
17514,5,0
13988,4,0
6143,4,1
14391,4,2
53456,4,2
15243,4,0
45533,3,1
56918,4,2
24504,5,0
32461,3,1
4426,3,1
15071,4,0
10503,3,0
32653,3,1
3603,4,1
42524,0,1
12254,0,0
13386,4,0
9339,3,0
35476,4,1
47056,12,1
6371,4,1
17726,0,0
30938,0,1
45365,4,1
11889,4,1
4042,3,1
15415,4,0
37745,0,1
5190,3,1
1530,6,0
40617,0,1
10167,4,0
3267,3,1
42140,4,1
12630,3,0
6715,3,1
23177,3,0
16290,3,0
2187,7,0
30752,0,1
26637,4,1
3055,3,1
31680,3,1
17170,0,0
47600,4,2
6527,7,1
3869,3,1
15627,5,0
32839,4,2
4270,4,1
53032,8,0
11287,1,1
57492,4,1
10355,0,0
24160,0,0
8220,4,1
19677,3,1
27178,0,1
26896,3,1
7268,3,0
44618,4,1
36238,0,1
14954,3,0
39270,4,2
15886,4,2
15288,4,1
20953,4,0
33578,3,1
21881,0,0
11628,0,1
36836,4,1
7866,4,1
19445,3,0
8012,3,0
18597,4,0
12891,4,0
22638,3,0
6188,3,1
13943,0,1
25845,0,1
5369,4,1
58411,1,1
52917,8,0
44872,7,1
30799,0,1
19021,4,2
8476,3,0
2970,3,0
28766,0,1
34339,3,1
16069,12,0
13729,0,0
34937,5,1
9796,4,0
43059,3,1
22852,4,1
28554,3,1
29486,3,1
4089,3,1
11842,4,1
10990,3,0
39614,4,2
5967,0,1
15618,3,0
32806,4,2
45954,3,1
44886,3,1
38500,1,1
9550,3,0
17973,4,0
54228,4,1
26608,4,1
8482,8,0
2984,3,0
29640,0,1
3856,3,1
9762,4,0
48445,3,1
49597,4,2
3258,4,0
35811,4,1
43891,4,1
23148,5,0
44288,12,1
4841,3,1
32208,0,1
10158,4,0
5993,0,1
19683,3,1
18751,3,0
29016,3,1
26862,6,1
35449,3,1
47069,12,0
17719,0,0
30907,0,1
4419,3,1
59361,0,1
24709,4,1
15872,4,3
39284,4,2
38958,3,1
41990,0,1
56927,4,2
12059,0,0
7892,7,0
42729,4,2
9134,4,1
30309,3,1
6940,3,1
46389,3,1
12865,4,0
29224,4,1
36003,3,1
5704,4,2
14353,4,2
20166,0,2
21888,0,0
59992,8,0
25414,4,1
11621,0,1
57034,8,1
33571,3,1
40083,3,1
6181,3,1
34754,4,1
7053,0,1
35686,4,1
16404,0,0
8827,0,0
22631,3,0
27171,0,1
13344,7,0
28905,0,1
31014,12,1
12296,0,0
34566,8,1
28139,7,2
50023,13,2
16636,3,1
22403,0,0
7261,4,0
36231,4,1
20354,0,0
5536,4,1
44611,4,3
11413,0,0
33743,3,1
43050,3,1
23989,0,0
2377,4,2
51595,1,1
16252,5,0
22067,0,0
7605,4,1
34102,3,1
14505,4,0
20730,4,1
5152,3,1
37787,0,1
4080,3,1
24390,0,0
11077,5,0
41707,4,2
5360,4,1
58418,1,1
14737,0,0
52122,3,1
36467,4,3
57450,3,1
33115,4,2
11245,13,0
19028,4,2
31642,0,1
49758,13,1
43262,0,1
30790,0,1
2145,3,3
7437,3,1
19814,5,0
16060,12,0
22255,4,2
2979,3,0
34330,3,1
3251,4,0
42176,3,1
12606,3,0
35818,4,1
2383,4,2
22093,4,1
23141,5,0
37773,0,1
45353,4,1
4074,4,1
40621,0,1
10151,4,0
24364,0,0
11083,0,0
4848,6,1
32201,0,1
5394,4,1
53004,8,1
21424,3,2
15611,2,0
36493,0,1
4246,3,1
10363,3,0
24156,0,0
53838,0,1
40413,8,1
26601,4,1
3063,3,1
9559,3,1
30764,0,1
51753,4,2
29649,0,1
47636,4,3
18932,3,0
6511,4,2
41999,3,1
4622,3,1
53460,4,2
20192,3,0
32457,7,3
59966,8,0
37919,3,1
24532,0,0
33585,3,1
30300,3,1
13182,4,0
6949,3,1
55797,8,1
26265,3,1
42720,4,2
9901,1,0
6175,4,1
46380,0,1
27185,12,1
18758,8,0
3635,4,0
42512,0,1
29823,0,1
26057,0,1
47060,12,1
34592,8,1
6347,4,1
17710,4,0
35440,0,1
7295,3,0
45737,0,1
4410,3,1
15047,6,0
59368,0,1
41397,0,1
24700,4,1
19017,3,1
49767,0,1
8440,3,0
9592,0,0
7408,4,2
29682,12,1
51798,8,1
3894,3,1
28750,0,1
14708,0,0
36458,4,3
44844,3,1
39410,0,1
52921,8,0
45996,8,1
11874,4,1
45398,4,1
5951,0,1
4883,3,1
11048,0,0
39622,4,1
41738,4,2
22864,4,1
34901,5,1
2348,3,0
48487,3,1
28562,3,1
1995,3,0
19641,5,0
16609,12,0
43639,3,1
6982,2,1
7850,3,0
19473,5,1
31219,4,1
13975,4,0
8818,0,0
20159,0,0
39074,0,1
15078,0,0
59357,0,1
15844,0,0
14996,5,0
9330,4,0
26068,0,1
6378,4,1
30931,0,1
29020,2,1
9102,4,2
18555,4,2
27388,3,1
13981,4,3
12853,4,0
59165,4,1
56911,4,2
14398,4,1
32468,3,1
39080,7,1
21843,3,0
37926,3,1
38152,3,1
31689,4,1
9566,0,0
17945,2,0
35229,4,1
29676,12,1
3860,3,1
17179,0,2
47609,4,2
24955,3,1
32830,4,2
4279,4,1
24169,0,0
38536,4,1
53807,2,0
45962,3,1
5199,3,1
11880,4,0
1539,3,0
4877,3,1
22890,4,1
12639,3,0
35827,4,1
18303,0,0
9754,2,0
48473,8,2
23942,4,0
16299,0,0
27182,12,1
26050,0,1
12265,0,0
42515,0,1
3632,4,1
17717,0,0
30909,3,1
34595,3,1
47067,12,0
35447,3,1
7292,3,0
29018,3,1
15040,5,0
4417,3,1
24707,3,0
1165,3,1
56929,4,2
4625,4,1
21047,4,0
20195,3,0
38956,3,1
32450,3,1
40070,5,1
33582,3,1
24535,0,0
30307,3,1
42727,4,2
26262,3,1
55790,8,1
12057,0,0
6172,3,1
46387,7,1
35675,4,1
53003,8,0
5393,4,1
36494,0,1
4241,3,1
15616,5,0
32808,4,2
21423,3,2
24151,0,0
44888,3,1
10364,3,0
3064,3,1
26606,4,1
54226,12,1
30763,0,1
3858,3,1
51754,4,2
18935,3,0
47631,4,2
12601,3,0
49599,4,2
42171,3,2
3256,4,0
2384,4,2
30551,3,0
22094,4,1
23146,5,0
6724,3,1
37774,0,1
4073,4,1
45354,4,1
24363,0,0
10156,4,0
40626,0,1
32206,0,1
11084,0,0
14730,3,0
5367,4,1
36460,4,1
52125,8,1
33112,4,2
11242,1,0
52919,8,0
31645,0,1
8478,6,0
13515,10,0
30797,0,1
2142,3,3
43265,0,1
22252,4,1
16067,12,0
7430,0,1
19813,5,0
34337,3,1
50672,2,1
28768,0,1
2370,4,2
9798,0,0
13727,4,0
34939,5,1
7602,4,1
22060,0,0
51592,1,1
34105,7,1
5155,3,1
37780,0,1
14502,4,0
4087,3,1
5969,0,1
41700,7,1
11070,0,0
2714,3,1
13343,7,0
27176,0,1
19679,3,1
50024,13,2
26898,3,1
7266,2,1
22404,0,0
16631,3,1
36236,0,1
44616,4,1
5531,4,1
20353,1,0
15888,4,0
11414,0,1
57201,0,1
33744,3,1
36004,3,1
39870,4,2
15286,4,2
20161,0,0
14354,4,2
44424,4,1
5703,4,2
11626,0,1
25413,4,1
59995,8,0
40084,7,2
33576,3,1
57033,0,1
18599,4,1
13171,4,0
31221,5,1
7868,3,0
34753,4,1
16403,0,0
8820,0,0
7054,0,1
35681,4,1
11887,4,1
10169,4,0
40619,0,1
32239,0,1
4870,3,1
35820,4,1
3269,3,1
23945,3,0
48474,8,2
18304,0,0
42972,5,2
23179,3,0
26639,4,1
2189,3,0
17942,3,0
3867,3,1
6529,3,1
24952,3,1
15629,5,0
32837,4,2
53800,3,1
38531,4,1
45965,3,1
11289,1,3
18552,4,2
6971,3,1
9105,4,2
30338,3,1
42718,4,2
12068,0,0
13986,4,0
12854,4,3
56916,4,2
53458,4,2
38155,6,1
4428,3,1
1966,3,1
14991,5,0
9337,3,0
18760,0,0
13388,4,0
30936,0,3
47058,12,1
35478,4,1
29027,3,1
6985,3,1
54689,8,1
7857,3,0
13972,4,0
28333,4,2
22609,5,0
11619,0,1
33549,0,1
36209,6,1
44629,2,1
1992,3,0
39241,8,1
40289,4,2
27149,0,1
19646,3,0
7259,4,0
11873,4,1
5956,0,1
39625,4,1
4884,3,1
31448,7,1
22863,4,1
48480,8,2
43068,3,1
34906,5,1
42986,4,1
28565,3,1
8447,3,0
49760,13,1
19010,3,0
9595,0,0
16058,12,0
3893,3,1
29685,12,1
28757,0,1
5358,4,1
57468,4,0
44843,3,1
45991,8,1
52926,8,1
5824,3,1
53388,0,1
5018,7,1
11901,4,0
16318,3,0
34048,0,1
54991,3,0
22911,4,0
49420,4,1
19350,4,1
18282,0,0
28625,3,1
2833,4,1
19162,3,1
8535,4,1
16916,5,0
49612,4,2
43328,3,1
13458,0,1
44931,1,1
39565,4,2
33863,4,1
52068,3,1
25906,13,1
13800,5,0
9083,2,0
27209,0,1
55629,4,1
7925,3,0
8151,0,1
41827,4,1
56890,4,2
57942,4,3
44569,4,1
11559,0,1
39333,3,1
50169,4,2
50955,1,2
19734,0,1
46830,4,2
12926,4,0
8999,4,0
9077,2,0
6803,4,0
18420,4,1
59010,4,1
4768,3,1
56864,4,2
15931,3,0
1814,3,0
5488,3,1
30844,0,1
26921,3,1
18612,3,0
9245,0,0
8397,7,0
12328,0,2
38671,4,1
4902,3,1
58794,0,0
10827,3,0
59646,8,0
15569,4,2
6669,4,1
54965,3,1
18276,0,0
23837,4,0
48506,3,1
9621,0,0
7589,4,1
51619,1,0
3915,3,1
23239,0,0
18878,0,0
3129,3,1
17830,4,0
39591,4,2
32179,4,1
45817,4,1
24820,4,2
14689,12,0
32945,4,1
34413,3,1
50156,4,2
17691,4,0
22576,0,0
7314,3,1
13231,7,0
27004,1,1
31161,11,1
11566,0,1
20221,5,0
14014,3,1
44764,4,1
5443,3,1
11754,0,1
57141,12,1
39902,4,1
44556,4,1
5671,3,1
9880,0,0
7126,2,0
22744,0,0
8952,12,0
13003,4,2
55616,4,1
19539,5,1
3586,4,1
57525,4,0
40592,0,1
33060,0,1
41440,4,0
11330,1,0
5215,3,1
14642,0,0
52057,3,1
19961,5,0
35397,4,1
7542,7,1
22320,3,0
16115,4,0
34245,3,1
6490,4,2
16929,5,0
2030,3,0
43317,8,1
13467,3,1
22112,4,0
16327,0,0
34077,4,0
47585,4,2
43919,8,1
8738,0,0
12787,0,0
35999,3,1
13655,4,0
54192,12,1
2202,3,0
33252,3,1
11102,0,0
32380,3,1
41672,4,2
14470,4,1
5027,2,1
36720,3,1
24023,3,0
40566,0,1
33094,4,2
1641,4,0
56403,4,2
35363,4,2
19995,3,1
17033,4,1
23206,0,0
6464,4,1
18847,3,0
12541,3,0
42231,3,1
30611,6,1
51414,0,1
7784,3,0
6656,4,1
34083,4,0
47571,4,2
17201,5,2
23034,0,0
42003,5,1
3324,3,1
26546,4,0
12773,0,0
18249,3,0
23808,4,1
40754,4,2
10024,3,0
41686,4,2
14484,4,0
10818,0,0
4101,4,1
6232,3,1
47115,4,0
17665,4,2
23450,1,0
22582,3,0
35535,4,1
26122,0,1
11592,0,1
56255,5,1
10440,0,0
4565,4,1
15132,12,0
53727,4,3
59813,12,0
21909,8,0
25595,8,0
10672,3,0
15300,4,0
21135,5,0
4757,3,1
5685,4,2
57989,8,0
9874,5,0
23662,3,1
12919,4,0
35707,4,1
9048,4,0
54730,4,1
26310,7,1
12125,0,0
42655,0,1
3572,3,1
3912,5,1
42209,8,1
12579,3,0
19191,0,1
17837,4,0
45810,4,1
39596,4,2
53149,4,2
32942,4,1
21569,4,1
24229,0,0
38676,4,0
4905,3,1
10820,0,0
20689,4,2
58793,0,0
59641,8,0
4139,4,2
17239,3,0
47549,4,2
48501,3,1
23830,4,1
13699,4,0
18271,0,0
32728,4,1
10478,0,0
40308,4,2
1813,3,0
30843,0,1
9242,0,0
18615,3,0
51874,3,1
8390,3,0
3778,3,1
6038,3,1
12921,4,0
6804,4,1
54708,0,0
9070,0,0
2498,4,0
21931,0,0
56863,4,2
59017,4,1
15338,5,0
39334,3,1
20219,5,0
50952,1,1
43579,3,1
28848,3,1
13209,4,0
19733,0,1
8364,3,0
31159,3,1
16549,0,0
46239,0,1
9084,2,0
42699,4,2
8156,0,1
7922,3,0
57179,0,1
56897,4,2
57945,4,3
22318,3,0
19959,5,0
2834,4,1
50738,4,2
28622,3,1
49615,4,2
8532,4,1
16911,5,0
19165,3,1
2008,3,0
33058,0,1
44936,4,1
11308,1,3
39562,4,2
41478,4,2
58555,4,0
33864,4,1
25901,13,1
5823,3,1
39750,7,1
44338,3,1
14448,4,1
11906,4,1
36718,3,1
7748,4,0
43921,3,1
22916,4,1
25592,8,0
59814,12,0
40105,3,1
10675,3,0
4750,3,1
36185,3,1
21132,3,0
59028,4,2
15307,4,0
38823,0,0
5682,4,2
6007,0,1
23665,1,0
51245,4,2
35700,4,1
18418,4,0
54737,4,1
48368,0,1
3575,4,1
42652,0,1
12122,0,0
26317,2,0
23457,1,1
17662,4,2
47112,4,3
6235,3,1
35532,4,1
26919,3,1
22585,2,0
2695,3,1
26125,0,1
3747,3,1
11595,0,1
56252,5,1
10447,3,0
4562,4,1
37265,3,1
7783,2,0
51413,0,1
23033,0,0
47576,4,2
6651,4,1
34084,4,0
12774,0,0
26541,4,0
3323,6,1
42004,5,1
9619,0,0
10023,2,0
38649,4,1
40753,4,2
41681,4,2
37601,3,1
14483,4,0
4106,4,1
33093,4,2
24024,3,0
56404,4,2
52898,8,0
24818,3,1
4334,4,1
19992,3,1
6463,4,1
23201,0,0
17034,4,1
42236,3,1
12546,3,0
13494,3,0
17808,3,0
30616,2,1
7777,4,0
16320,3,0
47582,4,2
34070,4,1
12780,8,0
19368,4,2
2205,3,0
13652,4,0
33255,3,1
41675,4,2
32387,5,1
11105,0,0
5020,0,1
14477,4,1
11939,4,1
36727,3,1
33067,0,1
40595,0,1
57522,4,0
44909,3,1
41447,4,0
14645,0,0
5212,3,3
52050,3,1
16112,4,0
22327,3,0
7545,3,1
34242,3,1
6497,4,2
26787,0,1
27655,3,3
13460,0,1
43310,7,1
2037,3,0
25566,4,1
11753,3,1
39139,8,1
10681,3,0
57146,3,1
52434,8,1
20014,3,1
5676,4,2
44551,4,1
8955,12,0
22743,0,0
27231,10,1
8169,4,2
3581,4,0
50151,4,2
17696,4,0
30888,0,0
7313,3,1
22571,0,0
43546,4,1
28877,0,1
9289,3,0
27003,1,1
13236,7,0
46808,4,1
31166,7,1
41211,4,1
11561,0,1
24686,4,0
5444,3,1
44763,4,1
14013,3,0
20226,5,0
26910,3,1
29164,3,1
30875,0,1
12319,0,0
9274,4,1
18623,5,0
15900,4,0
53729,4,0
21907,8,0
40930,13,1
57987,0,0
4759,3,1
56855,0,1
59021,4,2
12917,5,0
35709,4,1
8194,0,1
6832,4,1
18411,4,1
9046,4,0
48361,0,1
45826,4,1
52891,8,0
40568,0,1
59445,0,0
18849,3,0
23208,3,0
17801,3,0
9422,0,0
6658,4,1
54954,3,1
9610,0,0
23806,4,0
26548,4,1
19395,3,0
39792,12,1
41688,4,2
4933,8,1
38640,3,1
15558,0,0
10816,0,0
37608,3,1
44900,3,1
52059,3,1
33852,4,1
58563,0,1
2802,4,0
28614,4,1
35399,4,1
13469,3,0
43319,3,1
49623,4,2
16927,5,0
19153,3,1
43917,12,1
34079,4,0
19361,4,1
12789,0,0
35997,3,1
8736,0,0
5815,3,1
11930,4,0
22578,0,0
31953,4,1
50158,4,2
30881,0,1
46801,4,1
19705,0,0
33638,4,2
39302,4,2
11568,0,1
58335,4,1
36944,4,1
39130,13,0
57973,8,0
7128,2,0
13831,5,0
3588,4,1
8160,0,1
55618,4,1
19537,5,1
7914,3,0
48395,12,1
10015,3,0
33297,0,1
59648,8,0
15567,4,2
4130,4,1
10829,3,0
37637,3,1
20680,4,2
23005,3,1
47540,4,2
6667,4,1
51425,0,1
23839,4,0
48508,3,1
30412,1,1
18278,0,0
13690,4,0
3315,3,1
6455,4,1
18876,4,1
34280,5,1
23237,0,0
51617,1,0
7587,4,1
30620,3,1
3127,3,1
42200,3,1
19198,0,0
32177,4,1
1670,3,0
4302,3,1
52092,3,1
53140,4,2
8997,4,0
29369,0,1
22781,0,1
12928,3,0
6031,3,1
23653,3,1
3543,3,1
42664,0,1
12114,0,0
26321,2,0
30244,4,1
2491,3,0
9079,7,0
40133,0,1
10643,3,0
57184,0,1
24476,4,0
11791,0,0
32513,4,2
38815,3,1
45441,3,1
4766,3,1
15331,7,1
10471,3,0
40301,4,2
25796,5,1
5486,3,1
37253,4,1
15103,0,0
4554,4,1
35504,4,1
17654,4,2
47124,4,0
6203,3,1
12326,0,2
26113,0,1
3771,3,1
8399,3,0
43584,3,1
54533,4,0
8963,4,0
16540,0,0
22775,0,1
50355,0,1
42690,4,2
55627,4,1
27207,7,1
57170,3,1
24482,4,2
11765,3,0
20022,0,0
44567,4,1
36147,4,0
4792,3,1
41829,4,2
52402,8,2
10485,1,0
41227,4,0
25762,5,1
11557,0,1
5472,4,1
44755,4,1
14025,7,0
20210,5,0
7325,4,2
46002,8,1
50167,4,2
34422,3,1
3785,3,1
31150,3,1
27035,4,2
39759,7,1
33263,3,1
40791,4,1
5016,3,1
14441,4,1
53386,4,0
20674,4,2
43928,4,2
34046,0,1
6693,3,1
7741,4,0
16316,3,0
2233,4,0
34274,5,1
18882,0,0
50731,4,2
16124,3,0
22311,4,2
19950,5,0
7573,3,1
27663,3,1
13456,3,1
43326,3,1
2001,3,0
16918,1,0
12584,3,0
11301,1,0
41471,4,2
32183,4,1
33051,3,1
57514,4,1
25908,8,1
21594,3,0
52066,3,1
14673,0,0
39137,8,1
36943,4,1
57974,8,0
5678,4,2
13836,7,0
34628,4,1
19530,5,0
7913,3,0
8167,0,1
48392,12,1
31954,4,1
17698,4,0
30886,0,1
8355,3,0
31168,8,1
19702,0,0
46806,4,1
13238,3,0
43548,4,1
28879,13,1
50963,1,1
24688,4,3
39305,4,2
58332,4,1
20228,5,0
43910,0,1
7779,4,0
34842,4,1
8731,0,0
35990,8,1
19366,4,2
32389,3,1
39761,12,0
5812,3,1
11937,4,0
36729,3,1
14479,4,0
44309,7,1
41449,4,0
11339,1,1
44907,3,1
33069,3,1
38481,3,1
25930,10,1
33855,4,1
28613,4,1
2805,4,0
6499,4,2
22329,5,0
2039,3,0
19154,3,1
26789,0,1
16920,1,0
49624,4,2
47578,4,2
54953,3,1
18240,3,0
48530,4,0
23801,4,0
9617,0,0
19392,3,1
4934,8,1
56638,0,1
39795,12,1
38647,4,1
24218,4,1
4108,4,1
59670,8,0
10811,0,0
52896,8,0
45821,4,1
59442,0,0
32973,3,1
24816,3,0
3923,2,1
17806,3,0
30618,3,1
9425,0,0
42238,0,1
21900,0,0
57980,3,1
59026,4,2
15309,4,0
56852,1,0
12910,0,0
6009,0,1
26319,2,1
8193,0,1
9041,4,2
18416,4,0
54739,4,1
26917,3,1
30872,0,1
3749,3,1
18624,5,0
9273,4,1
10449,3,0
15907,0,0
44799,3,1
50736,4,2
18885,0,0
34273,5,1
19957,5,0
7574,3,1
22316,6,0
16123,3,0
2006,3,0
43321,3,1
13451,0,1
12583,3,0
32184,4,1
41476,4,2
11306,1,0
44938,4,1
57513,4,1
33056,0,1
52061,3,1
21593,5,1
20441,4,2
14674,0,0
33264,7,1
11908,4,1
36716,3,1
53381,4,1
5011,3,1
34041,0,1
22124,4,1
7746,4,0
2234,3,0
10482,0,0
11550,0,1
25765,5,1
41220,4,0
20217,5,0
14022,7,0
44752,4,1
5475,4,2
22540,4,2
46005,8,1
7322,4,2
34425,3,1
50160,4,2
3782,3,1
31157,3,1
46839,4,0
13207,4,3
27032,1,1
43577,3,1
28846,3,1
22772,0,1
8964,4,0
16547,0,0
17495,4,1
50352,0,1
55620,4,1
42697,4,2
31365,3,1
13035,4,2
57177,0,1
41012,3,1
11762,3,0
44560,4,1
5647,4,1
20025,0,0
52405,8,2
56899,4,2
36140,4,1
4795,3,1
40306,4,2
10476,0,0
56263,5,1
25791,5,1
5481,4,1
37254,4,1
4553,4,1
15104,0,0
26928,8,1
6204,3,1
47123,4,2
50194,3,1
17653,4,1
3776,3,1
26114,0,1
12321,0,2
54534,4,0
22786,1,0
8990,4,0
9842,3,0
6036,3,1
26326,4,3
12113,0,0
42663,0,1
3544,3,1
30243,4,1
2496,4,0
54706,0,0
10644,3,0
57183,0,1
40134,0,1
32514,4,1
11796,0,0
38812,3,1
59019,4,2
15336,7,0
21103,4,3
4761,3,1
17005,4,2
23230,0,0
6452,4,1
34287,5,1
18871,4,0
7580,3,1
51610,12,0
17839,4,0
30627,3,1
12577,3,0
42207,3,1
3120,3,1
39598,4,1
24015,3,0
52095,3,1
21567,4,1
4305,3,1
53147,4,2
14680,3,0
33290,0,1
10012,2,0
4137,4,2
15560,1,0
20687,4,2
37630,3,1
6660,4,1
47547,4,2
17237,3,0
51422,0,1
30415,1,1
9628,0,0
42035,4,1
3312,4,3
2260,3,0
9688,3,0
34829,4,1
34015,8,1
7712,4,0
29598,3,1
16345,0,0
51482,1,1
4197,3,1
36742,1,1
5045,4,1
41610,0,1
24287,5,1
5879,3,1
45082,8,1
14620,0,1
10280,4,0
13405,0,1
27630,12,1
17899,6,0
2052,3,2
43375,4,1
34227,3,1
50762,4,2
28678,2,1
22342,3,0
16177,4,1
46607,4,2
7520,3,1
19903,4,0
44534,4,0
39960,4,3
15396,4,0
52451,8,2
40194,0,1
57123,3,1
11736,3,0
25503,8,0
59885,3,0
31331,4,1
18489,4,0
22726,4,0
16513,1,0
46263,0,1
7144,3,0
34643,4,0
12381,0,0
31103,3,1
50908,8,0
2604,3,0
43523,12,2
13253,3,0
26988,1,0
7376,4,2
49825,4,2
34471,4,1
47183,4,1
44706,3,0
5421,3,1
20243,3,0
14076,0,2
21391,3,0
36326,3,1
33654,4,1
15998,0,0
11504,4,2
38846,8,1
4735,4,0
45412,4,2
15362,4,1
21157,0,1
40160,1,1
33492,0,1
24425,4,1
10610,3,0
3510,5,0
26372,12,1
12147,0,0
13095,5,0
6062,3,1
9816,4,1
26140,12,1
3722,3,1
9218,4,0
27092,0,1
7382,4,2
30819,13,1
47177,4,1
37200,1,1
1849,3,1
14082,5,0
53745,5,1
15150,0,0
4507,4,1
45620,4,1
40352,1,1
38248,3,1
56237,5,1
2294,3,0
54104,4,2
26524,4,3
12711,4,0
49489,4,1
3346,3,1
31593,3,1
17263,3,0
23056,3,0
54938,3,1
6634,4,1
22184,4,0
51476,1,1
4163,4,0
44396,4,1
56653,4,1
24273,3,1
10046,3,0
4351,3,1
32918,3,1
53113,3,1
5283,3,1
24041,3,0
10274,4,0
43381,4,1
26716,3,1
12523,4,0
6406,4,1
17051,4,3
3948,3,1
16183,4,0
44739,4,1
14049,0,0
1882,3,2
36319,3,1
38283,3,1
46852,4,2
7349,3,0
27865,0,1
7947,3,0
19564,3,0
6895,3,1
22719,4,0
13862,0,0
50339,0,1
40997,1,1
20872,4,1
41079,4,1
39163,0,1
16974,4,0
8557,3,0
19100,0,0
34218,3,1
28647,3,1
2851,3,1
16148,3,0
3983,3,1
29795,0,1
25964,0,1
5248,4,1
11963,4,0
58702,0,1
39735,4,1
4994,4,1
56698,0,1
5846,3,1
19332,6,0
31558,12,1
8765,4,0
43944,4,2
28475,0,1
55821,5,1
2099,0,2
9471,0,0
17852,3,0
16980,4,0
26729,3,1
6439,4,1
3977,3,1
22389,0,0
45049,4,0
15739,4,1
11399,5,0
59624,8,0
11997,3,0
10845,3,0
4960,3,1
10079,4,0
38613,3,1
23855,4,1
9643,0,0
35930,4,1
8791,0,0
22987,7,1
23069,5,0
54907,3,1
51449,3,1
29553,3,1
1876,3,2
20288,3,0
4538,3,2
24628,4,0
51811,8,1
48100,3,1
9227,0,0
18670,4,0
13298,7,0
35568,4,1
26943,3,1
30826,13,1
27891,0,1
19590,3,0
12178,0,0
6861,3,1
9015,4,1
30228,0,1
12944,0,0
13896,4,0
9829,3,0
56806,0,1
21168,3,0
20886,4,0
39197,4,2
15701,5,0
4356,3,1
53114,3,1
10273,4,1
9449,0,0
26711,3,1
17056,4,1
6401,4,1
16184,4,1
54103,4,2
2293,3,0
3341,3,1
12716,4,0
26523,4,0
6633,0,1
23051,8,0
17264,3,0
51471,1,1
22183,4,0
4164,4,1
56654,4,1
4958,3,1
10041,3,0
24274,3,1
3725,3,1
42402,1,1
12372,0,0
54567,0,1
7385,4,2
47170,4,1
34482,3,0
6257,3,2
14085,5,0
53742,5,1
37207,1,1
4500,4,1
15157,3,0
10425,0,0
24610,0,0
56230,5,1
38841,8,1
41889,1,2
21150,0,0
39993,4,1
15365,4,2
45415,4,2
4732,4,1
37809,0,1
24422,4,1
33495,7,1
59876,8,0
12140,0,0
26375,4,1
3517,3,1
30210,0,1
13092,6,0
6859,3,1
46290,4,1
6065,0,1
31104,3,1
8339,3,0
12386,0,0
13254,3,0
43524,13,1
2603,3,1
31938,0,1
49822,4,2
7371,4,2
47184,4,1
34476,3,1
14071,3,0
20244,3,0
5426,3,1
44701,3,1
36321,3,1
21396,3,0
33653,4,1
11503,4,3
5614,4,1
44533,4,1
52456,8,2
39967,4,1
57124,3,1
59882,3,0
25504,3,0
11731,3,0
27253,4,1
13066,4,0
7143,0,0
12988,5,0
35796,4,1
46264,0,1
16514,1,0
8937,12,1
22721,4,0
6091,3,1
34644,4,0
52032,9,1
45085,5,2
36577,0,1
58508,5,1
14627,3,0
33839,4,0
11355,3,0
10287,4,2
43372,4,1
2055,3,2
13402,0,1
19138,4,0
3187,4,0
49648,8,1
23297,4,0
50765,4,2
2869,4,0
34220,3,1
7527,3,1
19904,4,0
46600,4,2
16170,4,0
22345,3,0
27405,5,1
13630,7,1
23899,4,0
2267,3,0
42092,4,1
34012,3,1
17290,5,0
51485,12,1
22177,4,0
7715,4,0
55819,5,1
4190,3,1
36745,5,1
14415,4,1
5042,4,1
11167,0,0
33237,0,1
19597,3,0
3528,3,1
9012,4,1
6866,13,1
27298,0,0
12943,0,0
7188,1,0
23638,3,1
13891,3,0
14288,3,0
10628,4,2
40158,3,1
32578,3,1
39190,4,2
1871,3,2
58395,0,1
37238,4,1
45618,4,1
15168,3,0
33698,4,2
26178,4,2
54558,0,1
18677,4,0
9220,4,0
48107,3,1
26944,3,1
6268,3,1
27896,3,1
30821,13,1
11990,3,0
59623,8,0
53319,3,1
10842,3,0
5089,3,1
4967,3,1
38614,3,1
9644,0,0
23852,4,0
22980,4,0
8796,0,0
12729,3,0
35937,4,1
54900,3,1
29554,4,1
16389,0,0
9476,0,0
16987,4,0
29766,0,1
3970,3,1
24845,6,1
24079,4,2
11964,4,0
4993,4,1
39732,3,1
33208,0,1
5841,3,1
8762,2,0
19335,6,0
28472,3,1
43943,4,2
22148,4,0
55826,8,1
9482,0,0
27608,12,1
19107,3,1
16973,4,0
8550,3,0
2856,3,1
28640,7,1
3984,3,1
25963,0,1
39500,4,1
7940,5,0
19563,3,1
31309,0,1
6892,3,1
8908,4,0
13865,0,0
40990,3,1
39958,4,3
41842,4,1
20875,4,0
39164,0,1
1885,7,2
5419,3,1
38284,3,1
8306,4,1
19751,3,1
16719,6,0
34449,4,2
27862,0,1
45611,4,1
4536,4,1
53774,3,1
32743,4,3
33691,4,2
10413,3,0
24626,4,1
13296,3,0
54551,0,1
9229,0,0
3713,3,1
12344,12,0
26171,4,2
30828,13,1
35566,4,1
46094,4,1
12176,0,0
3521,3,1
23631,3,1
9827,3,0
13898,4,0
6053,3,1
7181,3,0
21166,3,0
15353,4,2
52494,5,2
45423,4,2
56808,0,1
14281,4,0
39199,4,2
32571,5,1
10621,4,3
24414,4,1
20888,4,0
40151,3,1
12512,4,2
26727,3,1
31790,3,1
42262,1,1
2097,0,2
30642,3,1
3979,3,1
23255,4,1
6437,4,1
44195,4,2
53122,3,1
15737,4,3
59418,3,1
24070,4,2
1612,3,0
11397,5,0
11999,0,0
4152,4,1
21730,4,0
15505,4,3
24242,0,0
56662,4,1
12720,4,0
26515,0,3
54135,4,2
16380,12,0
51447,8,1
54909,3,3
6605,3,1
23067,5,0
17252,3,0
13434,3,1
7511,2,1
16146,3,0
22373,0,0
28649,4,1
50753,4,2
34216,3,1
4394,3,1
24084,4,2
33033,0,1
11363,3,1
33201,8,1
5848,3,1
10083,4,0
56696,0,1
34818,4,1
2251,4,0
16374,12,0
22141,4,0
7723,4,0
46404,3,1
34024,3,1
23093,4,1
36317,3,1
15195,3,0
14047,0,0
53780,3,1
20272,4,2
5410,4,1
44737,4,1
25700,3,1
11535,0,1
13262,1,0
43512,8,1
2635,4,0
31132,0,1
26185,4,2
6295,4,1
34440,3,1
49814,4,2
7347,3,0
35592,4,1
27265,3,1
13050,0,0
7949,3,0
12182,0,0
55645,4,2
31300,3,1
50337,0,1
7175,0,0
46252,0,1
16522,1,0
8901,12,0
22717,4,0
39951,4,0
52460,8,2
5622,4,1
20040,5,0
40999,1,1
41077,4,1
32585,12,1
25532,0,1
11707,0,0
57112,3,1
49487,4,1
3348,3,1
18225,3,0
9672,7,0
23864,4,1
29562,4,1
51478,3,1
54936,3,1
23058,3,0
44398,4,1
10874,3,0
59615,8,0
40738,4,1
38622,3,1
10048,3,0
5883,4,1
24873,3,1
26718,3,1
54338,3,1
3946,3,1
2894,4,2
6408,4,1
59043,4,2
41880,4,0
21159,3,0
40952,3,1
38848,3,1
37800,0,1
9024,4,2
18473,4,1
12149,0,0
9818,3,0
12975,4,0
18641,3,0
9216,4,0
19793,3,0
47179,4,1
17609,3,0
30817,13,1
4509,4,2
1847,3,1
56239,5,1
15962,6,0
39394,3,1
38246,3,1
15398,4,0
41874,4,0
39152,0,1
11738,3,0
20843,4,1
18487,1,0
26388,3,1
19555,3,1
13853,0,0
12981,4,0
22728,4,0
50906,8,0
8330,3,0
27854,3,1
26986,7,1
7378,4,2
58357,3,1
14078,3,0
44708,0,1
15996,0,0
49473,4,0
8754,4,0
19303,4,0
34827,4,1
9686,3,0
23890,4,1
55810,5,1
10880,3,0
4199,3,1
24289,5,1
5877,4,1
24887,3,1
5279,3,1
33830,4,1
58501,8,0
19131,4,0
49641,3,1
17897,6,0
46609,4,1
16179,4,0
2860,3,1
34229,3,1
27262,3,1
2400,3,0
31307,0,1
12185,0,0
55642,4,2
50330,0,1
22710,4,0
46255,0,1
7172,0,0
39956,4,0
38884,3,1
44502,4,0
5625,4,1
11700,0,0
32582,8,1
57115,3,1
15192,3,0
36310,3,1
44730,4,1
5417,3,1
20275,4,2
14040,0,0
53787,3,1
11532,3,0
40390,3,1
33662,4,1
2632,4,0
43515,8,1
8308,4,0
6292,3,1
34447,3,1
7340,3,0
49813,4,2
33206,3,1
56691,0,1
31551,4,1
2256,3,0
46403,3,1
7724,4,0
55828,8,1
22146,4,1
16373,12,0
23094,4,0
34023,3,1
19109,3,1
13433,3,1
43343,4,1
22374,0,0
16141,3,0
7516,3,1
34211,3,2
50754,4,2
2858,3,1
5241,4,1
4393,3,1
52003,3,1
24083,4,2
11364,3,0
5087,3,1
15502,4,0
21737,4,0
4155,4,1
10070,3,0
56665,4,1
4969,3,1
12727,3,0
35939,1,2
8798,0,0
3370,4,3
54132,4,2
16387,0,0
51440,3,1
17255,3,0
23060,3,0
28488,3,1
6602,3,1
42265,1,1
3142,3,1
16989,4,3
31797,3,1
26720,3,1
12515,4,2
9478,0,0
2090,3,0
30645,3,1
22380,0,0
6430,4,1
23252,4,0
53125,3,1
44192,4,2
4367,3,1
15730,4,0
1615,3,0
24077,4,2
6868,8,1
27296,0,0
3526,3,1
12171,0,0
19599,3,0
6054,0,1
9820,3,0
7186,1,0
45424,4,2
15354,4,2
21161,3,0
14286,12,0
32576,8,1
40156,3,1
24413,4,0
10626,4,2
15166,3,0
4531,4,1
45616,4,1
20281,4,2
53773,3,1
32744,4,3
10414,3,0
40364,1,1
33696,4,2
48109,3,1
13291,3,0
54556,0,1
26176,4,2
3714,3,1
6266,3,1
27898,3,1
46093,4,1
35561,4,1
58506,8,0
33837,4,1
10289,4,0
49646,8,1
19136,4,0
7529,3,1
23299,4,0
28671,3,1
2867,3,1
19304,4,2
9681,3,0
2269,3,0
34820,4,0
55817,5,1
22179,4,0
58734,3,0
11955,4,0
5870,4,1
33239,0,1
11169,5,0
50901,8,1
8337,3,0
27853,3,1
31936,0,1
5428,3,1
41873,4,1
52458,8,1
39969,4,3
39155,0,1
13068,4,0
18480,4,0
31338,1,1
7971,4,2
19552,5,0
13854,0,0
8939,0,0
12986,4,1
35798,4,1
9211,4,0
54569,0,1
18646,0,0
19794,3,0
26149,12,1
46890,1,1
30810,13,1
6259,3,1
26975,3,1
37209,1,1
15965,6,0
59044,4,2
40955,3,1
59878,5,0
10619,4,3
18474,4,1
6857,10,1
9023,4,2
3519,3,1
7985,4,0
12972,4,0
24874,3,1
4358,3,1
45843,0,1
8595,3,0
9447,0,0
3941,3,1
2893,4,2
12718,4,0
49480,4,3
23863,4,0
9675,3,0
29565,4,1
54931,3,1
10873,3,0
59612,8,0
5884,3,1
38625,3,1
4956,0,1
32972,3,1
59443,0,0
24817,0,0
52897,8,0
1649,4,3
9424,0,0
17807,3,0
30619,3,1
42239,0,1
3922,2,1
23800,4,1
48531,4,0
9616,0,0
18241,3,0
19393,5,1
47579,4,2
4109,4,1
10810,0,0
39794,12,1
56639,0,1
4935,3,1
38646,4,1
3748,3,1
51844,8,1
9272,4,1
18625,3,0
26916,3,1
30873,0,1
10448,3,0
57981,0,1
15308,4,0
59027,4,2
21901,0,0
8192,0,1
54738,4,1
18417,4,0
48367,0,1
9040,4,2
6008,0,1
19703,0,0
46807,4,1
8354,3,0
28878,13,1
50962,1,2
13239,3,0
31955,4,1
29196,4,1
17699,4,0
30887,0,1
58333,4,1
20229,5,0
24689,4,0
39304,4,2
5679,4,2
57975,8,0
57149,3,1
25569,4,1
39136,8,1
8166,0,1
19531,3,1
48393,1,1
34629,4,1
25931,10,1
33854,4,1
58565,3,1
11338,3,0
41448,4,0
38480,3,1
33068,7,1
44906,7,1
2038,3,0
16921,1,0
19155,3,1
26788,0,1
6498,3,1
28612,3,2
50708,3,1
22328,5,0
34843,4,0
19367,4,2
35991,3,1
8730,0,0
49417,4,1
43911,0,1
7778,4,1
11936,4,1
36728,3,1
14478,4,1
39760,12,1
32388,5,1
5813,3,1
42662,0,1
3545,4,2
26327,4,1
12112,0,0
2497,4,0
30242,4,1
22787,1,0
8991,4,0
6037,3,1
4760,3,1
15337,2,0
59018,4,2
40135,3,1
24470,4,0
10645,3,0
57182,0,1
59824,0,1
32515,4,1
37255,4,1
5480,4,1
15105,0,0
4552,4,1
10477,0,0
40307,4,2
32727,4,1
56262,5,1
25790,5,1
26115,0,1
12320,0,0
3777,3,1
43582,0,1
54535,4,0
26929,0,1
50195,3,1
17652,4,1
6205,3,1
47122,4,2
15561,1,0
4136,4,2
20686,4,2
10013,3,0
42034,4,1
3313,3,1
17236,3,0
6661,4,1
47546,4,2
35166,4,1
51423,0,1
17838,4,0
30626,3,1
42206,3,1
3121,3,1
12576,3,0
18870,2,0
6453,4,1
17004,4,2
23231,0,0
51611,13,0
7581,4,1
4304,3,1
52094,3,1
21566,4,1
53146,4,2
14681,3,1
24828,3,0
39599,4,2
11909,4,1
36717,3,1
5010,3,1
20672,3,0
14447,4,1
53380,4,1
2235,4,0
13662,0,0
26585,4,1
6695,3,1
34040,0,1
7747,3,0
22125,4,0
13450,0,1
2007,3,0
43320,3,1
12582,3,0
34272,5,1
18884,0,0
50737,4,2
22317,6,0
16122,3,0
7575,4,1
19956,5,3
52060,3,1
21592,7,0
14675,0,0
11307,1,0
32185,4,0
41477,4,3
33057,0,1
44939,4,1
57512,4,1
42696,4,3
8159,0,1
55621,4,1
22773,0,1
16546,0,0
8965,4,0
17494,4,3
50353,0,1
20024,0,0
44561,4,1
5646,4,0
37093,3,1
4794,3,1
56898,4,2
36141,4,1
52404,8,2
20818,4,2
57176,3,1
25556,3,1
44753,4,1
5474,4,1
20216,5,0
14023,7,0
10483,3,0
33601,3,1
41221,4,0
11551,0,1
25764,5,1
31156,3,1
3783,3,1
28847,3,1
43576,3,1
13206,4,3
46004,8,1
7323,4,2
22541,4,1
50161,4,2
34424,3,1
34844,4,1
8737,0,0
12788,0,0
35996,3,1
34078,4,0
43916,7,1
11931,4,0
5814,3,1
32981,3,1
52058,3,1
58562,1,0
33853,4,1
44901,3,1
43318,1,1
13468,3,1
19152,3,1
49622,4,2
16926,3,0
2803,4,0
28615,3,1
44559,4,1
57972,8,0
10689,3,0
39131,13,0
36945,4,0
7915,3,0
19536,5,1
55619,4,1
8161,0,1
3589,4,1
48394,12,1
7129,3,0
13830,5,0
8353,3,0
46800,4,1
22579,5,1
31952,4,1
50159,4,2
30880,0,1
58334,4,1
33639,4,1
11569,0,1
39303,4,2
41219,4,1
57986,8,0
40931,13,1
59020,4,2
56854,0,1
4758,3,1
21906,0,0
8195,0,1
9047,4,0
48360,0,1
18410,4,2
6833,4,1
12916,3,0
35708,4,1
12318,0,0
18622,3,0
29165,3,1
26911,3,1
30874,0,1
59212,4,0
15901,4,3
18246,3,0
9611,0,0
23807,4,0
26549,4,0
19394,6,1
54955,3,1
6659,4,1
59676,4,2
10817,0,0
4932,8,1
39793,12,1
41689,4,2
38641,3,1
59444,0,0
52890,8,0
40569,0,1
9423,0,0
17800,3,0
23209,0,0
18848,3,0
3925,3,1
14024,7,0
20211,5,0
5473,4,1
44754,4,1
10484,0,0
25763,5,1
11556,0,1
31151,3,1
3784,3,1
27034,4,2
13201,4,3
7324,4,1
46003,8,1
34423,3,1
23494,4,0
50166,4,2
55626,4,1
31363,3,1
42691,4,2
27206,7,1
13033,4,2
16541,0,0
8962,4,1
22774,0,0
17493,4,0
50354,0,1
5641,4,1
37094,3,1
44566,4,1
20023,0,0
41828,4,1
52403,8,2
4793,3,1
36146,4,1
57171,3,1
11764,3,0
43327,3,1
13457,0,1
12585,3,0
16919,1,0
50730,4,2
18883,0,0
34275,5,1
7572,3,1
16125,3,0
22310,4,2
52067,3,1
25909,13,1
14672,0,0
20447,4,0
41470,4,2
32182,4,1
57515,4,1
33050,0,1
14440,4,1
53387,4,1
20675,4,2
5017,5,1
39758,7,1
33262,3,1
40790,4,1
2232,3,0
43929,4,3
16317,3,0
22122,4,1
30621,3,1
19199,0,0
3126,3,1
42201,0,1
23236,0,0
17003,4,2
34281,5,1
18877,0,0
6454,4,1
7586,4,1
51616,1,0
52093,3,1
4303,3,1
53141,4,2
14686,3,0
32176,4,1
1671,3,0
4131,4,0
15566,4,2
59649,8,0
20681,4,2
10828,3,0
37636,3,1
33296,0,1
13691,4,0
48509,3,1
23838,4,0
3314,3,1
42033,4,1
47541,4,2
6666,4,1
23004,3,1
51424,0,1
35161,4,0
37252,4,1
5487,3,1
4555,4,1
15102,0,0
40300,4,2
10470,3,0
56265,5,1
8398,3,0
3770,3,1
12327,0,2
26112,0,1
43585,3,1
47125,4,0
6202,3,1
17655,4,2
12115,0,0
26320,2,1
3542,7,1
42665,0,1
9078,2,3
2490,4,1
30245,4,1
54700,0,1
12929,3,0
8996,4,0
22780,0,1
6030,3,1
38814,0,0
15330,7,1
45440,3,1
4767,3,1
10642,3,0
57185,0,1
40132,0,1
32512,4,1
11790,0,0
9085,4,2
7923,3,0
42698,4,2
8157,0,1
16548,0,0
41821,4,1
56896,4,2
57944,4,2
57178,0,1
20816,4,2
20218,5,0
13208,4,0
50953,1,2
28849,3,1
43578,3,1
31158,3,1
8365,3,0
46836,4,0
19732,0,1
14449,4,1
11907,4,1
36719,3,1
5822,3,1
22917,4,0
18284,0,0
7749,3,0
43920,8,1
49614,4,2
16910,5,0
2009,3,0
19958,5,0
22319,3,0
50739,4,2
2835,3,1
28623,3,1
33865,4,2
25900,13,1
44937,4,1
33059,0,1
39563,4,2
11309,1,0
20688,4,2
10821,0,0
4138,4,2
59640,8,0
4904,3,1
18270,0,0
9627,0,0
23831,4,3
48500,1,2
47548,4,2
17238,3,0
12578,3,0
42208,3,1
9415,0,0
17836,4,0
29705,0,1
3913,3,1
34288,5,1
53148,4,2
32943,4,1
21568,4,1
1678,3,0
39597,4,2
45811,4,1
2499,4,0
9071,0,0
6805,4,1
6039,3,1
12920,4,3
22789,3,0
15339,7,0
59016,4,1
56862,4,2
21930,0,0
11799,0,0
1812,3,0
32729,4,1
40309,4,2
10479,0,0
18614,3,0
9243,0,0
3779,3,1
8391,3,0
30842,0,1
26927,8,1
5213,3,3
14644,0,0
52051,3,1
57523,4,1
44908,3,1
33066,0,1
40594,0,1
41446,4,0
11336,1,0
26786,0,0
43311,5,1
2036,3,0
13461,0,1
7544,5,1
19967,5,0
16113,4,0
22326,3,0
6496,3,1
34243,3,1
49419,4,1
19369,4,2
12781,8,0
13653,4,0
54194,12,1
2204,3,0
16321,3,0
22114,4,0
7776,4,0
47583,4,2
34071,4,0
14476,4,1
5021,0,1
11938,4,1
36726,3,1
33254,3,1
11104,0,0
41674,4,1
32386,3,1
27002,1,1
13237,7,0
43547,4,1
31167,8,1
46809,3,1
34415,3,1
50150,4,2
17697,4,0
30889,0,1
22570,0,1
7312,3,1
14012,3,0
20227,5,0
5445,3,1
44762,4,1
11560,0,1
41210,4,1
24687,4,3
39904,4,1
52435,8,1
5677,4,2
44550,4,1
20015,3,0
39138,8,1
57147,3,1
27230,5,1
3580,4,1
8954,12,0
22742,0,0
2694,0,1
3746,3,1
12311,0,0
26124,0,1
47113,4,0
6234,3,1
17663,4,2
22584,7,1
35533,4,1
26918,3,1
4563,4,1
15134,12,0
11594,0,1
56253,5,1
15908,0,0
10446,3,0
21133,3,0
15306,4,0
59029,4,2
36184,3,1
4751,3,1
5683,4,2
38822,3,1
40938,3,1
25593,8,0
10674,3,0
40104,3,1
48369,0,1
54736,4,1
18419,4,0
12123,0,0
26316,2,1
3574,4,1
42653,0,1
6006,0,1
35701,4,1
24819,4,1
33092,4,2
52899,8,0
56405,4,2
3110,3,1
42237,3,1
17809,3,0
30617,2,1
13495,3,0
19993,3,1
23200,0,0
17035,4,1
6462,4,1
3322,3,1
12775,0,0
26540,4,0
9618,0,0
51412,0,1
7782,2,0
47577,4,2
34085,4,1
6650,4,1
23032,0,0
14482,4,0
37600,3,1
4107,4,1
38648,4,1
40752,4,2
10022,3,0
24217,4,1
41680,4,2
5489,3,1
9244,0,0
18613,3,0
12329,0,0
8396,3,0
30845,0,1
16789,0,0
29154,3,1
18421,4,1
6802,4,0
9076,2,0
8998,4,0
12927,4,0
56865,4,2
4769,3,1
59011,4,1
3128,3,1
19197,0,0
17831,4,0
3914,3,1
51618,1,1
29702,0,1
7588,4,1
18879,0,0
23238,0,0
14688,12,0
32944,4,1
45816,4,1
32178,4,3
39590,4,2
10826,3,0
58795,0,0
15568,4,2
59647,8,0
33298,0,1
38670,4,1
4903,3,1
48507,3,1
23836,4,0
9620,0,0
18277,0,0
42801,4,2
54964,3,1
6668,4,1
16917,1,0
49613,4,2
19163,3,1
13459,0,1
43329,3,1
2832,4,1
33862,4,2
25907,8,1
52069,3,1
44930,1,1
39564,4,1
5019,10,1
53389,0,1
11900,4,1
5825,3,1
39756,7,1
19351,4,1
18283,0,0
16319,3,0
43927,4,2
34049,0,1
54990,8,1
39332,3,1
11558,0,1
50954,1,2
19735,0,0
46831,0,1
50168,4,2
27208,7,1
9082,2,0
8150,0,1
7924,3,0
55628,4,1
56891,4,2
36148,4,1
57943,4,3
44568,4,1
26547,4,0
12772,0,0
42002,5,1
3325,3,1
23809,4,1
18248,3,0
7785,3,0
51415,0,1
17200,5,2
23035,0,0
34082,4,1
6657,4,1
47570,4,2
10819,0,0
37607,3,1
14485,4,0
15557,5,0
4100,4,2
10025,3,0
40755,4,2
41687,4,2
4332,4,1
40567,0,1
33095,4,2
24022,3,0
56402,4,2
45829,4,1
42230,3,1
12540,3,0
30610,7,1
19994,3,1
35362,4,1
18846,3,0
6465,4,1
17032,4,1
23207,0,0
4756,3,1
15301,4,0
21134,5,0
38825,3,1
57988,8,0
5684,4,2
25594,8,0
21908,8,0
40103,3,1
10673,3,0
54731,4,3
9049,4,0
42654,0,1
3573,3,1
26311,7,1
12124,0,0
6001,0,1
9875,0,0
12918,3,0
35706,4,1
2693,0,1
26123,0,1
12316,0,0
3741,3,1
17664,4,2
23451,1,1
6233,3,1
47114,4,0
35534,4,1
22583,3,0
4564,4,1
53726,4,1
11593,0,1
56254,5,1
10441,0,0
52432,8,2
39903,4,1
41819,4,1
20012,3,0
5670,3,1
11755,3,1
37899,3,1
57140,12,1
13002,4,2
31352,1,1
3587,4,0
55617,4,1
9881,0,0
22745,0,0
7127,3,0
28871,0,1
13230,7,0
27005,1,1
31160,3,1
50157,4,2
17690,4,0
34412,3,1
7315,3,1
22577,0,0
44765,4,1
5442,3,1
20220,5,0
14015,3,0
11567,0,1
12786,0,0
35998,3,1
8739,0,0
2203,3,0
13654,4,0
7771,4,1
22113,4,0
16326,0,0
43918,12,1
34076,4,0
47584,4,2
36721,3,1
33253,3,1
32381,3,1
39769,0,1
41673,4,2
11103,0,0
14643,0,0
5214,3,1
52056,3,1
40593,0,1
33061,0,1
57524,4,0
11331,1,0
41441,4,1
16928,5,0
13466,3,1
27653,3,3
2031,6,0
43316,3,1
22321,3,0
16114,4,0
7543,3,1
19960,5,0
6491,4,2
34244,3,1
50701,3,0
29769,0,1
22381,0,0
23253,4,0
6431,4,1
26721,3,1
12514,4,2
42264,1,1
16988,4,0
30644,3,1
2091,3,0
9479,0,0
24076,4,2
1614,3,0
11391,3,0
44193,4,2
53124,3,1
15731,4,0
4366,3,1
10071,3,0
4968,3,1
56664,4,1
5086,3,1
4154,4,1
15503,4,0
21736,4,0
6603,3,1
17254,3,0
28489,0,1
3371,4,3
8799,0,0
12726,3,0
35938,4,1
54133,4,2
33697,4,1
10415,3,0
4530,4,1
45617,4,1
20280,4,2
53772,3,1
37237,4,1
6267,3,1
27899,3,1
46092,4,1
35560,4,1
13290,8,0
54557,0,1
48108,3,1
3715,3,1
26177,4,2
9821,3,0
6055,3,1
7187,1,0
6869,3,1
27297,0,0
19598,3,0
12170,0,0
42600,3,1
3527,3,1
32577,8,1
24412,4,1
10627,4,2
15355,4,2
21160,3,0
45425,4,2
14287,0,0
11533,3,0
25706,3,1
33663,4,1
36311,3,1
15193,3,0
20274,4,2
14041,0,2
53786,3,1
44731,4,1
5416,3,1
34446,3,1
6293,3,1
49812,4,2
7341,3,0
13264,10,0
2633,4,1
28825,1,1
43514,8,1
26183,4,2
50331,0,1
46254,0,1
7173,0,0
22711,4,0
8907,4,0
16524,0,0
2401,3,0
27263,3,1
12184,0,0
55643,4,2
31306,0,1
32583,3,1
11701,0,0
25534,0,1
57114,3,1
39957,4,0
44503,4,1
7517,3,1
22375,0,0
16140,3,0
2859,3,1
50755,4,2
34210,3,2
19108,3,1
42290,10,1
2065,3,0
43342,4,1
13432,3,1
27607,12,1
24082,4,2
33035,0,1
11365,3,0
5240,4,1
4392,3,1
33207,0,1
14425,4,1
22147,4,0
46402,3,1
55829,8,1
34022,3,1
23095,4,1
31550,3,1
2257,3,0
59879,5,0
10618,4,3
59045,4,2
40954,3,1
12973,4,0
9022,4,2
6856,4,1
18475,4,0
3518,3,1
6258,3,1
30811,13,1
26974,8,1
54568,0,1
9210,4,0
19795,3,0
26148,12,1
15964,6,0
1841,4,0
37208,10,0
29564,4,1
54930,3,1
49481,4,1
12719,4,0
23862,4,0
9674,7,0
38624,3,1
5885,3,1
4957,3,1
10872,3,0
59613,8,1
24049,3,0
24875,3,1
59421,3,0
4359,3,1
3940,3,1
28684,3,1
2892,4,2
8594,3,0
22178,4,0
8752,4,0
49475,4,1
19305,4,0
34821,4,1
2268,5,0
9680,3,0
33238,0,1
5871,4,1
11168,0,0
58735,3,1
10886,3,0
11954,4,1
10288,4,2
14628,5,0
33836,4,1
58507,6,1
7528,3,1
23298,4,0
2866,3,1
19137,4,0
49647,8,1
39154,0,1
38086,0,1
20845,4,0
41872,4,1
39968,4,3
52459,8,2
13855,12,0
12987,4,0
35799,4,1
18481,4,0
13069,4,0
19553,3,0
7970,4,0
31339,1,1
27852,3,1
34479,0,1
16729,4,0
31937,0,1
50900,8,1
8336,3,0
15990,0,0
21399,3,0
58351,3,1
5429,4,1
10082,4,0
5849,3,1
33200,3,1
41620,0,1
56697,0,1
7722,4,0
46405,3,1
16375,12,0
22140,4,1
23092,4,1
34025,3,1
2250,4,0
34819,4,0
16147,3,0
22372,0,0
7510,5,1
34217,3,1
28648,3,1
50752,4,2
8558,3,0
13435,3,1
43345,4,1
2062,3,2
33032,0,1
24085,5,0
11362,3,0
50336,0,1
8900,0,0
22716,4,1
7174,0,0
46253,0,1
27264,3,1
54796,1,1
13051,0,0
31301,0,1
12183,0,0
55644,4,2
7948,3,0
25533,0,1
11706,0,0
32584,3,1
52461,8,2
39950,4,1
40998,1,1
5623,4,1
11534,0,1
40396,0,1
15194,3,0
36316,3,1
5411,4,0
44736,4,1
53781,3,1
34441,3,1
6294,3,1
7346,3,0
22524,4,0
49815,4,2
43513,8,1
28822,1,1
2634,4,0
13263,10,0
26184,4,2
31133,0,1
6052,0,1
9826,3,0
7180,1,0
35755,4,1
27290,0,0
3520,3,1
12177,0,0
32570,3,1
39198,4,2
20889,4,0
40150,3,1
10620,4,0
24415,4,1
45422,4,2
56809,0,1
21167,3,0
15352,4,2
52495,5,2
32742,4,1
10412,3,0
24627,4,1
33690,4,2
15160,3,0
45610,4,1
53775,3,1
1879,3,2
30829,13,1
35567,4,1
46095,4,1
13297,3,0
54550,0,1
12345,8,3
3712,3,1
10076,3,0
56663,4,1
15504,4,0
4153,4,1
11998,0,0
16381,12,0
51446,3,1
17253,3,2
6604,3,1
54908,3,1
12721,4,0
3376,4,3
22988,7,1
54134,4,2
3978,3,1
22386,0,0
6436,4,1
23254,4,0
31791,3,1
42263,1,1
12513,4,2
26726,3,1
2096,0,2
1613,3,0
24071,4,2
11396,3,0
53123,3,1
44194,4,2
4361,3,1
15736,4,0
27855,0,1
26987,7,1
7379,4,2
50907,8,0
8331,3,0
15997,0,0
36329,4,3
44709,4,1
14079,3,0
11739,3,0
39153,0,1
20842,4,2
15399,4,0
41875,4,0
13852,0,0
6099,3,1
22729,4,0
12980,4,0
18486,1,0
8103,4,0
26389,0,1
19554,3,0
58500,3,1
33831,4,1
24886,3,1
16178,4,0
46608,4,2
34228,3,1
2861,3,1
28677,3,1
49640,3,1
19130,4,0
17896,3,0
55811,5,1
19302,4,0
9687,3,0
34826,4,0
24288,5,1
58732,3,0
11953,4,1
4198,3,1
45845,0,1
15709,4,0
3947,3,1
6409,4,1
2895,4,2
8593,3,0
26719,3,1
29563,4,1
54937,3,1
49486,4,1
3349,3,1
9673,7,0
23865,4,0
18224,3,0
5882,3,1
10049,3,0
40739,4,1
38623,3,1
4950,7,1
44399,4,0
10875,3,0
59614,8,0
17608,3,0
30816,13,1
47178,4,1
35558,4,1
9217,4,0
18640,3,0
46896,1,1
19792,3,0
15963,6,0
56238,5,1
38247,3,1
4508,4,1
1846,3,1
37801,0,1
59042,4,2
21158,3,0
40953,3,1
9819,3,0
12974,4,0
9025,4,2
12148,0,0
57125,3,1
25505,3,0
11730,3,0
59883,3,0
5615,4,1
44532,4,1
39966,4,1
52457,8,1
16515,1,0
22720,4,0
12989,4,0
35797,4,1
7142,0,0
46265,0,1
6090,3,1
31337,1,1
26380,12,1
13067,4,0
7370,4,0
49823,4,2
47185,4,1
12387,0,0
8338,3,0
31105,3,1
28814,1,1
43525,13,1
2602,3,0
13255,7,0
33652,4,1
32780,3,3
11502,4,2
5427,3,1
44700,3,1
14070,3,0
20245,3,0
21397,3,0
36320,3,1
17291,12,0
34013,3,1
55818,5,1
7714,4,0
16343,0,0
22176,4,0
2266,3,0
42093,4,0
11166,0,0
33236,0,1
36744,3,1
4191,3,1
5043,4,1
14414,4,1
11354,1,3
41424,12,1
10286,4,0
45084,8,1
14626,5,0
33838,4,1
58509,8,0
34221,3,1
23296,4,0
2868,3,1
50764,4,2
16171,4,0
22344,3,0
7526,3,1
46601,4,2
13403,0,1
43373,4,1
2054,3,2
3186,4,1
19139,4,0
23050,8,0
17265,3,0
6632,4,1
51470,1,1
22182,4,0
2292,3,0
12717,4,0
26522,4,0
31595,3,1
4959,3,1
56655,4,1
10040,3,0
24275,3,1
1625,3,0
10272,4,0
24047,3,0
4357,3,1
15700,4,2
53115,3,1
5285,3,1
6400,4,1
17057,4,1
16185,4,0
42255,12,1
26710,3,1
33494,7,1
10616,4,0
37808,0,3
24423,4,1
59877,5,0
38840,8,1
45414,4,2
4733,4,0
41888,1,1
21151,5,0
15364,4,1
39992,4,2
51226,3,1
46291,4,0
6064,3,1
9810,0,0
3516,3,1
12141,0,0
26374,4,0
13093,5,0
7384,4,2
47171,4,1
26146,12,1
3724,3,1
27094,0,1
18649,4,0
54566,0,1
10424,3,0
24611,3,0
32774,3,1
56231,5,1
37206,1,1
14084,5,0
53743,2,1
4501,4,2
2857,3,1
28641,3,1
3985,3,1
7519,3,1
27609,12,1
8551,3,0
16972,4,0
19106,0,0
25962,0,1
14619,5,1
39733,0,1
41629,12,1
4992,8,1
5840,3,1
33209,8,1
11965,4,0
43942,4,2
28473,3,1
55827,8,1
22149,4,0
2259,3,0
19334,6,0
22975,4,0
8763,2,0
38285,3,1
5418,3,1
1884,2,2
53788,3,1
34448,4,2
27863,0,1
19750,3,1
8307,4,1
8909,4,1
13864,0,0
31308,0,1
7941,3,0
6893,8,1
20874,4,0
39165,0,1
40991,3,1
39959,4,1
41843,4,1
33699,4,2
37239,4,1
58394,0,1
1870,3,2
15169,3,0
45619,4,1
26945,3,1
30820,13,1
6269,3,1
27897,3,1
26179,4,2
9221,4,0
48106,3,1
54559,0,1
7189,1,0
12942,0,0
13890,3,0
3529,3,1
19596,3,0
6867,0,1
27299,0,0
9013,4,1
40159,3,1
10629,4,0
39191,4,2
32579,3,1
14289,3,0
3971,3,1
9477,0,0
16986,4,0
24078,4,2
4368,3,1
59410,3,0
4966,3,1
38615,3,1
59622,8,0
11991,3,0
10843,3,0
53318,3,1
54901,3,1
16388,0,0
9645,0,0
23853,4,0
12728,3,0
35936,4,1
22981,4,0
8797,0,0
7383,4,2
35556,4,1
6251,3,1
34484,3,1
47176,4,1
30818,13,1
3723,3,1
26141,12,1
12374,0,0
54561,0,1
27093,0,1
9219,4,0
38249,3,1
24616,3,0
10423,0,0
56236,5,1
14083,5,0
53744,5,1
1848,3,1
37201,1,1
4506,4,2
15151,0,0
21364,3,0
24424,4,1
10611,0,0
40161,5,1
33493,0,1
38847,8,1
15363,4,1
21156,0,0
4734,4,0
45413,4,2
9817,4,1
6063,3,1
12146,0,0
3511,2,0
13094,5,0
24040,3,1
10275,4,1
1622,6,1
32919,3,1
5282,3,1
53112,3,1
17050,4,1
6407,4,1
16182,4,1
3949,3,1
43380,4,1
26717,3,1
12522,4,2
3175,4,0
6635,4,1
54939,3,1
17262,3,0
23057,3,0
54105,4,2
2295,3,0
49488,4,1
31592,3,1
3347,3,1
26525,4,3
12710,4,0
56652,4,1
40737,4,1
24272,3,0
10047,3,0
4162,3,1
44397,4,1
11353,1,0
10281,4,0
52034,6,1
45083,8,1
24888,3,1
14621,3,0
50763,4,2
34226,3,1
46606,4,2
19902,4,0
7521,3,1
22343,3,0
16176,4,0
2053,3,0
17898,6,0
43374,4,1
13404,0,1
27631,3,1
3181,4,0
34014,3,1
22171,4,0
16344,0,0
7713,4,1
34828,4,1
9689,3,0
42094,4,1
11161,0,0
41611,0,1
24286,0,1
5878,4,1
36743,3,1
4196,3,1
49824,4,2
26989,1,1
7377,4,2
47182,4,1
31102,3,1
12380,0,0
13252,0,0
54595,0,1
2605,3,0
43522,12,1
33655,4,1
57310,3,1
11505,4,2
15999,0,0
20242,3,0
14077,3,0
58358,3,1
5420,3,1
57122,3,1
40195,3,1
59884,3,0
11737,3,0
44535,4,1
15397,4,0
52450,8,2
39961,4,3
46262,3,1
7145,0,0
22727,4,0
16512,1,0
34642,4,1
6097,3,1
26387,3,1
7979,3,0
31330,4,1
18488,1,0
4961,3,1
38612,3,1
10078,4,0
11996,3,0
59625,8,0
10844,3,0
54906,3,1
23068,5,0
28480,3,1
51448,8,1
23854,4,0
9642,0,0
8790,0,0
3378,4,0
35931,4,1
6438,4,1
3976,3,1
22388,0,0
9470,0,0
2098,0,2
26728,3,1
16981,4,3
11398,0,0
15738,4,1
32926,3,1
12945,0,0
9828,3,0
13897,4,0
34689,0,1
12179,0,0
19591,3,0
9014,4,1
6860,10,1
20887,4,0
39196,4,2
21169,3,0
56807,0,1
24629,4,0
1877,3,2
4539,3,1
26942,3,1
27890,0,1
30827,13,1
51810,8,1
13299,7,0
18671,4,0
48101,3,1
9226,0,0
22718,4,0
50338,0,1
13863,0,0
7946,3,0
6894,3,1
20873,4,0
41078,4,1
39162,0,1
11708,0,0
40996,5,1
41844,4,1
38282,3,1
40398,3,1
1883,2,2
14048,0,0
44738,4,1
36318,3,1
7348,3,0
27864,3,1
8300,4,0
56699,0,1
4995,4,1
39734,0,1
5847,3,1
11962,4,0
58703,0,1
28474,3,1
43945,4,2
34817,4,1
8764,3,0
31559,12,1
19333,6,0
28646,3,1
2850,3,1
34219,3,1
3982,3,1
16149,3,0
19101,0,0
8556,3,0
16975,4,0
2641,4,0
28857,3,1
13216,0,0
27023,1,1
46828,4,2
3793,3,1
50171,4,2
34434,3,1
46014,0,1
44743,4,1
5464,4,1
20206,5,0
14033,0,0
41231,4,1
11541,0,1
25774,5,1
10493,3,0
56888,4,2
4784,3,1
52414,8,2
11773,3,0
25546,3,1
39119,13,0
41003,10,1
57166,3,1
27211,0,1
42686,0,1
8149,0,1
55631,4,2
50343,0,1
17484,4,0
22763,0,0
8975,4,0
16556,5,0
14665,0,0
5232,3,1
52070,3,1
21582,1,1
33047,0,1
44929,3,1
57502,4,1
11317,1,0
32195,4,1
41467,4,3
12592,3,0
13440,3,1
43330,3,1
22307,4,2
16132,3,0
7565,3,1
34262,5,1
18894,8,0
50727,4,2
26595,4,1
19348,4,1
22909,3,0
2225,4,0
13672,1,0
27447,3,2
22135,4,0
54989,0,0
34050,0,1
6685,3,1
5000,3,1
53390,0,1
14457,4,1
15585,5,0
11919,4,1
40787,4,1
11125,2,0
14691,12,0
4314,3,1
52084,3,1
15743,4,0
39589,4,2
42216,8,0
3131,3,0
17828,4,0
30636,7,1
51601,1,1
7591,3,1
6443,4,1
18860,3,0
34296,5,1
23221,0,0
26561,4,0
12754,1,0
42024,4,1
3303,4,3
9639,0,0
54141,4,2
13686,4,0
51433,0,1
6671,4,1
47556,4,2
37621,3,1
20696,4,2
15571,3,0
21744,4,0
4126,4,1
24236,0,0
10003,3,0
38669,4,1
43592,3,1
54525,4,0
26105,0,1
3767,3,1
6215,3,1
26939,3,1
15115,12,0
4542,4,1
5490,3,1
37245,4,1
32737,4,1
25780,5,1
10467,3,0
40317,4,1
4770,5,1
15327,3,0
59008,4,1
21112,3,0
38803,3,1
44585,1,1
59834,0,1
32505,0,1
40125,7,1
24460,4,0
57192,0,1
10655,10,0
54717,0,0
30252,4,1
2487,4,0
42672,0,1
12102,0,0
6027,3,1
22797,7,0
8981,4,0
35720,4,1
14468,4,1
11926,4,0
36738,3,1
5803,3,1
39770,0,1
32398,3,1
35981,3,1
8720,0,0
49407,4,1
34853,4,1
7768,3,1
16931,3,0
49635,10,1
19145,5,0
26798,0,1
2028,3,0
22338,3,0
19979,3,0
6488,3,1
28602,4,1
2814,4,0
50718,3,1
33844,4,1
25921,3,1
38490,3,1
33078,3,1
44916,2,1
11328,1,0
41458,4,1
48383,1,1
30299,3,1
7902,7,0
13827,5,0
34639,4,1
41800,3,1
57965,8,0
5669,3,1
36952,4,1
39126,13,0
20837,4,3
57159,3,1
20239,3,0
39314,10,1
24699,4,0
13229,12,0
19713,0,1
46817,4,2
8344,4,0
17689,4,2
30897,2,1
31945,4,1
6824,4,0
54728,4,1
18407,4,0
9050,4,0
8182,0,1
26308,3,1
56843,1,1
15318,5,0
59037,4,2
40926,1,1
57991,8,0
21911,8,0
38000,4,1
1833,4,0
10458,3,0
9262,0,0
18635,3,0
51854,0,1
3758,3,1
23448,0,0
30863,0,1
26906,3,1
29172,10,1
10800,0,0
59661,8,0
4119,4,1
38656,4,1
39784,0,1
4925,3,1
23810,4,0
48521,3,1
9606,0,0
47569,4,2
54942,3,1
42229,0,1
17817,4,0
30609,7,3
3932,3,1
32962,3,1
59453,0,0
52887,8,1
21115,3,0
15320,5,0
4777,3,1
44582,1,1
38804,3,1
21929,0,0
32502,0,1
59833,0,1
11780,3,0
57195,0,1
10652,10,0
24467,4,1
30255,4,2
2480,3,0
54710,0,0
12105,0,0
3552,4,2
42675,0,1
23642,3,3
9854,12,0
6020,3,1
12939,0,0
8986,4,0
54522,4,0
8388,2,0
3760,3,1
12337,3,0
6212,3,1
17645,4,1
16797,0,0
4545,4,1
15112,12,0
5497,3,1
37242,4,1
25787,5,1
32730,4,1
40310,4,2
10460,3,0
3304,4,3
42023,4,1
12753,1,0
54146,3,1
13681,4,0
18269,0,0
48519,3,1
23828,4,1
51434,0,1
47551,4,2
6676,4,1
20691,4,2
37626,3,1
4121,4,1
21743,4,3
15576,3,0
59659,8,0
40774,4,1
10004,7,0
14696,12,0
21571,4,1
52083,3,1
15744,4,0
4313,3,1
19189,0,0
3136,4,2
42211,0,1
7596,3,1
51606,1,0
23226,0,0
17013,4,2
6444,4,1
34291,5,1
18867,7,0
8718,3,0
26592,4,1
27440,3,0
13675,4,0
2222,4,0
22132,4,0
34057,5,1
6682,4,1
43939,4,2
53397,0,0
14450,4,1
20665,3,0
5007,8,1
33272,5,1
40780,4,1
14662,0,0
21585,1,0
52077,3,1
25919,3,1
57505,4,1
33040,0,1
41460,4,1
32192,4,1
11310,1,1
12595,3,0
16909,5,0
43337,4,1
2010,3,0
13447,3,1
19941,4,0
7562,3,1
16135,3,0
50720,8,1
18893,3,0
34265,5,1
41838,4,1
52413,8,2
4783,3,1
20033,0,1
41004,10,1
25541,3,1
11774,3,0
57161,3,1
2474,4,0
27216,7,1
13023,4,2
19519,5,0
55636,4,2
42681,0,1
50344,0,1
17483,4,0
8972,4,0
16551,3,0
22764,0,0
27024,1,1
13211,4,0
28850,3,1
3794,3,1
31141,0,1
34433,3,1
50176,4,2
46013,8,1
14034,0,0
20201,5,0
5463,4,1
44744,4,1
25773,5,1
11546,0,1
41236,5,1
10494,3,0
17810,3,0
9433,4,0
3935,3,1
23219,0,0
18858,3,0
59454,0,0
40579,0,1
52880,8,0
45837,0,1
10807,0,0
59666,8,0
38651,4,0
4922,3,1
39783,0,1
41699,2,1
26559,4,1
18256,0,0
9601,0,0
48526,4,0
23817,4,0
6649,4,1
54945,3,1
53738,2,1
18632,3,0
50981,8,1
9265,0,0
30864,0,1
26901,3,1
9057,4,0
48370,0,1
6823,4,0
18400,4,0
8185,0,1
59030,4,2
4748,3,1
56844,1,1
57996,8,0
21916,8,0
24458,4,1
58324,4,1
11579,0,1
41209,4,1
2679,3,1
8343,4,0
46810,3,1
19714,0,1
30890,0,1
50149,4,2
22569,0,1
31942,4,1
48384,1,1
27229,5,1
19526,5,1
7905,3,0
3599,3,1
7139,0,0
44549,4,1
57962,8,0
39121,13,0
19142,4,0
43308,0,1
13478,4,2
28605,4,1
33843,4,1
25926,3,1
44911,2,1
38497,3,0
39545,4,1
52874,8,0
58740,3,0
5038,4,1
11921,4,2
5804,1,1
39777,0,1
8727,0,0
12798,3,0
35986,3,1
19370,4,2
34854,4,1
16338,0,0
34068,4,0
4117,4,1
14492,4,0
37610,3,1
38658,4,1
40742,4,1
10032,3,0
9608,0,0
3332,3,1
42015,4,1
12765,1,0
26550,4,0
47567,4,2
6640,4,1
34095,8,1
51402,0,1
7792,3,0
17819,4,0
30607,2,0
13485,4,0
54342,13,1
12557,3,0
3100,3,1
23210,3,0
17025,4,1
6472,3,1
18851,3,0
19983,3,0
4325,3,1
24809,5,0
52889,8,0
56415,4,3
33082,3,1
1657,4,0
40570,0,1
12133,0,0
26306,3,0
3564,4,2
42643,0,1
30263,4,2
54726,0,1
18409,4,1
35711,4,1
50386,5,1
9862,3,0
6016,0,1
5693,4,2
38832,8,1
40928,1,1
21123,5,0
15316,4,0
59039,4,2
4741,4,1
10664,3,0
24451,4,1
53731,4,0
44786,4,1
4573,4,1
15124,12,0
40326,4,1
10456,3,0
24663,4,1
56243,5,1
11584,0,1
3756,3,1
26134,12,1
54514,4,0
2684,3,1
22594,3,0
35523,4,1
26908,3,1
6224,3,1
23446,0,0
17673,4,2
3590,4,1
30297,3,1
27220,3,1
13015,4,0
7130,3,0
8944,0,0
16567,8,0
22752,0,0
23680,4,1
13829,5,0
34637,4,1
5667,3,1
20005,3,0
52425,8,2
57157,3,1
10690,3,0
20839,4,0
39128,13,0
25577,4,1
11742,3,0
14002,3,0
20237,3,0
37280,3,1
5455,3,1
44772,4,1
24697,0,0
11570,0,1
31177,3,1
46819,4,1
27012,5,1
13227,3,0
7302,3,1
34405,3,1
17687,4,2
30899,2,1
11928,4,0
36736,3,1
14466,4,1
11114,0,0
32396,0,1
33244,0,1
13643,4,0
12791,3,0
47593,4,2
34061,8,1
16331,3,0
22104,4,0
7766,3,0
43301,4,1
2026,3,0
27644,3,1
13471,3,1
26796,0,1
34253,2,1
6486,4,2
19977,3,0
35381,4,1
7554,3,1
22336,3,0
5203,3,1
14654,3,0
41456,4,1
57533,4,0
44918,7,1
33076,3,1
40584,0,1
3769,3,1
8381,3,0
9253,0,0
51059,8,1
31980,4,1
26937,3,1
30852,0,1
1802,4,3
40319,4,1
10469,3,0
15329,5,0
56872,4,2
21920,0,0
11789,0,0
2489,4,0
9061,0,0
6815,4,0
54719,0,0
12930,3,0
29371,0,1
22799,3,1
6029,3,1
32953,4,1
21578,3,2
24836,4,0
39587,4,2
1668,3,0
17826,4,0
30638,7,1
9405,4,0
19180,0,1
12568,3,0
42218,3,1
34298,5,1
3903,3,1
18260,0,0
13688,4,0
9637,0,0
23821,4,1
48510,3,1
54973,8,1
47558,4,2
4128,4,1
59650,8,0
20698,4,2
10831,3,0
4914,3,1
38667,4,1
39573,4,2
41469,4,3
11319,5,0
44927,3,1
33049,0,1
19174,0,0
49604,4,2
16900,3,0
2825,4,1
50729,4,2
28633,4,1
19948,7,1
22309,4,2
34862,4,1
18294,0,0
54987,3,1
43930,4,2
11917,4,1
39741,4,1
40789,4,1
5832,3,1
8375,3,0
31148,3,1
46826,4,2
13218,0,0
50943,1,2
28859,3,1
31974,4,1
20208,6,0
39325,3,1
57954,8,0
5658,3,1
41831,4,1
56886,4,2
57168,3,1
39117,13,0
7933,3,0
42688,4,2
8147,0,1
9095,7,0
13816,3,0
13476,4,3
43306,0,1
26791,0,1
6481,3,1
22331,3,0
35386,4,1
7553,2,1
36503,0,1
25928,3,1
14653,3,0
5204,3,1
41451,4,0
40583,0,0
33071,3,1
36731,3,1
44311,0,1
14461,4,0
32391,0,1
11113,0,0
33243,0,1
2213,4,0
13644,4,0
12796,3,0
35988,3,1
8729,0,0
43908,0,1
34066,8,1
47594,4,2
7761,3,0
22103,4,0
16336,0,0
44775,4,1
37287,3,1
20230,5,0
14005,3,0
4580,4,1
24690,4,1
11577,0,1
2677,3,1
28861,3,1
13220,3,0
27015,1,1
46022,0,1
7305,3,1
22567,0,1
17680,4,2
50147,4,2
34402,3,1
3597,4,1
19528,5,0
13012,4,2
27227,8,1
22755,0,0
8943,0,0
7137,2,0
34630,4,1
50375,4,1
20002,3,0
44547,4,1
5660,3,1
52422,8,2
57150,3,1
11745,3,1
25570,4,1
44781,4,1
15123,12,0
4574,4,1
24664,4,0
10451,3,0
40321,4,1
56244,5,1
11583,0,1
26133,12,1
3751,3,1
2683,3,1
54513,4,0
22593,3,0
51061,8,1
17674,4,2
23441,0,0
6223,3,1
42644,0,1
3563,4,2
12134,0,0
54721,8,0
30264,4,2
9059,4,0
12908,0,0
35716,4,1
6011,0,1
9865,3,0
38835,8,1
5694,4,2
57998,8,0
4746,3,1
15311,4,0
21124,5,0
24456,4,1
25584,4,1
21918,0,0
13482,4,2
30600,3,1
42220,0,1
3107,3,1
6475,3,1
18856,3,0
17022,4,0
23217,0,0
19984,3,0
4322,3,1
56412,4,3
40577,0,1
33085,3,1
24032,3,1
59668,8,0
4110,4,1
10809,0,0
14495,4,0
41697,3,1
10035,4,0
48528,4,0
23819,4,3
18258,0,0
26557,4,0
12762,1,0
6647,4,1
34092,3,1
47560,4,2
7795,3,0
51405,0,1
57953,8,0
44578,1,1
36158,3,1
56881,4,2
41836,4,1
19517,5,0
55638,4,2
7934,3,0
27218,7,1
9092,4,0
19725,0,0
46821,4,2
8372,3,0
50944,1,1
31973,4,1
50178,4,2
39322,5,1
11548,0,1
18293,0,0
19341,6,0
8716,3,0
22900,0,0
43937,4,2
54980,8,1
34059,7,1
11910,4,1
5009,3,1
53399,0,0
39746,3,1
5835,3,1
25917,3,1
52079,3,1
39574,4,2
44920,7,1
13449,0,1
43339,4,1
16907,5,0
49603,4,2
19173,0,0
28634,4,1
2822,4,1
48517,3,1
23826,4,0
9630,0,0
18267,0,0
6678,4,1
54974,8,0
15578,0,0
59657,8,0
10836,3,0
37628,3,1
4913,3,1
33288,3,1
38660,4,1
32954,3,1
14698,12,0
45806,4,1
39580,4,2
17821,4,0
9402,4,0
19187,0,0
18869,2,0
23228,0,0
51608,12,0
3904,3,1
7598,3,1
4779,3,1
56875,4,2
24469,4,0
21927,0,0
6812,4,1
9066,0,0
8988,4,0
12937,0,0
12339,0,0
8386,3,0
9254,0,0
26930,3,1
16799,12,0
30855,0,1
5499,3,1
1805,4,0
25789,5,1
57309,4,2
5439,3,1
21389,0,0
26990,7,1
8326,3,0
19771,4,0
50910,8,0
12997,4,0
13845,0,0
7960,3,0
31329,4,1
18491,6,0
13079,4,0
39144,8,1
41862,4,1
39978,4,1
52449,8,1
28660,4,1
2876,4,2
7538,3,1
27628,7,1
19127,4,0
3198,3,1
49657,3,1
10298,4,3
14638,0,0
33826,4,1
58517,3,1
41608,0,1
5861,3,1
11944,4,1
58725,3,1
28452,13,1
29580,3,1
22168,4,0
55806,5,1
34831,4,1
23886,4,0
2278,3,0
9690,3,0
8742,0,0
28694,0,1
2882,4,2
17049,4,1
3950,3,1
9456,0,0
18001,2,1
8584,0,0
24059,3,1
4947,3,1
38634,3,1
5895,4,1
21719,4,2
59603,8,0
10862,3,0
29574,4,1
18233,3,0
23872,3,1
9664,0,0
30459,0,1
49491,4,1
12709,4,0
41298,0,1
15974,0,0
39382,1,1
6248,3,1
30801,0,1
19785,3,2
46881,4,1
26158,12,1
18657,4,0
54578,0,1
9200,4,0
12963,4,0
29322,0,1
3508,2,0
9032,4,2
32558,4,1
40944,3,1
59055,4,2
56821,7,1
34032,0,1
22157,4,1
16362,0,0
46412,6,1
7735,4,1
27425,7,2
2247,5,2
56680,4,2
11147,0,0
41637,0,1
10095,4,0
41405,3,1
11375,0,0
33025,0,1
4382,3,1
36557,3,1
2849,3,1
46620,4,1
7507,5,0
19924,3,1
22365,5,0
16150,4,0
43352,4,1
13422,3,1
19118,4,0
57104,3,1
32593,3,1
11711,0,0
25524,0,1
57938,4,0
39947,4,1
52476,5,2
21184,4,3
36133,4,1
46244,0,1
7163,3,0
22701,4,1
16534,3,0
50321,0,1
55653,4,2
12194,3,0
31316,3,1
27273,0,0
22533,4,1
46076,4,1
7351,3,0
6283,3,1
34456,4,2
31124,8,1
8319,3,0
2623,4,0
28835,0,1
43504,3,1
40381,3,1
11523,3,0
20264,3,0
53796,3,1
14051,0,0
44721,4,1
5406,4,1
36301,3,1
15183,5,0
10637,4,2
40147,5,1
32567,1,1
14297,3,0
52482,5,2
15345,5,0
21170,3,0
7197,3,0
9831,3,0
17412,4,0
23627,3,3
26355,8,1
19588,3,1
12160,13,0
3537,3,1
6879,3,1
27287,0,0
51035,8,1
46082,4,1
35570,4,1
6277,3,1
27889,0,1
17620,13,0
42422,0,1
3705,3,1
51809,8,1
54547,0,1
13280,4,2
40375,3,1
33687,4,2
24630,4,0
10405,3,0
53762,3,1
4520,4,1
45607,4,1
15177,5,0
6613,0,1
47534,4,2
17244,3,0
28499,2,1
23071,5,0
16396,0,0
54123,4,2
3361,3,1
8789,0,0
4978,1,1
24254,4,1
10061,3,0
4144,4,1
15513,4,0
5096,3,1
11381,3,0
24066,0,0
1604,2,0
15721,4,0
4376,3,1
53134,4,2
23243,4,0
6421,4,1
29779,12,1
22391,3,0
9469,0,0
12504,3,0
42274,4,1
16998,4,2
46288,0,1
9809,0,0
12158,13,0
9035,4,2
37811,0,1
40943,3,1
59052,4,2
21148,3,0
24608,0,0
39385,1,1
15973,0,0
56228,5,1
1856,3,1
4518,4,2
17618,13,0
30806,0,1
47168,4,1
9207,4,0
4940,1,1
10059,3,0
5892,3,1
38633,3,1
59604,8,0
10865,3,0
23049,0,0
54927,3,1
29573,4,1
23875,3,1
18234,3,0
49496,4,1
3359,3,1
6419,4,1
2885,4,2
28693,0,1
3957,3,1
18006,2,1
9451,0,0
8583,6,0
26709,4,0
59436,4,2
15719,4,0
39715,4,3
5866,4,1
4188,3,1
11943,4,2
58722,3,0
17288,3,0
28455,10,1
55801,8,1
9697,4,0
23881,3,1
34836,4,0
49462,4,1
22953,4,1
31578,3,1
34238,3,1
16168,4,0
46618,4,2
49650,3,1
19120,4,0
58510,8,0
33821,4,1
12990,4,0
6089,3,1
18496,4,0
39143,8,1
41865,4,1
15987,3,0
44719,4,1
14069,3,0
59294,0,0
26997,1,1
7369,4,2
27845,11,1
8321,3,0
27079,4,2
11386,5,0
1603,5,0
24061,3,1
4371,3,1
15726,4,0
32938,4,1
53133,4,2
6426,4,1
23244,4,0
3968,3,1
3154,4,0
31781,0,1
42273,4,1
12503,3,0
17243,3,0
47533,4,2
54918,7,1
6614,3,1
51456,3,1
16391,12,3
30461,0,0
54124,4,2
12731,0,0
26504,12,0
3366,4,3
22998,2,1
42041,4,1
10066,3,0
24253,4,1
21721,4,2
15514,4,0
4143,4,1
5091,3,1
51032,8,1
17627,3,0
30839,0,1
26160,12,1
3702,3,1
42425,0,1
54540,4,0
13287,0,0
10402,3,0
24637,4,0
37220,0,1
1869,3,2
53765,3,1
20297,3,0
15170,3,0
45600,4,1
4527,4,1
40140,3,1
20899,4,2
10630,4,2
24405,0,1
32560,1,1
39188,4,2
14290,3,0
38866,3,1
56819,0,1
21177,4,1
15342,3,0
7190,1,0
13889,0,0
6042,0,1
9836,3,0
17415,4,0
3530,3,1
12167,5,0
27280,0,0
30237,4,1
22534,4,0
34451,4,2
19749,3,1
31123,3,1
43503,3,1
2624,4,2
13273,4,2
11524,5,0
5401,4,1
44726,4,1
53791,3,1
14056,3,0
20263,3,0
15184,5,0
57103,3,1
25523,0,1
11716,0,1
32594,3,1
40988,3,1
36134,4,1
21183,4,0
39940,4,1
16533,0,0
8910,4,0
22706,4,0
7164,0,0
46243,0,1
50326,0,1
31311,0,1
7958,3,0
55654,4,2
12193,0,0
27274,0,0
11372,0,0
41402,3,1
33022,0,1
4385,3,1
34207,3,1
28658,4,1
50742,4,2
16157,4,0
7500,3,1
19923,3,0
27610,12,1
13425,3,1
43355,4,1
34035,0,1
16365,0,0
22150,4,0
2240,3,0
27422,2,2
31547,3,1
56687,0,1
5859,3,1
10092,4,0
33210,3,1
44342,3,1
16398,0,0
28497,7,1
54911,3,1
8787,0,0
9655,0,0
23843,4,1
18202,5,0
38605,3,1
4976,3,1
10853,3,0
5098,3,1
59632,8,0
21728,4,0
11981,4,0
24068,0,0
45863,0,1
24854,3,1
4378,3,1
59400,3,1
29777,12,1
3961,3,1
16996,4,2
31788,3,1
17844,4,0
39181,0,1
32569,3,1
40149,8,1
20890,4,0
10639,4,0
56810,0,1
40975,3,1
14299,3,0
13880,0,0
12952,0,0
7199,3,0
6877,6,1
27289,0,0
3539,3,1
19586,3,1
30830,13,1
6279,3,1
27887,0,1
26955,3,1
29121,4,1
9231,0,0
54549,0,1
26169,12,1
51807,8,1
33689,4,2
15179,5,0
45609,4,1
1860,3,1
39175,0,1
20864,4,2
39949,4,3
52478,5,2
20058,5,0
57936,4,3
13874,0,0
6883,3,1
13048,3,0
31318,0,1
7951,3,0
19572,3,1
34458,4,2
27873,0,1
16708,3,0
46844,4,0
8317,3,1
39347,3,0
5408,4,0
53798,3,1
22159,4,1
43952,4,2
28463,7,1
19324,5,0
8773,0,0
5850,3,1
33219,3,1
39723,8,1
4982,3,1
44945,12,1
33817,12,1
58526,9,1
36559,3,1
25972,8,1
29783,3,1
3995,3,1
7509,3,1
2847,3,1
28651,4,1
19116,4,0
56221,5,1
10434,0,0
24601,0,0
21373,5,0
4511,4,1
53753,7,1
14094,3,0
17611,3,0
34493,10,1
6246,3,1
35541,4,1
7394,4,2
27084,4,2
18659,4,0
54576,0,1
26156,12,1
3734,3,1
9800,0,0
46281,8,1
13083,4,0
54744,0,0
6848,4,1
3506,4,0
12151,0,0
26364,10,1
32556,4,1
45404,4,2
4723,3,1
21141,3,0
15374,4,0
39982,4,1
38850,3,0
20093,0,0
16195,5,0
6410,4,1
17047,4,3
3162,4,0
42245,3,1
12535,3,0
26700,4,1
9458,0,0
1635,4,3
10262,12,0
5295,3,1
15710,4,0
10050,3,0
24265,3,1
4949,7,1
4175,4,1
51460,3,1
22192,4,0
23040,12,1
17275,3,0
6622,4,1
12707,4,0
26532,4,1
3350,3,1
31585,3,1
2282,3,0
54112,4,2
16161,4,1
22354,0,0
7536,3,1
46611,4,1
34231,3,1
50774,4,0
2878,4,2
31743,11,1
3196,3,1
49659,3,1
19129,4,0
27626,7,1
13413,0,1
43363,4,1
30691,4,2
2044,3,0
10296,4,1
11344,1,1
41434,4,0
33828,4,1
58519,3,1
52023,6,1
24291,5,0
33226,8,1
41606,0,1
11176,5,0
5053,4,1
20631,5,0
4181,4,1
36754,3,1
7704,3,0
16353,0,0
22166,4,0
17281,3,0
34003,3,1
31571,12,1
23888,4,1
2276,3,0
27414,2,2
13621,7,1
11512,4,2
57307,4,2
33642,4,1
21387,4,2
5437,3,1
44710,4,1
14060,3,0
20255,3,0
47195,4,1
16737,4,0
49833,4,2
22502,4,2
28804,1,1
43535,3,1
2612,4,0
54582,0,1
13245,7,0
31115,5,1
8328,3,0
6080,3,1
34655,4,1
16505,1,0
22730,4,0
7152,3,0
12999,4,2
35787,4,1
46275,0,1
13077,4,0
31327,4,2
26390,0,1
59893,0,0
40182,0,1
57135,3,1
39976,4,2
52447,8,1
5605,4,1
44522,4,0
44942,4,1
16159,4,0
3992,3,1
29784,3,1
28656,4,1
2840,3,1
34209,3,1
19111,3,1
8546,4,0
55830,8,1
28464,5,1
43955,0,1
31549,3,1
8774,0,0
22962,4,0
19323,5,0
4985,4,1
56689,0,1
39724,8,1
11972,4,0
27874,0,1
39340,4,1
40388,3,1
36308,4,1
14058,3,0
44728,4,1
39172,0,1
57931,3,1
40986,3,1
50328,0,1
13873,0,0
22708,4,0
6884,6,1
7956,7,0
19575,3,1
27880,0,1
17629,6,0
30837,0,1
35579,4,1
26952,3,1
13289,5,0
48111,7,1
9236,0,0
51800,8,1
24639,4,1
4529,4,1
1867,3,1
20299,5,0
39186,0,1
20897,4,3
21179,4,1
59063,0,1
56817,0,1
38868,3,1
40972,3,1
13887,0,0
12955,4,0
30239,4,1
6870,8,1
12169,5,0
19581,3,1
45864,4,1
11388,3,0
24853,0,1
59407,3,1
15728,4,0
3966,3,1
22398,0,0
6428,4,1
16991,0,1
9460,0,0
17843,4,0
51458,3,1
29542,3,1
8780,0,0
18205,6,0
23844,4,1
9652,0,0
38602,3,1
10068,3,0
4971,0,1
10854,3,0
11986,4,0
59635,8,0
6087,3,1
34652,4,1
46272,0,1
7155,3,0
16502,3,0
43700,3,1
13070,4,1
18498,4,0
7969,4,0
31320,0,1
59894,0,0
11727,3,1
57132,3,1
40185,0,1
52440,8,1
15387,4,1
39971,4,1
44525,4,1
5602,4,1
11515,4,2
15989,5,0
33645,4,1
57300,4,2
21380,2,0
20252,3,0
14067,3,2
44717,4,1
5430,0,1
47192,4,1
22505,4,2
49834,4,2
16730,4,0
26999,1,1
7367,4,2
54585,0,1
13242,7,0
27077,4,2
2615,3,0
43532,3,1
31112,5,1
33221,3,1
5868,4,0
11171,5,0
41601,0,1
5054,4,1
4186,3,1
36753,5,1
22161,4,1
16354,0,0
7703,3,0
34004,3,1
17286,3,0
31576,3,1
34838,4,1
27413,2,1
9699,4,0
2271,3,0
46616,4,2
7531,3,1
22353,0,0
16166,4,0
50773,4,1
3191,3,1
43364,4,1
13414,0,1
27621,12,1
41433,4,0
11343,1,1
36561,3,1
10057,3,0
56642,0,1
4172,4,1
15525,4,0
22195,4,0
54929,3,1
6625,4,1
17272,3,0
23047,5,0
49498,4,1
3357,3,1
31582,3,1
26535,4,1
12700,4,0
54115,4,2
2285,3,0
3959,3,1
16192,5,0
17040,4,3
6417,4,1
26707,4,1
12532,6,0
42242,3,1
3165,4,1
24050,3,0
10265,4,0
5292,4,1
15717,4,0
4340,4,1
9807,0,0
6073,3,1
46286,0,1
51231,0,1
13084,4,0
26363,3,1
12156,13,0
3501,4,1
10601,3,0
39985,4,1
15373,3,0
21146,3,0
56828,1,0
4724,3,1
45403,4,2
20094,0,0
56226,5,1
32763,0,1
24606,5,0
10433,0,0
4516,4,1
15141,0,0
53754,5,1
14093,3,2
34494,10,1
6241,3,1
17616,3,0
30808,13,1
35546,4,1
7393,4,2
54571,0,1
27083,4,2
9209,4,0
3733,3,1
26151,12,1
12364,0,0
12909,0,0
29348,3,1
9864,3,0
23672,4,1
6010,0,1
26300,3,1
12135,0,0
42645,0,1
9058,4,0
54720,0,0
24457,4,1
10662,3,0
21919,0,0
25585,4,1
57999,8,0
15310,4,0
21125,3,0
4747,3,1
40320,4,1
24665,4,1
10450,3,0
56245,5,1
11582,0,1
53737,7,1
44780,4,1
37272,3,1
4575,4,1
15122,12,0
22592,5,0
51060,8,1
35525,4,1
6222,3,1
47105,4,0
17675,4,2
3750,3,1
26132,12,1
2682,3,1
41696,7,1
10034,3,0
4111,4,1
59669,8,0
15546,4,2
14494,4,0
6646,4,1
47561,4,2
23024,0,1
51404,0,1
7794,3,1
18259,0,0
23818,4,0
48529,4,0
42013,4,0
26556,4,0
17023,4,2
23216,0,0
18857,3,0
6474,4,2
19985,3,0
30601,3,1
13483,4,2
42221,3,1
56413,4,1
45838,0,1
40576,0,1
1651,3,0
33084,3,1
4323,3,1
11112,0,0
32390,0,1
33242,0,0
36730,3,1
44310,0,1
5037,4,2
34067,0,1
47595,4,2
43909,0,1
22102,4,0
16337,0,0
13645,4,0
2212,3,0
8728,0,0
12797,3,0
35989,8,1
50710,3,1
6480,3,1
34255,2,1
7552,3,1
22330,3,0
43307,0,1
13477,4,2
27642,3,1
26790,0,1
41450,4,0
11320,1,0
40582,0,1
33070,3,1
36502,0,1
25929,13,1
5205,3,1
14652,3,0
7136,2,0
22754,0,0
8942,0,0
34631,4,1
19529,3,0
3596,4,1
30291,3,1
13013,4,2
27226,8,1
11744,3,1
25571,4,1
44546,4,1
5661,3,1
20003,3,1
52423,8,1
24691,4,0
11576,0,1
20231,5,0
14004,3,0
44774,4,1
5453,7,1
37286,3,1
4581,3,1
7304,3,1
34403,3,1
50146,4,2
13221,3,0
27014,5,1
2676,3,2
28860,3,1
39581,4,2
14699,12,0
23229,0,0
18868,7,0
7599,4,1
51609,12,0
9403,4,0
17820,4,0
19186,0,0
3139,4,2
54975,0,1
6679,4,1
18266,0,0
23827,4,1
48516,3,1
9631,0,0
4912,3,1
38661,4,1
33289,0,1
59656,8,0
15579,0,0
10837,3,0
37629,3,1
16798,12,0
29145,3,1
26931,3,1
30854,0,1
8387,3,3
12338,1,0
18602,4,0
9255,0,0
25788,5,1
1804,7,0
5498,3,1
24468,4,0
21926,0,0
56874,4,2
4778,3,1
12936,0,0
8989,4,0
9067,0,0
6813,4,1
31972,4,1
19724,0,1
46820,4,2
50945,1,1
11549,0,1
39323,7,1
57952,8,0
44579,1,3
41837,4,1
56880,4,2
7935,7,0
55639,4,2
19516,5,0
27219,8,1
39575,4,2
44921,7,1
52078,3,1
28635,4,1
2823,4,1
13448,0,1
19172,3,0
16906,5,0
49602,4,2
54981,0,1
34058,5,1
43936,4,2
18292,0,0
19340,6,0
5834,3,1
11911,4,1
58770,0,1
53398,0,0
5008,8,1
24696,4,0
11571,0,1
5454,7,1
37281,3,1
44773,4,1
14003,3,0
20236,3,0
7303,3,1
17686,4,2
30898,12,1
34404,3,1
46818,4,2
31176,3,1
27013,5,1
13226,3,0
22753,0,0
7131,2,0
46216,8,1
13828,5,0
34636,4,1
3591,4,1
27221,3,1
13014,4,2
30296,3,1
57156,3,1
10691,3,0
25576,4,1
11743,3,0
39129,13,0
20004,3,1
5666,3,1
44541,4,1
52424,8,2
6487,4,2
34252,7,1
50717,3,1
22337,3,0
7555,3,1
19976,3,1
27645,3,1
13470,8,1
43300,4,1
2027,3,0
26797,0,1
11327,1,0
41457,4,1
33077,3,1
40585,0,1
57532,4,0
44919,7,1
5202,3,1
41665,0,1
32397,0,1
11115,0,0
33245,0,1
11929,4,0
36737,3,1
47592,4,2
34060,7,1
7767,2,1
16330,12,0
22105,4,0
2215,4,0
13642,4,0
12790,3,1
49408,4,1
18850,3,0
6473,3,1
23211,0,0
17024,4,1
19982,3,0
13484,4,2
17818,4,3
30606,7,1
3101,3,1
42226,3,1
12556,3,0
56414,4,3
52888,8,0
33083,3,1
40571,0,1
4324,3,1
41691,4,2
10033,7,0
38659,4,1
37611,3,1
14493,4,0
47566,4,2
34094,3,1
6641,4,1
7793,3,0
51403,0,1
9609,0,0
26551,4,0
10457,3,0
24662,4,2
11585,0,1
15125,12,0
4572,4,1
26909,3,1
22595,3,1
23447,3,1
17672,4,2
6225,3,3
26135,12,1
3757,3,1
2685,3,1
54515,4,0
35710,4,1
6017,0,1
23675,4,2
9863,3,0
3565,4,1
42642,0,1
12132,0,0
18408,4,0
54727,0,1
48378,1,1
30262,4,2
10665,3,0
24450,4,1
25582,4,1
38833,0,1
40929,1,1
5692,4,2
4740,4,1
21122,0,0
59038,4,2
15317,5,0
43931,4,2
54986,3,0
7758,3,0
18295,0,0
34863,4,1
27448,3,0
39740,4,1
5833,3,1
40788,4,1
11916,4,1
11318,1,0
39572,4,2
41468,4,3
33048,0,1
44926,0,1
50728,4,2
2824,4,1
28632,5,1
22308,4,2
19949,5,0
49605,4,2
16901,3,0
19175,0,0
20807,4,1
57169,3,1
25549,3,1
5659,3,1
56887,4,2
41830,4,1
29384,0,1
42689,4,2
7932,2,0
31975,4,1
46827,4,2
19723,0,0
31149,3,1
50942,1,1
28858,3,0
13219,0,0
39324,7,1
20209,5,0
11788,0,0
21921,0,0
56873,4,2
15328,5,0
22798,7,0
12931,3,0
54718,0,1
6814,4,1
9060,4,0
2488,4,0
26936,3,1
30853,0,1
8380,3,0
3768,3,1
9252,0,0
10468,3,0
40318,4,1
32738,4,1
1803,3,0
54972,8,0
47559,4,2
9636,0,0
48511,3,1
23820,4,0
13689,4,1
18261,0,0
4915,3,1
38666,4,1
59651,8,0
4129,4,1
10830,3,0
20699,4,2
45800,4,1
39586,4,2
32952,4,1
53159,0,1
34299,5,1
3902,3,1
17827,4,0
30639,7,1
12569,3,0
19181,0,0
33041,0,1
57504,4,1
11311,1,1
32193,4,1
14663,0,0
5234,4,1
25918,3,1
21584,1,1
52076,3,1
16134,3,0
7563,3,1
19940,4,0
34264,5,1
18892,3,0
50721,8,1
16908,5,0
12594,3,0
13446,3,1
43336,4,1
2011,3,0
7751,3,0
22133,4,0
43938,4,2
6683,3,1
34056,5,1
26593,4,1
8719,0,0
2223,2,0
27441,3,0
13674,4,0
33273,13,1
40781,4,1
41653,0,1
39749,7,1
5006,3,1
53396,0,0
14451,4,1
20664,3,0
15583,3,0
50177,4,2
34432,3,1
46012,8,1
28851,3,1
27025,1,1
13210,4,3
3795,4,0
25772,5,1
11547,0,1
10495,0,0
5462,4,1
44745,4,1
14035,0,0
20200,3,0
25540,0,1
11775,3,0
41005,10,1
57160,3,1
4782,3,1
41839,4,1
52412,8,2
20032,0,1
44577,4,1
34600,8,1
50345,0,1
16550,0,0
8973,4,0
22765,0,0
27217,7,1
42680,0,1
55637,4,2
19518,5,0
17644,4,1
6213,3,1
54523,4,0
26103,0,1
3761,3,1
8389,3,0
25786,5,1
10461,3,0
40311,4,2
15113,12,0
4544,4,1
37243,4,1
5496,3,1
11781,3,0
21928,0,0
59832,0,1
32503,0,1
57194,0,1
24466,4,1
4776,3,1
21114,3,0
15321,6,0
38805,3,1
44583,1,1
6021,3,1
23643,3,3
8987,4,0
54711,0,0
2481,3,0
9069,0,0
3553,4,2
31386,3,1
42674,0,1
12104,0,0
45809,4,1
41495,3,1
14697,12,0
53150,4,2
4312,3,1
21570,4,1
52082,3,1
15745,4,1
51607,12,0
7597,4,1
18866,2,0
6445,4,1
23227,0,0
17012,4,2
3137,4,2
42210,3,1
12560,3,0
30630,3,1
51435,0,1
47550,4,2
6677,4,1
12752,1,0
3305,4,3
42022,4,0
23829,4,1
48518,3,1
18268,0,0
13680,4,0
10005,3,0
33287,3,1
40775,4,1
10839,3,0
37627,3,1
20690,4,2
59658,8,0
15577,3,0
4120,4,1
7138,0,0
27228,8,1
48385,1,1
3598,3,1
7904,3,0
55608,0,1
19527,5,0
36954,4,1
39120,13,0
20831,4,3
44548,4,1
57963,8,0
41208,4,1
11578,0,1
58325,4,1
30891,0,1
50148,4,2
31943,4,1
2678,3,1
46811,3,1
19715,0,0
8342,4,0
5805,3,1
39776,0,1
58741,3,0
11920,4,2
16339,0,0
34069,4,0
19371,4,2
12799,3,0
35987,3,1
34855,4,1
2812,4,0
28604,4,1
49633,8,1
31729,11,1
19143,4,0
13479,4,0
43309,7,0
38496,3,1
44910,3,1
52875,8,0
39544,4,1
58573,3,1
25927,3,1
52049,3,1
38650,4,1
39782,0,1
41698,2,1
4923,3,1
10806,0,0
59667,8,0
54944,3,1
6648,4,1
26558,4,1
9600,0,0
23816,4,0
48527,4,0
18257,0,0
3934,3,1
18859,3,0
23218,0,0
3108,3,1
9432,4,1
17811,3,0
40578,0,1
45836,0,1
52881,8,0
32964,3,1
12907,3,0
18401,4,0
6822,4,0
9056,4,0
48371,0,1
8184,0,1
21917,8,0
24459,4,1
56845,1,0
4749,3,1
59031,4,2
57997,8,0
15910,0,0
30865,0,1
29174,12,1
9264,0,0
50980,8,1
18633,3,0
12309,0,0
51432,0,1
6670,4,1
47557,4,2
42025,4,1
3302,4,3
26560,4,1
12755,3,0
54140,4,2
13687,4,0
9638,0,0
33280,1,1
38668,4,1
24237,0,0
10002,10,1
20697,4,2
37620,3,1
4127,4,1
15570,3,0
21745,4,0
39588,4,2
14690,12,0
52085,3,1
15742,4,0
21577,4,2
4315,3,1
7590,3,1
51600,1,1
17015,4,2
23220,0,0
34297,5,1
18861,3,0
6442,4,1
12567,3,0
42217,8,1
3130,3,1
17829,4,0
30637,7,1
32504,0,1
11786,0,0
24461,4,0
57193,0,1
10654,10,0
40124,3,1
15326,3,0
21113,3,0
4771,3,1
44584,1,1
9852,12,0
23644,3,3
6026,3,1
22796,3,0
8980,4,0
2486,3,0
30253,4,1
54716,0,0
12103,0,0
42673,0,1
3554,4,2
6214,3,1
16791,0,0
26938,3,1
54524,4,0
43593,3,1
3766,3,1
12331,1,0
25781,5,1
32736,4,1
40316,4,1
10466,3,0
4543,4,1
15114,12,0
37244,4,1
5491,3,1
39118,13,0
41002,10,1
11772,3,0
24495,0,0
57167,3,1
52415,5,2
4785,7,1
56889,4,2
44570,4,1
14200,3,0
50342,0,1
17485,4,0
22762,0,0
16557,5,0
8974,4,0
13025,4,2
27210,0,1
55630,4,2
8148,0,1
34435,3,1
50170,4,2
46015,0,1
7332,4,2
13217,0,0
27022,1,1
2640,4,2
28856,3,1
31147,0,1
3792,3,1
11540,0,1
25775,5,1
10492,0,0
20207,5,0
14032,3,0
44742,4,1
5465,4,1
22134,4,0
7756,3,0
6684,3,1
54988,3,0
34051,0,1
22908,3,0
26594,4,1
19349,4,1
13673,4,0
27446,3,2
2224,4,0
40786,4,1
33274,13,1
41654,0,1
53391,0,1
14456,4,1
5001,5,1
11918,4,1
44928,0,1
57503,4,1
33046,0,1
32194,4,1
41466,4,3
11316,12,0
5233,3,1
14664,0,0
52071,3,1
21583,1,1
7564,3,1
22306,4,2
16133,3,0
50726,4,2
18895,8,0
34263,5,1
12593,3,0
43331,8,1
13441,3,1
10459,3,0
1832,4,0
30862,0,1
29173,10,1
26907,3,1
18634,3,0
9263,0,0
3759,3,1
12900,4,3
48376,12,1
9051,4,0
18406,4,0
54729,4,1
6825,4,0
26309,3,0
8183,0,1
21910,8,0
59036,4,2
15319,6,0
57990,8,0
40927,1,1
3933,3,1
42228,3,1
17816,4,0
30608,2,1
1658,6,0
52886,8,0
45831,0,1
59452,0,0
32963,3,1
38657,4,1
4924,3,1
39785,0,1
10801,0,0
4118,4,1
59660,8,0
47568,4,2
54943,3,1
48520,3,1
9607,0,0
19978,3,1
22339,3,0
28603,4,1
50719,3,1
6489,3,1
19144,4,1
26799,0,1
49634,8,1
2029,3,0
44917,2,1
33079,3,1
38491,3,1
41459,4,2
11329,12,0
58574,3,1
33845,4,1
25920,3,1
5802,3,1
32399,3,1
39771,0,1
11927,4,1
36739,3,1
7769,6,1
8721,0,0
49406,4,1
34852,4,1
39315,3,1
24698,0,0
20238,3,0
17688,4,2
30896,12,1
31944,4,1
29187,3,1
13228,12,0
31178,3,1
8345,4,0
49062,4,1
19712,0,1
46816,3,1
13826,5,0
34638,4,1
48382,1,1
30298,3,1
7903,3,0
19520,5,0
39127,13,0
25578,4,0
57158,3,1
20836,4,0
5668,3,1
57964,8,0
56816,0,1
21178,4,0
59062,0,1
39187,4,2
20896,4,1
6871,3,1
19580,3,1
12168,5,0
13886,0,0
9839,3,0
12954,4,0
48110,7,1
9237,0,0
13288,12,0
51801,8,1
17628,6,0
30836,0,1
27881,0,1
35578,4,1
26953,3,1
4528,4,1
1866,3,1
20298,5,0
24638,4,1
8781,0,0
23845,4,0
9653,0,0
51459,3,1
28491,3,0
23079,0,0
10855,3,0
59634,8,0
10069,3,0
38603,3,1
4970,3,1
15729,4,0
32937,4,1
45865,4,1
11389,3,0
16990,5,1
17842,4,0
2089,3,0
9461,0,0
3967,3,1
22399,0,0
6429,4,1
19322,5,0
8775,0,0
22963,4,1
55831,8,1
28465,3,1
11973,4,0
39725,10,1
56688,0,1
4984,8,1
58520,8,0
44943,4,1
49660,3,1
19110,3,2
16158,4,1
29785,3,1
34208,3,1
28657,4,1
2841,3,1
40987,3,1
57930,3,1
11719,0,1
39173,0,1
6885,8,1
19574,2,1
7957,3,0
13872,0,0
50329,0,1
22709,4,0
19746,3,0
46842,4,0
27875,0,1
7359,3,0
36309,4,1
44729,4,1
1892,5,2
14059,3,0
39341,4,1
40389,3,1
26706,4,0
12533,6,0
16193,5,0
3958,3,1
6416,4,1
17041,4,0
5293,3,1
15716,4,0
59439,0,0
24051,3,1
10264,4,1
15524,4,0
4173,4,1
10056,2,0
56643,0,1
26534,4,0
12701,4,0
49499,4,0
31583,3,1
3356,3,1
2284,3,0
54114,4,2
22194,4,0
51466,3,1
17273,3,0
23046,13,0
6624,4,1
54928,3,1
15140,0,0
21375,3,0
4517,4,1
37210,0,1
53755,7,1
14092,5,0
1859,3,1
32762,0,1
56227,5,1
24607,1,0
10432,0,0
9208,4,0
54570,0,1
27082,4,2
26150,12,1
42415,0,1
3732,3,1
17617,3,0
30809,13,1
6240,3,1
34495,10,0
7392,4,2
13085,4,0
54742,4,1
30207,0,1
3500,4,1
26362,3,1
12157,13,0
9806,0,0
46287,0,1
4725,3,1
56829,1,0
45402,4,2
15372,3,0
39984,4,2
21147,5,0
20095,0,0
38856,3,0
21381,2,0
44716,4,1
5431,0,1
20253,3,0
58349,3,1
14066,3,0
15988,3,0
11514,4,2
57301,4,2
33644,4,1
2614,4,0
28802,1,1
43533,3,1
54584,0,1
13243,7,0
27076,4,2
31113,5,1
47193,4,1
7366,4,2
49835,4,2
22504,4,2
16731,4,0
18499,5,0
13071,4,0
43701,3,1
31321,0,1
26396,0,1
7968,4,0
34653,4,1
6086,3,1
22736,4,0
16503,3,0
46273,0,1
7154,3,0
39970,4,3
52441,8,2
5603,4,1
11726,3,1
59895,8,0
40184,0,1
57133,3,1
13415,0,1
2042,3,0
43365,4,1
22352,0,0
46617,4,2
7530,3,1
34237,3,1
14630,10,0
36560,3,1
10290,4,0
11342,1,3
5055,4,1
20637,8,0
36752,5,1
4187,3,1
5869,3,1
11170,5,0
42085,4,1
31577,3,1
2270,3,0
9698,4,2
13627,7,1
34839,4,1
27412,2,1
7702,3,0
22160,4,1
16355,0,0
17287,3,0
34005,3,1
8316,3,3
46845,4,2
27872,0,1
46079,4,1
1895,5,2
53799,3,1
5409,4,0
52479,5,2
39948,4,3
57937,4,3
40980,3,1
20059,5,0
39174,0,1
20865,4,2
13049,5,0
6882,6,1
19573,2,1
7950,3,0
31319,0,1
13875,0,0
36558,3,1
44944,8,0
19117,4,0
7508,3,1
29782,12,1
3994,3,1
2846,3,1
28650,4,1
19325,5,0
2248,4,0
22158,4,1
28462,5,1
43953,4,2
11974,4,1
33218,3,1
11148,0,0
4983,8,1
39722,3,1
24855,3,0
32930,0,1
4379,3,1
24069,0,0
16997,4,2
31789,3,1
17845,4,0
9466,0,0
3960,3,1
8786,0,1
18203,5,0
9654,0,0
23842,4,0
16399,0,0
28496,2,1
5099,3,1
10852,3,0
11980,4,0
59633,8,0
21729,4,0
38604,3,1
4977,1,1
54548,0,1
18667,4,0
9230,0,0
51806,8,1
6278,3,1
27886,0,1
30831,13,1
29120,4,1
26954,3,1
45608,4,1
58385,3,1
1861,3,1
33688,4,2
56811,0,1
40974,3,1
14298,3,0
32568,3,1
39180,0,1
10638,4,0
40148,8,1
20891,4,0
9002,4,0
6876,6,1
27288,0,0
19587,3,1
3538,3,1
13881,0,0
7198,3,0
12953,12,0
5052,4,1
44375,6,1
4180,4,1
33227,3,1
24290,5,1
41607,0,1
31570,12,1
27415,5,2
23889,4,1
51495,1,1
22167,4,0
55809,5,1
7705,3,0
34002,0,1
17280,3,0
19128,4,0
3197,3,1
31742,11,1
43362,4,1
2045,3,0
30690,4,2
13412,0,1
7537,2,1
46610,4,1
16160,4,0
22355,0,0
2879,4,2
50775,4,2
34230,3,1
58518,3,1
14637,0,0
33829,4,1
45095,5,2
10297,4,0
41435,4,0
11345,1,0
13076,4,0
31326,0,1
34654,4,1
12998,4,0
35786,4,1
7153,3,0
46274,3,1
16504,1,0
22731,4,0
52446,8,2
39977,4,2
5604,4,1
44523,4,1
59892,0,0
11721,0,1
57134,3,1
40183,0,1
36331,4,1
21386,3,0
14061,3,0
20254,3,0
5436,3,1
44711,4,1
11513,4,2
39379,1,1
33643,4,1
57306,4,2
13244,7,0
43534,3,1
28805,0,1
2613,4,0
31114,5,1
47194,4,1
16736,4,0
22503,4,2
49832,4,2
13082,4,0
12150,0,0
26365,0,1
3507,7,0
9801,3,0
46280,0,1
21140,3,0
39983,4,2
15375,4,1
45405,4,2
4722,3,1
20092,0,0
32557,4,1
4510,4,1
15147,0,0
53752,7,1
14095,3,0
10435,0,0
24600,0,0
27085,4,2
54577,0,1
18658,4,0
3735,3,0
26157,12,1
6247,3,1
34492,10,1
7395,4,2
35540,4,1
4174,4,1
15523,4,0
10051,0,0
24264,7,1
4948,3,1
3351,3,1
12706,4,0
26533,4,0
54113,4,2
2283,3,3
51461,3,1
22193,4,0
6623,4,1
23041,12,0
17274,3,0
12534,5,0
3163,4,0
42244,3,1
16194,5,0
17046,4,3
6411,4,1
5294,3,1
15711,4,0
4346,4,1
10263,4,1
1634,4,0
19121,4,0
49651,3,1
2870,4,2
34239,3,1
46619,4,2
16169,4,0
33820,4,1
58511,0,1
11942,4,1
4189,3,1
58723,3,1
24299,4,1
5867,3,1
34837,4,1
9696,4,0
22952,4,1
31579,3,1
17289,3,0
28454,5,1
55800,8,1
14068,3,0
44718,4,1
59295,0,0
15986,0,0
8320,3,0
27078,4,2
26996,1,1
7368,4,2
7966,4,1
18497,4,0
12991,4,0
13843,4,1
6088,3,1
15388,4,0
41864,4,1
39142,8,1
11728,3,1
1857,3,1
4519,4,1
24609,0,0
56229,5,1
15972,0,0
39384,1,1
19783,3,2
18651,4,0
9206,4,0
47169,4,1
17619,13,0
30807,0,1
12159,13,0
9034,4,2
46289,4,1
12965,4,0
9808,0,0
59053,4,2
21149,0,0
41890,7,1
56827,1,1
37810,0,1
9450,0,0
26708,4,1
8582,6,0
28692,0,1
6418,4,1
3956,3,1
15718,4,0
59437,4,2
38400,3,1
10864,3,0
4941,3,1
38632,3,1
5893,3,1
10058,3,0
18235,3,0
9662,0,0
23874,3,1
49497,4,1
3358,3,1
54926,3,1
23048,5,0
29572,4,1
40989,3,1
21182,4,1
39941,4,1
36135,4,1
57102,3,1
32595,3,1
25522,4,1
11717,0,1
55655,4,3
7959,3,0
31310,0,1
27275,0,0
13040,4,2
7165,0,0
46242,0,1
8911,4,0
16532,0,0
22707,4,0
50327,0,1
31122,3,1
43502,3,1
2625,4,0
35582,4,1
7357,3,0
34450,4,2
6285,4,1
14057,3,0
20262,3,0
5400,4,1
36307,4,1
15185,5,0
40387,3,1
11525,3,0
27423,7,2
2241,3,0
34034,0,1
23083,0,0
16364,0,0
22151,4,1
7733,4,0
46414,12,1
14433,4,1
44343,3,1
56686,8,0
10093,4,0
36551,0,1
41403,3,1
11373,3,0
24094,3,0
33023,0,1
43354,4,1
13424,3,1
8549,3,0
31774,0,1
28659,4,1
50743,4,2
34206,3,1
7501,3,1
16156,4,0
22363,6,0
54125,4,2
3367,4,3
22999,2,1
42040,4,3
12730,5,0
47532,4,2
6615,3,1
54919,7,1
23077,0,0
17242,3,0
51457,8,1
16390,12,3
4142,4,1
11989,3,0
21720,4,2
15515,4,0
5090,3,1
10067,3,0
24252,4,0
15727,4,0
32939,4,1
4370,3,1
53132,4,2
11387,0,0
10255,0,0
12502,3,0
42272,4,1
23245,4,0
6427,4,1
3969,3,1
14291,3,0
21176,4,0
15343,3,0
56818,0,1
10631,4,3
24404,0,1
40141,3,1
20898,4,2
39189,4,2
32561,1,1
12166,5,0
3531,3,1
27281,0,0
7191,1,0
23621,8,0
17414,4,0
6043,3,1
13888,12,0
3703,3,1
42424,0,1
12354,0,0
54541,4,0
13286,0,0
9239,0,0
51033,8,1
46084,4,1
6271,3,1
17626,6,0
30838,0,1
53764,3,1
1868,3,1
37221,0,1
45601,4,1
4526,4,1
15171,3,0
40373,3,1
10403,3,0
10863,3,0
4946,3,1
38635,3,1
23873,3,0
9665,0,0
18232,3,0
12708,4,0
49490,4,1
54921,5,1
29575,4,1
18000,2,0
9457,0,0
8585,0,0
28695,0,1
17048,4,3
3951,3,1
32901,12,1
24058,3,1
3509,4,0
9033,4,2
23619,4,3
40945,3,1
56820,0,1
59054,4,2
32559,1,1
41299,3,1
15975,0,0
19784,3,2
26159,12,1
9201,4,1
54579,0,1
18656,4,0
26965,0,1
30800,0,1
6249,3,1
31328,4,1
7961,3,0
13078,4,2
18490,4,0
12996,4,0
35788,4,1
13844,4,0
41863,4,1
52448,8,1
39979,4,1
39145,8,1
5438,3,1
58340,4,1
21388,4,2
57308,4,2
15981,0,0
19770,4,3
8327,3,0
50911,8,1
26991,1,1
16738,4,0
11945,4,1
58724,3,1
41609,0,1
5860,3,1
23887,4,1
9691,3,0
2279,3,0
34830,4,1
8743,0,0
28453,13,1
55807,5,1
22169,4,0
29581,3,1
27629,7,1
3199,3,1
19126,4,0
28661,4,1
2877,4,2
7539,3,1
58516,3,1
14639,0,0
33827,4,1
10299,4,0
26166,12,1
42423,0,1
51808,8,1
3704,3,1
46083,4,1
35571,4,1
51034,8,1
17621,13,0
27888,0,1
47151,5,1
53763,3,1
4521,4,1
45606,4,1
24631,4,0
10404,0,0
33686,4,2
14296,3,0
15344,2,0
21171,3,0
40146,5,1
24403,0,1
10636,4,2
32566,3,1
3536,3,1
12161,13,0
19589,3,1
6878,6,1
27286,0,0
7196,3,0
6044,0,1
17413,4,0
9830,3,0
4377,3,1
15720,4,0
53135,4,2
11380,3,0
1605,2,0
24067,0,0
42275,4,1
16999,4,2
31787,3,1
3152,4,0
26730,3,1
12505,3,0
6420,4,1
23242,4,0
22390,0,0
29778,12,1
54122,4,2
26502,3,3
8788,0,0
3360,3,1
17245,3,0
28498,7,1
6612,3,1
47535,4,2
51450,8,1
16397,0,0
15512,4,0
21727,4,0
4145,4,1
5097,3,1
53307,3,1
4979,3,1
24255,4,1
10060,3,0
4383,3,1
11374,3,0
41404,3,1
33024,0,1
13423,3,1
43353,4,1
19119,4,0
34201,2,1
2848,3,1
50744,4,2
22364,5,0
16151,4,0
46621,4,3
19925,4,0
7506,3,1
27424,7,2
31541,3,1
23084,0,0
34033,0,1
46413,3,1
22156,4,0
16363,0,0
41636,0,1
11146,0,0
8318,3,3
31125,3,1
2622,3,0
43505,3,1
28834,0,1
13275,4,2
46077,4,1
7350,3,0
22532,4,0
34457,4,2
6282,3,1
44720,4,1
5407,4,1
20265,4,2
53797,3,1
14050,0,0
15182,5,0
11522,5,0
44512,4,1
57939,4,3
5635,4,1
36132,4,1
52477,5,2
39946,4,1
21185,4,1
57105,3,1
11710,0,0
25525,3,1
32592,3,1
31317,6,1
55652,4,2
12195,3,0
13047,4,2
27272,0,0
22700,4,0
8916,3,0
46245,0,1
7162,3,0
46105,4,1
7222,4,0
34525,4,1
31057,7,1
3682,3,1
13307,12,0
2750,3,1
43477,4,1
28946,0,1
33700,4,2
11450,3,0
41320,13,1
20317,3,0
14122,1,0
5575,10,1
36272,5,1
45780,0,1
57077,1,1
20919,7,0
33532,4,1
11662,3,0
25457,4,1
44460,4,1
5747,4,1
20125,0,0
14310,6,0
52505,5,2
39834,3,1
56999,4,2
46337,4,1
7010,3,1
51380,7,1
16447,3,0
8864,0,0
13909,4,0
31265,3,1
2562,5,0
43645,8,1
13135,4,0
27300,0,0
25033,2,1
44838,3,1
33156,3,1
1783,4,3
52161,8,1
59589,8,0
36424,4,1
14774,0,0
18985,6,1
34373,3,1
47681,4,3
19857,6,0
22216,3,0
16023,0,0
2106,7,0
43221,4,1
13551,4,2
12483,4,0
31601,3,1
6794,3,1
22024,0,0
16211,6,0
13763,0,0
2334,3,0
22818,4,2
26484,3,1
11034,3,0
41744,3,1
40696,4,1
11808,0,0
36616,4,2
52353,8,2
15494,4,3
20773,4,1
14546,0,0
58669,0,1
44236,4,1
5111,0,1
24115,4,0
40450,4,2
21467,4,2
4205,3,1
24929,8,1
53047,8,0
14780,0,0
23330,0,0
34387,3,1
18971,3,1
6552,3,1
47675,8,1
7480,3,1
17939,7,0
30727,12,1
26642,4,1
12477,4,0
3020,3,1
6760,3,1
47447,4,1
46595,4,3
34989,8,1
54050,1,1
42135,4,1
3212,4,1
26470,3,1
12645,3,0
32242,0,1
40662,0,1
1545,4,0
10112,4,0
4037,3,1
20787,5,0
37730,0,1
35403,4,1
6304,4,2
47023,0,1
17753,0,0
42551,0,1
3676,4,1
12221,12,1
43483,0,1
24743,4,0
10576,3,0
25691,3,1
15838,0,0
32626,3,1
5581,10,1
36286,5,1
15004,6,0
10744,4,2
57083,10,1
40034,2,1
32414,3,1
59925,0,1
11696,0,0
44494,4,1
37166,3,1
53423,0,0
59119,6,1
15236,4,0
4661,4,1
8890,0,0
51374,4,0
9942,3,0
17561,0,0
6136,4,1
47211,4,1
12013,0,0
31291,3,1
48259,3,1
39661,4,1
5912,4,1
11837,4,1
58656,0,1
44209,4,2
28521,5,1
7679,3,0
34942,5,1
22827,4,1
35890,3,1
28713,0,1
6599,3,1
19868,4,0
22229,4,2
2139,3,3
19054,0,0
26689,4,1
16820,1,0
8403,3,0
39453,0,1
52962,8,0
11239,1,0
44807,3,1
33169,3,1
38581,3,1
25830,0,1
33955,3,1
9989,3,0
13936,0,1
7813,4,0
19430,7,1
57048,8,1
25468,4,3
5778,3,1
58000,8,0
14921,3,0
39205,4,2
58232,4,0
20328,0,1
4498,4,1
27931,0,1
17798,3,0
31068,5,1
19602,3,0
46906,1,1
13338,3,0
28979,8,1
9387,4,0
12810,2,0
6109,3,1
8093,4,0
9141,1,1
6935,3,1
37965,4,2
37159,3,1
59126,6,1
15209,5,0
45579,4,1
56952,4,2
32619,3,3
1922,3,0
44699,3,1
29063,4,0
26817,12,1
3649,4,0
18724,5,0
4834,2,1
52398,8,2
35058,4,1
48430,3,1
23901,4,1
9717,4,2
46798,4,1
3823,4,1
29635,0,1
17906,5,0
30718,8,1
18172,3,0
52996,8,0
38575,2,1
58490,8,0
40033,3,1
10743,4,2
57084,10,1
11691,0,0
21838,3,0
59922,0,1
32413,3,1
53424,0,0
37161,3,1
44493,4,1
15231,4,0
8897,0,0
12828,1,0
47216,4,1
6131,4,1
9945,5,0
12014,0,0
2591,3,1
9179,1,0
30344,3,1
35404,4,1
17754,0,0
6303,3,1
12226,3,1
3671,4,1
8299,4,0
42556,0,1
43484,0,1
10571,3,0
32621,7,1
5586,10,1
21236,0,0
15003,5,0
36281,5,1
4454,4,1
6767,3,1
23939,4,1
48408,3,1
13790,3,0
54057,13,1
12642,3,0
26477,3,1
3215,4,0
42132,4,1
32245,0,1
56700,0,1
10115,4,0
1542,4,0
40665,0,1
59748,8,1
15467,7,0
4030,3,1
37737,0,1
20780,4,3
41585,0,1
40457,4,2
24112,4,1
4202,3,1
53040,8,0
14787,0,0
33999,0,1
18976,2,1
34380,3,1
23337,5,0
7487,2,1
30720,0,1
3027,3,1
19098,0,0
12470,0,0
26645,4,1
28519,2,1
6793,0,1
34146,3,1
7641,3,0
16216,2,0
2333,3,0
13764,0,0
26483,3,1
31434,12,1
41743,4,2
39659,4,1
11033,3,0
40691,4,1
52354,8,2
15493,4,0
5116,3,1
44231,4,1
14541,0,0
53286,1,1
20774,4,2
25034,2,1
41571,8,1
33151,3,1
1784,4,0
36423,4,1
14773,0,0
5324,4,1
34374,3,1
18982,3,0
16024,0,0
22211,3,0
7473,3,1
19850,0,0
13556,4,3
43226,0,1
2101,0,2
16818,0,0
12484,4,2
33535,4,1
57070,1,1
25450,4,1
11665,3,0
14317,3,0
20122,0,0
5740,3,1
37195,12,1
52502,5,2
16440,3,0
8863,0,0
7017,3,1
34710,3,1
31262,3,1
49378,4,1
19408,3,0
13132,4,0
43642,3,1
46102,4,1
27909,12,1
34522,4,1
31050,0,1
3685,3,1
28941,0,1
48098,1,1
43470,5,1
2757,3,1
13300,7,0
14919,3,0
33707,4,2
41327,5,0
11457,3,0
5572,4,1
44655,0,2
14125,1,0
20310,3,0
36275,5,1
23308,0,0
29632,0,1
3824,4,2
18175,8,0
9522,0,0
17901,6,0
3018,3,1
52991,8,0
40468,4,1
53843,0,1
38572,2,0
58497,3,1
24911,3,1
41788,3,1
4833,2,3
45328,4,1
37708,4,1
6758,3,1
9710,0,0
23906,4,0
48437,3,1
54068,4,1
26448,4,0
57289,0,1
26810,12,1
12219,12,0
50890,8,0
29256,4,1
12817,4,0
47229,4,1
17559,0,0
8094,4,0
6932,3,1
9146,1,1
43689,3,1
24549,3,0
37962,4,0
56955,4,2
59121,6,1
14926,3,0
39202,4,2
11468,0,0
49949,7,1
28142,7,1
27936,1,1
19605,3,1
50864,8,1
9380,4,0
7028,7,1
23798,4,1
3488,4,0
7814,3,1
20921,7,0
10788,0,0
58007,3,0
44458,4,1
28714,0,1
18181,1,0
16827,3,0
31639,0,1
8404,3,0
19053,4,1
52965,8,0
39454,0,1
38586,3,1
44800,3,1
25837,0,1
52159,3,1
33952,3,1
39666,4,1
5915,4,1
11830,4,1
5129,0,1
28526,3,1
34179,3,1
16229,5,0
34945,5,1
22820,4,1
49511,4,1
40653,0,1
41781,0,1
32273,0,1
56736,3,1
14583,3,0
52396,8,2
45321,4,1
4006,4,1
35056,4,1
7683,6,0
23133,3,0
47476,4,1
34184,3,1
6751,4,1
12674,12,0
3223,4,0
42104,7,3
9719,4,0
27593,3,1
46796,4,1
47644,4,3
18940,3,0
23301,13,0
3011,0,1
26673,4,1
17908,5,0
30716,8,1
33193,3,1
52998,8,0
24918,3,1
4234,3,1
47220,4,1
6107,3,1
9973,5,0
17550,0,0
16482,0,0
18518,6,0
43680,8,1
12022,0,0
25492,4,1
32425,3,0
59914,0,1
24540,0,0
45577,4,1
4650,4,1
59128,6,1
15207,5,0
53412,0,0
5782,3,1
11495,4,2
57280,0,1
15035,5,0
4462,6,1
44697,3,0
17762,4,2
47012,0,0
35432,8,1
26819,12,1
22485,3,1
50899,8,0
30140,3,1
12210,3,0
3647,4,1
31092,0,1
42560,0,1
29851,12,1
13938,0,1
9987,3,0
16476,0,0
8855,0,0
22643,3,1
7021,3,1
13104,6,0
43674,8,1
2553,4,1
31254,3,1
3481,2,0
25466,4,1
33503,8,1
57046,8,1
45583,4,1
39805,12,3
14321,7,0
20114,0,0
5776,3,1
41311,5,1
11461,0,0
57274,0,1
4496,4,1
36243,3,1
5544,3,1
44663,12,1
14113,5,0
20326,3,1
17796,3,0
34514,4,1
7213,3,0
16644,3,1
22471,0,0
49940,3,1
29099,4,1
28977,8,1
9389,4,0
27103,0,1
13336,3,0
46908,1,1
31066,5,1
42594,1,1
33355,4,1
1580,5,0
41775,3,1
5120,3,1
44207,4,2
14577,4,0
58658,0,1
52362,8,2
11839,4,0
7677,3,0
16220,6,0
34170,3,1
22829,4,1
2305,3,0
27567,0,1
13752,0,0
22227,3,0
7445,3,1
19866,4,0
6597,3,1
34342,3,1
26687,4,1
13560,4,0
2137,0,3
33167,3,1
40495,13,1
57422,3,1
44809,3,1
11237,1,0
14745,0,0
36415,4,1
15697,0,0
52150,3,1
30943,0,1
26826,12,1
29052,3,1
9342,7,0
48065,0,1
18715,3,0
8290,3,0
15836,0,0
32628,3,1
10578,3,0
36288,5,1
1913,3,0
11698,0,0
56963,4,2
59117,6,1
15238,4,0
6138,4,2
22688,4,1
29260,4,1
12821,4,0
6904,3,1
9170,1,0
48257,3,1
26228,3,1
38544,4,2
53875,4,1
39496,6,1
53049,8,0
24927,3,1
21469,4,2
3812,4,3
42309,8,1
12479,4,1
19091,0,0
9514,3,1
17937,3,0
30729,12,1
9726,0,0
48401,3,1
23930,4,0
13799,5,0
34987,8,1
24329,2,0
38776,4,1
56709,0,0
4805,3,1
20789,5,0
58693,0,1
53881,4,1
44836,3,1
39462,0,1
52953,8,0
33964,0,1
22218,3,0
19859,6,0
2934,3,0
28722,0,1
8432,3,0
19065,0,0
2108,7,0
28510,3,1
54896,12,1
22816,4,1
8600,3,0
27558,0,1
5923,4,1
40698,4,1
44238,4,1
14548,0,0
58667,0,1
11806,0,0
36618,4,2
27900,12,1
50852,8,1
43479,4,1
28948,0,1
48091,0,1
13309,3,0
19633,3,1
31059,5,1
39234,8,1
14910,3,0
20319,0,1
25459,4,1
57079,8,1
56997,4,2
5749,4,1
13907,4,0
29294,0,1
16449,0,0
49371,4,1
8056,3,0
7822,4,0
19401,3,1
7442,3,1
19861,6,0
22220,3,0
6590,3,1
34345,3,1
26680,4,1
16829,3,0
2130,0,3
57425,3,1
38588,3,1
33160,0,1
5315,4,1
14742,0,0
15690,0,0
52157,3,1
25839,0,1
33352,4,1
1587,4,3
39668,4,1
41772,3,1
14570,4,0
44200,4,2
5127,0,1
36620,4,2
16227,3,0
34177,3,1
28528,3,1
8638,4,0
13755,0,0
27560,0,1
2302,3,0
11466,3,1
41316,13,1
14928,3,0
33736,1,1
57273,0,1
4491,4,1
36244,3,1
20321,0,1
14114,1,0
44664,12,1
5543,3,1
34513,4,1
27938,1,1
22476,3,1
16643,3,1
7214,0,0
13331,0,0
27104,0,1
2766,3,1
28970,8,1
31061,5,1
9980,6,0
23796,4,1
34721,12,1
7026,3,1
22644,7,0
16471,0,0
8852,0,0
2554,3,1
43673,6,1
13103,5,0
31253,3,1
3486,3,0
11654,3,0
25461,4,1
37998,4,1
57041,8,1
33504,8,1
39802,0,1
45584,4,1
44456,4,1
5771,1,1
20113,0,0
14326,3,0
58009,3,0
11492,4,2
24775,4,1
57287,0,1
4465,3,1
45742,0,1
15032,5,0
44690,3,1
6332,4,1
47015,0,0
17765,4,2
22482,3,1
35435,7,1
28984,8,1
3640,4,1
12217,12,0
9974,3,0
17557,0,0
6100,4,1
47227,4,1
12819,4,0
29258,4,1
16485,0,0
9148,1,1
43687,3,1
12025,0,0
32422,3,1
25495,4,1
24547,3,0
10772,4,2
15200,3,0
4657,4,1
37150,3,1
5785,3,1
53415,0,0
35263,0,1
23306,0,0
6564,7,1
47643,4,2
26674,4,1
42331,8,1
3016,3,1
40466,4,1
33194,3,1
58499,8,0
21451,3,2
4233,3,1
40654,0,1
1573,2,0
24311,7,0
32274,0,1
41786,8,1
14584,3,1
4001,4,1
45326,4,1
52391,8,2
35051,0,1
7684,3,0
34183,3,1
6756,4,1
23134,3,0
42103,3,1
12673,12,0
54066,4,1
27594,3,1
23908,4,0
48439,3,1
39001,3,1
36875,3,1
20910,1,0
56990,4,2
14319,7,0
13900,4,0
7019,3,1
19406,4,0
27907,12,1
50855,8,1
19634,3,1
11459,0,0
39233,8,1
14917,3,0
33709,4,2
45789,4,1
16218,3,0
34148,10,1
54891,3,1
28517,3,1
8607,3,0
22811,3,0
38785,4,1
5924,4,1
39657,4,1
58660,0,1
5118,3,1
11801,0,0
44831,3,1
52954,8,0
39465,0,1
33963,0,1
28725,0,1
19062,0,0
8435,3,0
13558,4,2
6769,0,1
26479,3,1
54059,13,1
23937,4,1
48406,3,1
38771,4,1
4802,3,1
58694,0,1
37739,0,1
45319,4,1
59746,8,1
15469,3,0
53872,4,1
38543,4,1
40459,4,2
24920,3,1
33997,8,1
32845,4,2
7489,5,1
3815,3,1
23339,4,0
18978,6,1
19096,0,0
3029,3,1
17930,2,0
56964,4,2
17568,0,0
47218,4,1
12826,0,0
8899,0,0
29267,4,1
48250,3,1
9177,1,0
18520,6,0
6903,3,1
31298,3,1
30944,0,1
29055,3,1
26821,12,1
18712,10,0
48062,0,1
9345,7,0
42558,0,1
25698,3,1
15831,0,0
5588,4,1
59382,0,1
15891,4,0
39267,4,2
57218,5,0
14943,3,0
12288,12,0
34578,8,1
26881,3,1
16628,3,1
13168,4,0
43618,3,1
31238,3,1
7871,4,1
13954,3,1
28315,4,2
8839,12,1
12886,4,0
35698,4,2
41973,3,1
39869,4,3
20178,0,0
57816,0,0
21896,0,0
20944,4,0
8461,3,0
3089,3,1
19036,4,2
7429,0,1
28771,0,1
2967,4,0
14729,3,0
33937,3,1
25852,0,1
36479,4,1
44865,3,1
10987,3,0
11855,4,1
5970,0,1
33339,4,1
41719,4,2
39603,4,2
11069,0,0
19204,0,0
22845,4,1
9781,3,0
2369,4,2
34920,5,1
28543,3,1
43872,4,1
8495,10,0
9547,3,1
3841,4,1
29657,0,1
17158,0,0
24974,3,1
4258,3,1
32811,4,2
53826,0,1
44891,3,1
24148,3,3
45943,3,1
53228,12,1
59712,8,1
5984,0,1
4856,4,2
12618,3,0
35806,4,1
42168,3,1
49580,4,2
48452,3,1
23963,3,0
9775,3,0
18322,0,0
43886,4,1
15059,4,1
59376,0,1
39293,4,2
15865,4,2
18746,3,0
26049,0,1
30910,0,1
6359,4,1
26875,3,1
29001,3,1
18574,3,0
9123,4,0
3419,3,1
7885,2,0
55789,8,1
29233,4,1
12872,4,3
56930,4,2
41987,3,1
59144,4,0
32449,7,1
59978,8,0
10719,5,0
3284,3,1
31451,3,1
48499,1,2
13701,4,0
27534,0,1
22046,0,0
16273,0,0
23194,0,0
5173,3,1
20711,4,2
14524,0,0
45386,4,2
10184,0,0
33306,1,1
41726,4,2
11056,0,0
58439,8,1
14716,0,0
37594,3,1
5341,4,1
36446,4,1
4293,3,1
52103,0,1
33134,4,2
24183,4,1
57471,4,3
11264,12,0
45988,8,1
42391,3,1
49779,5,1
19009,6,1
13533,4,0
2164,0,3
22274,4,2
16041,0,0
46731,3,1
19835,0,0
7416,0,1
17193,0,2
50654,7,2
39856,3,1
21095,4,1
20147,0,0
38984,3,1
14372,4,2
44402,4,0
5725,4,1
11600,0,1
32482,3,1
54690,0,0
13157,3,0
2500,4,0
43627,8,1
31207,4,1
12085,0,0
22610,5,1
8806,0,0
16425,3,0
2732,3,1
28924,3,1
13365,4,0
27150,0,1
8208,3,1
31035,3,1
6392,4,1
7240,4,0
16617,0,0
15092,0,0
44630,2,1
20375,3,0
39258,4,2
11432,3,0
40290,4,1
33762,3,1
15254,4,0
53441,4,1
14386,4,2
38970,3,1
24513,0,0
37938,8,1
27396,3,1
30321,3,1
42701,4,2
3426,3,1
12071,0,0
6154,4,1
17503,3,0
35653,4,1
13391,0,1
26076,0,1
42533,0,0
3614,3,1
17731,4,0
6366,4,1
47041,12,1
35461,3,1
15066,4,1
59349,4,1
4431,3,1
20381,3,0
32644,2,1
24721,4,0
10514,3,0
40264,3,1
14988,5,0
26412,0,1
12627,3,0
3270,3,1
43085,3,1
16287,3,0
23160,3,0
5187,3,1
4055,3,1
45372,4,1
24345,3,0
10170,4,0
40600,0,1
32220,0,1
4869,3,1
56765,0,1
53025,8,0
37560,7,1
4267,4,1
25899,13,1
15630,6,0
21405,3,0
40432,10,1
38528,4,1
53819,0,0
24177,4,0
10342,3,0
11290,1,1
31697,0,1
3042,3,0
26620,4,1
54200,0,1
30745,0,1
2190,2,0
29668,0,1
35237,4,0
6530,3,1
18913,0,0
47617,4,0
17167,0,0
30319,3,1
9124,4,0
6950,3,1
18573,5,0
7882,7,0
12049,5,0
46399,7,1
12875,4,3
29234,4,1
59143,4,1
41980,3,1
21059,4,0
56937,4,2
38948,3,1
4409,3,1
59371,0,1
1947,3,0
15862,4,0
39294,4,2
38346,3,1
24719,4,0
18741,3,0
46997,0,1
19693,0,0
47079,12,0
17709,4,0
30917,12,1
26872,3,1
35459,3,1
59715,8,1
40638,0,1
38722,0,1
5983,0,1
10148,4,0
4851,2,1
32218,0,1
49587,4,2
3248,4,0
35801,4,1
9772,2,0
23964,3,0
48455,3,1
23158,3,0
43881,4,1
26618,4,1
8492,3,0
17963,4,0
9540,3,1
29650,0,1
3846,3,1
50698,8,1
2994,4,0
6508,3,1
24973,3,1
37558,7,1
15608,2,3
32816,4,2
44896,3,1
20729,4,1
11852,4,1
4099,3,0
24389,0,0
39604,4,3
22842,4,1
13739,0,0
34927,5,1
43049,3,1
43875,4,1
28544,7,1
19031,4,2
8466,3,0
17997,2,1
30789,0,1
28776,0,1
24987,3,1
5379,4,1
25855,0,1
44862,3,1
57449,3,1
52907,8,0
26288,3,1
19455,3,1
7876,4,1
8002,3,0
13953,3,1
6198,3,1
12881,4,0
22628,3,0
57811,8,0
21891,0,0
36826,0,1
20943,4,0
36228,4,1
39260,4,2
15896,4,2
14944,3,0
46963,4,0
19667,3,1
7278,3,0
37567,3,1
21402,3,0
15637,3,0
4260,3,1
10345,3,0
57482,4,1
24170,0,1
40435,3,1
11297,1,0
26627,4,1
31690,4,1
3045,3,1
30742,6,1
2197,4,0
3879,3,1
17160,0,0
47610,4,2
3277,3,1
22889,4,1
12620,3,0
26415,0,1
43082,2,1
16280,5,0
23167,3,0
5180,3,1
45375,4,1
4052,3,1
11899,4,0
36687,4,1
15405,4,0
40607,0,1
10177,4,0
24342,3,0
32227,0,1
13396,0,1
3613,3,1
42534,0,1
12244,0,2
47046,12,1
6361,4,1
17736,4,1
30928,10,1
29039,3,1
35466,4,0
4436,4,1
15061,4,1
1978,3,0
32643,3,1
10513,0,0
24726,4,0
15253,4,0
56908,4,2
37103,12,1
53446,4,1
14381,4,2
59940,4,3
10721,3,0
24514,0,0
40051,6,0
12076,0,0
26243,7,1
3421,3,1
17504,3,0
9927,3,0
6153,4,1
13998,5,0
35654,4,1
13362,4,0
31032,12,1
19658,3,0
34540,4,2
6395,4,1
16610,12,0
35492,4,1
7247,4,0
36217,7,1
15095,0,0
20372,2,0
44637,3,1
25600,8,0
11435,3,0
33765,4,1
39851,3,1
59188,4,1
5722,3,1
44405,4,0
14375,4,2
38983,12,1
20140,0,1
32485,7,1
11607,0,1
36819,0,1
57012,4,2
33557,3,1
43620,3,1
2507,4,0
27365,3,0
54697,0,1
13150,4,2
12082,0,0
47280,3,1
46352,0,1
8801,0,0
16422,3,0
22617,3,0
37593,3,1
5346,4,0
14711,0,2
52104,0,1
36441,4,1
4294,3,1
57476,4,1
24184,4,1
33133,4,2
52938,8,1
11263,12,0
8459,3,0
42396,3,1
2163,0,1
13534,4,0
19832,0,0
7411,0,1
16046,0,0
22273,4,2
28749,0,1
17194,5,0
50653,7,2
34316,3,1
3283,3,1
31456,3,1
13706,6,0
34918,5,1
43076,5,1
2351,4,0
16274,5,0
42998,4,1
22041,0,0
23193,0,0
14523,0,0
20716,4,2
5174,3,1
10183,4,0
5948,0,1
11051,0,0
41721,4,2
18313,5,3
48463,8,1
23952,5,0
12629,3,0
54800,1,1
16289,3,0
11890,4,1
5189,3,1
4867,3,1
1529,3,0
4269,4,1
25897,13,1
24945,3,1
45972,3,1
24179,4,3
38526,4,1
53817,8,0
49783,5,1
31699,0,1
17169,0,0
47619,4,0
3870,3,1
59175,4,0
56901,4,2
37936,8,1
21853,3,0
9112,4,0
6966,3,1
18545,4,2
12843,3,0
13991,4,0
26844,12,1
6368,4,1
30921,12,1
15068,4,0
14986,5,0
15854,4,0
20149,0,0
39858,3,1
59181,4,0
39064,3,1
7840,4,0
31209,4,1
43629,0,1
13159,3,0
8808,0,0
28324,4,2
13965,3,0
8206,3,1
19651,3,1
16619,0,0
1985,3,0
5519,4,1
39256,4,2
48497,12,2
22874,4,1
28572,3,1
42991,4,1
22048,0,0
11864,4,0
45388,4,2
11058,0,0
4893,3,1
39632,4,1
41728,4,2
33308,1,1
5941,0,1
36448,4,3
14718,3,0
52931,8,1
45986,8,1
44854,3,1
19007,0,0
8450,3,0
2956,3,0
28740,3,1
7418,0,1
29692,0,1
3884,3,1
45727,0,1
4400,3,1
15057,4,1
59378,0,1
40255,0,1
24710,4,0
41387,3,1
3625,4,1
12272,0,0
26047,0,1
27195,8,1
18748,3,0
30122,3,1
7285,3,0
35450,3,1
47070,12,0
6357,4,1
17700,4,0
12040,0,0
55787,8,1
26275,3,1
3417,3,1
42730,4,2
30310,3,1
13192,4,0
35662,4,1
46390,7,1
47242,4,1
6165,4,1
37135,12,1
38941,7,1
20182,0,0
41989,0,1
21050,4,0
39893,4,1
15265,4,0
4632,4,1
10717,3,0
24522,0,0
40067,3,1
32447,7,2
59976,8,0
30774,0,1
9549,3,1
12424,4,0
26611,4,1
3073,3,1
17156,0,0
47626,4,2
6501,6,1
18922,0,0
21434,7,2
15601,6,0
4256,3,1
36483,4,1
5384,4,1
37551,4,1
53014,8,0
10373,3,0
24146,3,3
40403,3,1
45343,4,1
4064,4,1
53226,0,1
37763,0,1
4858,3,1
11093,5,0
32211,0,1
40631,0,1
24374,0,0
2393,4,2
3241,4,0
12616,3,0
35808,4,1
6733,4,1
23151,0,2
43888,4,1
22083,0,0
35034,13,1
2155,3,3
30780,0,1
13502,3,0
19038,4,2
3087,3,1
2969,3,0
50665,7,2
34320,3,1
19804,3,0
7427,3,1
16070,12,0
22245,4,1
52132,3,1
36477,4,1
5370,4,1
14727,3,0
33939,3,1
11255,3,0
57440,3,1
33105,4,2
4090,3,1
14515,0,0
10989,3,0
37797,0,1
5142,3,1
11067,0,0
41717,4,2
33337,4,1
24380,0,0
13730,0,0
23999,0,0
2367,4,2
31460,3,1
34112,3,1
51585,1,1
20344,3,1
36221,4,1
33753,3,1
57216,7,0
11403,3,0
39269,4,2
12286,12,0
13354,4,0
2703,3,1
16626,3,1
49922,8,0
7271,3,0
47084,4,2
34576,3,1
50033,2,1
26281,3,1
31236,3,1
43616,0,1
27353,3,0
13166,4,0
12888,4,0
35696,4,1
7043,4,1
8837,12,1
16414,3,0
22621,3,0
34744,4,1
6191,3,1
57818,3,0
5714,4,1
44433,4,1
14343,4,0
20176,0,0
52556,1,1
39867,4,2
33561,3,1
40093,3,1
41141,8,0
21898,0,0
59982,8,0
25404,4,0
5348,4,0
45981,3,1
52936,8,1
57478,4,0
8457,3,0
49770,0,1
42398,3,1
19000,3,1
28747,0,1
3883,3,1
16048,0,0
48490,3,2
43078,5,1
34916,5,1
31458,7,1
22873,4,1
28575,3,1
42996,4,1
11863,4,0
39635,4,1
56798,1,1
4894,3,1
5946,0,1
19656,3,0
7249,4,0
31800,3,1
44639,4,1
1982,7,0
36219,4,1
39251,4,2
57820,3,1
41945,4,2
33559,3,1
11609,0,1
36817,0,1
39063,3,1
7847,3,0
54699,0,0
6995,3,1
2509,4,0
22619,3,0
13962,3,0
28323,4,2
13398,0,1
35468,4,2
26843,12,1
29037,3,1
17738,4,0
30926,10,1
47048,12,1
1976,7,1
4438,4,1
15853,4,0
38979,0,1
53448,4,1
56906,4,2
59172,4,0
37931,0,1
42708,4,2
12078,0,0
6961,4,1
18542,4,2
30328,3,1
9115,4,0
12844,3,0
13996,6,0
34788,4,1
9929,3,1
25890,13,1
15639,3,0
37569,3,1
24942,3,1
53810,0,0
38521,3,1
2199,4,0
49784,5,1
26629,4,1
3877,3,1
22289,4,2
23955,0,0
48464,8,1
18314,0,1
3279,3,1
22887,4,1
23169,3,0
11897,4,0
32229,0,1
4860,3,1
10179,4,0
40609,0,1
31231,7,2
26286,3,1
7878,7,0
27354,3,0
22626,5,0
8830,3,0
16413,3,0
35691,4,1
7044,4,1
34743,4,1
6196,3,1
20171,0,0
14344,4,0
44434,4,1
39860,3,1
40094,3,1
33566,3,1
36828,0,1
25403,4,0
59985,8,0
20343,3,1
36226,4,1
57211,1,0
33754,3,1
15898,4,2
11404,0,0
19669,3,1
2704,8,1
13353,4,0
26888,3,1
7276,3,0
49925,8,0
16621,12,0
50034,2,1
34571,3,1
4097,3,0
37790,0,1
5145,3,1
14512,0,0
41710,4,2
24387,0,0
5979,0,1
33330,0,1
9788,3,1
43047,3,1
13737,0,0
34929,5,1
31467,3,1
34115,8,1
22070,0,0
51582,1,1
13505,3,0
2152,3,3
17999,2,0
30787,0,1
3080,3,1
8468,0,0
31655,0,1
50662,2,1
28778,0,1
22242,4,0
19803,3,0
7420,0,1
36470,0,1
52135,3,1
14720,3,0
24989,3,1
5377,4,1
52909,8,0
33102,4,2
10380,0,0
57447,3,1
4063,3,1
45344,4,1
37764,0,1
32216,0,1
11094,5,0
56753,3,1
24373,0,0
10146,4,0
40636,0,1
2394,4,2
26424,0,1
12611,3,0
49589,4,2
3246,4,0
23156,3,0
6734,4,1
35033,13,1
30773,0,1
3074,3,1
26616,4,1
12423,4,0
6506,3,1
18925,3,0
47621,4,0
17151,6,2
4251,3,1
36484,4,3
15606,3,0
32818,4,2
21433,7,2
53013,8,0
5383,4,0
40404,3,1
44898,3,1
10374,3,0
42737,4,2
3410,3,1
26272,3,1
12047,0,0
13195,4,0
30317,3,1
46397,0,1
35665,4,1
6162,3,1
47245,4,1
17535,0,0
20185,0,0
38946,3,1
37132,0,1
4635,4,1
56939,4,2
45512,3,1
15262,4,0
39894,4,1
40060,3,1
24525,0,0
10710,3,0
59971,8,0
32440,3,1
1949,3,0
15050,4,1
4407,3,1
24717,4,0
41380,3,1
26040,0,1
46999,0,1
12275,0,2
3622,4,1
7282,3,0
35457,3,1
17707,4,0
30919,12,1
6350,4,1
34585,8,1
47077,12,0
9149,1,1
43686,3,1
12024,0,0
6101,3,1
47226,4,1
17556,0,0
9975,3,0
16484,0,0
4656,4,1
15201,3,0
21034,4,0
53414,0,0
5784,4,1
37151,3,1
25494,4,3
59912,0,1
24546,3,0
15033,5,0
4464,3,1
44691,3,1
11493,4,2
57286,0,1
30146,3,1
28985,8,1
12216,12,1
42566,3,1
31094,0,1
3641,4,1
17764,4,2
47014,0,1
35434,8,1
22483,0,1
14585,3,1
52390,8,2
15457,4,0
4000,4,1
45327,4,1
10125,4,1
40655,0,1
1572,2,0
32275,0,1
41787,3,1
12672,7,0
42102,3,1
3225,4,0
48438,3,1
27595,3,1
7685,3,0
35050,0,1
23135,3,0
6757,3,1
34182,3,1
42330,8,1
3017,3,1
26675,4,1
35262,0,1
47642,4,2
23307,0,0
58498,3,1
4232,3,1
21450,3,2
40467,4,1
33195,0,1
44201,4,2
5126,3,1
14571,4,3
52364,8,2
36621,4,2
33353,4,1
39669,4,1
41773,3,1
2303,3,0
13754,0,0
27561,0,1
16226,5,0
28529,3,1
34176,3,1
16828,3,0
31636,0,1
26681,4,1
2131,0,1
22221,3,0
19860,6,2
7443,3,1
34344,3,1
6591,3,1
14743,0,0
52156,3,1
40493,13,1
33161,0,1
38589,3,1
57424,3,1
25004,0,1
13102,5,0
2555,3,1
43672,8,1
3487,4,0
31252,3,1
19438,7,1
9981,6,0
23797,4,1
8853,0,0
16470,0,0
7027,3,1
45585,4,1
39803,0,1
20112,0,0
58008,3,0
14327,4,2
5770,3,1
25460,4,1
33505,8,1
10787,0,0
57040,8,1
36245,3,1
4490,4,1
44665,12,1
5542,4,1
20320,0,1
41317,13,1
11467,0,0
28971,8,1
13330,0,0
27105,0,1
42592,8,0
31060,5,1
34512,4,1
27939,1,1
7215,3,0
22477,3,1
49946,7,1
16642,3,1
33996,0,1
24921,3,1
32844,4,2
38542,4,1
53873,4,0
40458,4,2
3028,3,1
19097,0,0
17931,13,1
9512,3,1
3814,3,1
7488,5,1
18979,3,0
23338,4,2
26478,3,1
48407,3,1
23936,4,0
9720,4,1
34981,8,1
54058,13,1
6768,0,1
37738,0,1
58695,0,0
15468,3,0
59747,8,1
38770,4,1
4803,3,1
48063,0,1
9344,3,0
18713,10,0
12229,0,0
42559,0,1
30945,0,1
26820,12,1
59323,4,1
5589,4,1
15830,0,0
25699,3,1
56965,4,2
24579,3,1
6902,3,1
18521,5,1
48251,3,1
9176,1,0
31299,3,1
47219,4,1
17569,0,0
8898,0,0
29266,4,1
12827,0,0
48097,12,2
50854,8,1
19635,3,0
27906,12,1
45788,4,1
41328,5,0
39232,8,1
14916,3,0
33708,4,2
56991,4,2
14318,5,0
36874,3,1
9182,3,0
8050,3,0
49377,4,1
19407,3,0
7824,4,0
13901,4,0
29292,0,1
33962,0,1
44830,3,1
39464,0,1
52955,8,0
8434,3,0
16817,0,0
19063,0,0
13559,4,3
43229,4,1
28724,0,1
8606,3,0
22810,3,0
16219,5,0
28516,3,1
34149,10,1
54890,3,1
5119,3,1
58661,0,1
11800,0,0
5925,4,1
38784,4,1
39656,4,1
4497,4,1
14112,5,0
20327,0,1
5545,3,1
41310,3,1
57275,0,1
27102,0,1
13337,3,0
28976,8,1
2760,3,1
42595,1,1
46909,1,1
34515,4,1
17797,3,0
16645,3,1
49941,3,1
7212,0,0
43675,8,1
2552,4,0
13105,6,0
31255,3,1
9986,3,0
13939,3,1
34727,4,0
7020,3,1
8854,0,0
22642,5,0
39804,12,3
45582,4,1
5777,3,1
14320,7,0
20115,0,0
57047,8,1
26686,4,1
2136,0,3
13561,4,2
19867,4,0
22226,3,0
34343,3,1
6596,3,1
14744,0,0
15696,0,0
52151,3,1
36414,4,1
57423,3,1
44808,3,1
33166,3,1
40494,13,1
25003,0,1
11236,1,0
58659,0,0
14576,4,0
5121,3,1
44206,4,2
11838,4,0
52363,8,2
33354,4,1
41774,8,1
22828,4,1
27566,0,1
13753,0,0
2304,3,1
16221,2,0
34171,3,1
26672,4,1
17909,5,0
30717,8,1
54252,0,1
35265,3,1
46797,4,1
23300,4,0
47645,4,2
6562,3,1
18941,3,0
37532,3,1
24919,3,1
4235,3,1
33192,3,1
40460,4,1
52999,8,0
14582,5,0
45320,4,1
52397,8,2
1575,3,1
40652,0,1
10122,4,0
41780,3,1
32272,0,1
42105,7,3
12675,12,0
54060,12,1
9718,4,0
7682,6,0
47477,4,1
34185,3,1
23132,3,0
15034,5,0
44696,0,1
57281,0,1
24773,2,1
28982,8,1
50898,8,0
30141,3,1
31093,0,1
3646,4,1
42561,3,0
12211,3,0
6334,4,2
17763,4,2
22484,3,1
35433,8,1
26818,12,1
43681,8,1
12023,0,0
17551,0,0
9972,3,0
47221,4,1
6106,4,1
16483,0,0
15206,3,0
59129,6,1
45576,4,1
4651,4,1
37156,3,1
38922,3,1
53413,0,0
59915,0,1
32424,3,1
25493,4,0
24541,0,0
22817,4,1
27559,0,1
54897,3,1
28511,3,1
58666,0,1
14549,0,0
44239,4,2
11807,0,0
36619,4,2
38783,4,1
5922,4,1
39651,4,1
33965,0,1
44837,3,1
53880,4,1
52952,8,0
39463,0,1
19064,0,0
8433,3,0
16810,0,0
2109,2,0
19858,6,0
22219,3,0
28723,0,1
41921,4,2
56996,4,2
5748,3,1
36873,3,1
25458,4,1
57078,8,1
19400,3,1
7823,3,0
13906,4,0
46338,4,1
29295,3,1
16448,3,0
13308,3,0
50853,8,1
28949,0,1
48090,3,1
43478,4,1
8265,0,1
51981,3,1
19632,3,1
27901,12,1
20318,0,1
39235,8,1
14911,3,0
15239,4,0
59116,6,1
56962,4,2
11699,0,0
38121,12,1
9171,1,0
48256,3,1
6905,3,1
26229,3,1
6139,4,1
12820,4,0
29261,4,1
22689,4,1
18714,3,0
9343,7,0
48064,0,1
3679,3,1
8291,3,0
30942,0,1
29053,3,1
26827,12,1
36289,5,1
59324,4,1
1912,3,0
15837,0,0
32629,3,1
10579,3,0
34986,8,1
23931,4,0
48400,3,1
47448,4,1
20788,5,0
58692,0,1
4038,3,1
38777,4,1
4804,3,1
53048,8,0
32843,4,2
21468,4,2
53874,4,0
38545,4,1
19090,0,0
12478,4,0
42308,8,1
17936,3,0
30728,12,1
29605,3,1
3813,3,1
34388,3,1
36422,4,1
14772,0,0
41570,8,1
25035,3,0
1785,4,0
2100,0,2
13557,4,0
12485,4,0
16819,1,0
18983,3,0
34375,3,1
19851,0,0
7472,3,1
16025,0,0
22210,3,1
27550,0,1
13765,0,0
2332,3,0
8608,3,0
31435,12,1
26482,3,1
34147,7,1
6792,3,1
28518,3,1
16217,2,0
52355,8,2
15492,4,1
14540,0,0
53287,1,1
20775,4,2
5117,3,1
44230,4,0
11032,0,0
41742,4,2
39658,4,1
40690,4,1
3684,3,1
51988,2,1
13301,7,0
43471,5,1
28940,0,1
48099,12,1
7224,4,0
46103,4,1
27908,12,1
34523,4,1
14124,1,2
20311,0,0
5573,4,1
45786,4,0
36274,5,1
14918,3,0
33706,4,2
11456,3,0
5741,3,1
14316,5,0
20123,0,0
52503,5,2
57071,1,1
24583,3,1
33534,4,1
58805,0,0
25451,4,1
11664,3,0
19409,3,0
31263,3,1
43643,8,1
2564,3,1
13133,4,0
46331,4,1
8862,0,0
16441,3,0
8298,4,0
3670,4,1
42557,0,1
43485,0,1
35405,4,1
47025,0,1
6302,4,2
17755,0,0
4455,4,1
36280,5,1
15002,3,0
10570,3,0
25697,0,1
32620,2,1
37160,3,1
44492,4,1
53425,0,0
15230,4,0
10742,4,2
57085,10,1
24577,3,0
32412,3,1
59923,0,1
11690,0,0
12015,0,0
31297,3,1
3442,3,1
30345,3,1
9178,1,0
2590,5,1
12829,2,0
51372,3,1
8896,0,0
29268,4,1
17567,0,0
9944,3,0
47217,4,1
6130,4,1
4203,3,1
53041,8,0
14786,0,0
33998,13,1
24113,4,1
40456,4,2
30721,0,1
12471,0,0
19099,0,0
26644,4,1
23336,5,0
47673,3,1
34381,3,1
18977,3,1
7486,2,1
54056,13,1
48409,3,1
23938,4,1
3214,4,0
42133,4,1
12643,3,0
26476,3,1
6766,3,1
46593,4,2
4031,3,1
15466,6,0
59749,8,1
20781,4,1
37736,0,1
56701,0,1
32244,0,1
1543,4,0
40664,0,1
10114,4,0
7815,3,0
3489,4,1
7029,7,1
23799,4,0
58006,3,0
14329,4,0
10789,0,0
37997,4,1
20920,7,0
36845,1,1
14927,3,0
11469,3,0
39203,4,2
19604,3,1
9381,4,0
50865,8,0
22479,3,1
49948,7,1
27937,1,1
28143,7,0
11831,4,1
5128,0,1
39667,4,1
1588,3,0
34944,5,1
49510,4,1
22821,4,1
12688,4,0
35896,3,1
34178,3,1
28527,3,1
16228,5,0
18180,1,0
19052,4,3
8405,3,0
16826,3,0
2903,4,2
28715,0,1
52158,3,1
25836,0,1
33953,3,1
39455,0,1
52964,8,1
44801,3,1
38587,3,1
45329,4,1
15459,4,1
37709,4,1
4832,2,1
41789,3,1
54069,4,1
9711,0,0
48436,3,1
26449,4,2
6759,3,1
17900,6,0
18174,8,0
3019,3,1
23309,0,0
29633,0,1
3825,4,1
24910,3,1
58496,3,1
52990,8,0
38573,2,0
53842,0,1
9147,1,0
43688,3,1
6933,3,1
12816,4,0
29257,4,1
17558,0,0
47228,4,2
59120,6,1
4658,4,1
56954,4,2
24548,3,0
37963,4,2
1924,3,0
59312,4,0
57288,0,1
12218,12,0
18722,3,0
50891,8,0
26811,12,1
9729,0,0
13796,3,0
34988,8,1
54051,13,1
26471,3,1
12644,3,0
42134,4,1
3213,4,1
6761,3,1
47446,4,1
46594,4,3
15461,2,0
4036,3,1
37731,0,1
20786,5,0
32243,0,1
10113,4,0
40663,0,1
38779,4,1
1544,4,0
4204,3,1
21466,5,2
53046,8,0
14781,0,0
24928,3,1
39499,3,1
41583,3,2
40451,4,2
24114,4,0
30726,8,1
3021,3,1
26643,4,1
12476,4,0
34386,3,1
47674,8,1
23331,0,0
7481,3,1
53422,0,0
37167,6,1
15237,4,0
59118,6,1
40035,7,1
57082,10,1
11697,0,0
59924,0,1
32415,3,1
31290,3,1
3445,3,1
26227,3,1
12012,0,0
30342,3,0
48258,3,1
22687,4,0
51375,4,0
8891,0,0
6137,4,1
47210,4,1
17560,0,0
9943,3,0
12220,12,1
42550,0,1
3677,4,1
43482,0,1
26829,12,1
35402,4,1
17752,0,0
47022,0,1
5580,4,1
15005,6,0
36287,5,1
45775,3,1
10577,3,0
15839,0,0
32627,3,1
20124,0,0
14311,5,0
44461,4,1
5746,3,1
56998,4,2
39835,3,1
52504,5,2
20918,1,0
58802,0,0
33533,4,1
57076,1,1
25456,4,1
39009,3,1
31264,3,1
13134,4,3
27301,0,0
43644,8,1
8865,0,0
51381,7,1
46336,4,1
7011,3,1
13908,4,0
3683,3,1
2751,3,1
28947,0,1
43476,4,1
13306,12,0
46104,4,1
7223,4,0
34524,4,1
5574,4,1
20316,3,0
14123,1,0
36273,5,1
45781,3,1
33701,4,2
11451,3,0
2335,3,0
13762,0,0
27557,0,1
26485,3,1
22819,4,1
54899,3,1
6795,0,1
7647,3,0
16210,3,0
52352,8,2
15495,4,0
11809,0,0
36617,4,2
44237,4,1
5110,3,1
20772,4,1
58668,0,1
14547,0,0
41745,3,1
11035,0,0
40697,4,1
36425,4,3
52160,3,1
14775,0,0
5322,4,1
25032,6,0
1782,4,0
44839,3,1
13550,4,0
2107,7,0
43220,4,0
12482,4,1
34372,3,1
18984,3,0
47680,4,3
22217,3,0
16022,12,0
19856,6,2
7475,3,1
44698,3,1
1923,4,0
59315,4,0
32618,6,1
3648,4,1
50896,8,0
18725,5,0
26816,0,1
29062,3,1
8092,4,0
6934,3,1
18517,6,0
9140,0,0
29250,4,1
12811,2,1
6108,3,1
37158,3,1
45578,4,1
56953,4,2
59127,6,1
37964,4,0
18173,3,0
17907,5,0
3822,4,1
46799,4,1
58491,7,0
24917,3,1
38574,2,1
52399,8,2
4835,2,1
23900,4,1
48431,3,1
9716,4,2
2138,0,3
8402,3,0
16821,3,0
19055,0,0
26688,4,1
6598,3,1
28712,0,1
22228,3,0
19869,4,0
25831,0,1
15698,0,0
32886,3,1
33954,3,1
52963,8,0
39452,0,1
38580,3,1
33168,3,1
44806,3,1
11836,4,1
44208,4,2
58657,0,1
39660,4,1
34943,5,1
35891,3,1
22826,4,1
28520,2,1
20329,0,1
4499,4,1
14920,3,0
39204,4,2
19603,3,1
28978,8,1
9386,4,0
13339,10,0
28144,7,1
17799,3,0
19431,7,1
7812,4,0
9988,3,0
58001,8,0
57049,8,1
25469,4,1
37930,10,1
53449,4,1
38978,0,0
59173,4,0
56907,4,2
12845,3,0
13997,5,0
12079,0,0
9114,4,0
30329,3,0
18543,4,2
29036,3,1
35469,4,2
47049,12,0
17739,4,0
30927,10,1
13399,0,1
24729,3,0
15852,4,0
1977,7,1
4439,4,1
23168,3,0
48465,8,1
23954,0,0
3278,3,1
22886,4,1
4861,3,1
32228,0,1
40608,0,1
10178,4,0
11896,4,1
36688,4,2
11298,1,0
53811,0,0
15638,3,0
32826,4,2
25891,3,1
37568,3,1
24943,3,1
6538,3,1
3876,3,1
9570,0,0
2198,4,0
26628,4,1
49785,5,1
28574,3,1
42997,4,1
34917,5,1
43079,3,1
48491,3,2
31459,7,1
22872,4,1
4895,3,1
39634,4,1
5947,0,1
11862,4,0
52937,8,1
45980,3,1
57479,4,1
44852,3,1
5349,4,0
28746,0,1
34319,3,1
3882,3,1
19001,3,1
8456,3,0
42399,3,1
33558,3,1
39062,3,1
11608,0,1
41944,4,2
59187,4,1
22618,3,0
28322,4,2
13963,0,1
7846,4,0
19465,0,0
2508,4,0
6994,3,3
54698,0,0
7248,4,0
8200,3,1
19657,3,0
27158,0,1
1983,3,0
44638,4,1
36218,13,1
17150,6,2
18924,3,0
6507,4,2
47620,4,0
3849,3,1
30772,0,1
26617,4,1
12422,4,0
3075,3,1
44899,3,1
40405,8,1
15607,3,0
36485,4,1
4250,3,1
5382,4,0
11095,5,0
56752,3,1
32217,0,1
40637,0,1
24372,0,0
10147,4,0
4062,3,1
45345,4,1
21600,2,0
37765,0,1
6735,4,1
23157,3,0
49588,4,2
3247,4,0
26425,0,1
12610,3,0
24716,4,0
41381,3,2
1948,3,0
4406,3,1
15051,4,1
35456,3,1
7283,3,0
34584,3,1
6351,4,1
47076,12,0
17706,4,0
30918,12,1
29835,0,1
3623,4,1
26041,0,1
46998,0,1
12274,0,0
27193,4,2
30124,3,1
46396,0,1
35664,4,1
17534,0,0
6163,4,1
47244,4,1
26273,3,1
12046,0,0
42736,4,2
3411,3,1
30316,3,1
13194,4,0
24524,0,0
10711,3,0
33593,3,1
32441,3,1
59970,8,0
37133,0,1
20184,0,0
38947,3,1
39895,4,1
15263,4,0
21056,4,1
56938,4,2
4634,4,1
33755,3,1
57210,1,0
11405,3,0
15899,4,2
20342,5,0
5520,3,1
36227,4,1
49924,8,0
16620,0,0
26889,3,1
7277,3,0
34570,8,1
19668,5,0
13352,4,0
2705,8,1
43422,1,2
46362,0,1
7045,4,1
35690,4,1
22627,5,0
16412,0,0
8831,3,0
6197,3,1
34742,4,1
26287,3,1
7879,7,0
13160,3,0
27355,3,0
40095,7,1
59984,8,0
44435,4,1
5712,4,1
20170,0,0
14345,4,0
39861,3,1
50663,7,2
28779,0,1
34326,3,1
7421,0,1
19802,3,0
22243,4,1
17998,3,0
30786,0,1
2153,3,3
13504,3,0
31654,0,1
8469,0,0
3081,3,1
52908,8,0
11253,12,0
10381,0,0
57446,3,1
33103,4,2
52134,5,0
36471,0,1
24988,3,1
5376,4,1
14721,0,0
33331,0,0
24386,0,0
5978,0,1
4096,3,1
14513,0,0
5144,3,1
37791,0,1
34114,8,1
22071,0,0
51583,1,1
13736,0,0
34928,5,1
9789,3,0
43046,3,1
31466,3,1
19650,3,0
8207,3,1
39257,4,2
1984,3,0
20148,0,0
39859,3,1
8809,0,0
13964,0,0
28325,4,2
31208,4,1
7841,4,0
13158,3,0
43628,3,1
45987,8,1
52930,8,0
39401,1,2
44855,3,1
36449,4,3
14719,3,0
28741,0,1
3885,3,1
7419,0,1
49776,0,1
8451,3,0
19006,3,1
28573,3,1
42990,4,1
22049,0,0
48496,12,2
34910,5,1
22875,4,1
39633,4,1
41729,4,2
4892,3,1
11059,0,0
5940,4,1
33309,1,1
11865,4,1
45389,4,2
45973,3,1
53816,0,0
38527,4,1
24178,4,0
4268,4,1
25896,13,1
24944,3,1
47618,4,2
17168,0,0
29667,0,1
3871,3,1
49782,5,1
31698,0,1
16288,3,0
23953,0,0
48462,7,1
18312,5,1
22881,4,2
4866,3,1
1528,6,0
11891,4,1
5188,3,1
30920,12,1
9321,3,0
14987,5,0
15855,4,0
15069,4,1
40059,3,1
37937,8,1
32479,2,1
14389,4,2
56900,4,2
59174,4,0
51319,9,1
12842,3,0
3429,3,1
18544,4,2
6967,3,1
9113,4,0
41716,4,2
33336,4,1
4091,3,1
5143,3,1
10988,3,0
37796,0,1
14514,0,0
34113,8,1
51584,1,1
22076,0,0
43041,3,1
13731,0,0
31461,7,1
34321,3,1
50664,7,2
16071,12,0
22244,4,1
7426,3,1
19805,3,0
13503,3,0
30781,0,1
2154,3,3
31653,0,1
19039,4,2
11254,3,0
33104,4,2
57441,3,1
36476,4,3
52133,13,0
14726,3,0
33938,3,1
5371,4,0
16415,3,0
22620,3,0
7042,4,1
12889,4,0
35697,4,1
46365,0,1
6190,3,1
34745,4,1
31237,3,1
26280,3,1
27352,3,0
13167,4,0
43617,3,1
33560,3,1
40092,3,1
25405,3,1
11630,0,1
41140,8,1
21899,0,1
59983,8,0
14342,4,0
20177,0,0
57819,8,0
15290,4,0
52557,1,1
57217,5,0
33752,3,1
39268,4,2
11402,5,0
5527,3,1
36220,4,1
7270,3,0
16627,3,1
49923,8,0
50032,2,1
34577,3,1
12287,12,0
8238,4,1
2702,0,1
13355,4,0
35663,4,1
46391,3,1
47243,4,1
6164,3,1
3416,3,1
42731,4,2
12041,0,0
55786,8,1
26274,3,1
13193,4,0
6958,3,1
30311,3,1
40066,3,1
24523,0,0
59977,8,0
32446,7,1
38940,7,1
20183,0,0
4633,4,1
41988,0,1
15264,4,0
39892,4,1
24711,4,0
40254,0,1
41386,3,1
59379,0,1
15056,4,1
4401,3,3
35451,3,1
7284,3,3
17701,4,0
47071,12,1
34583,3,1
6356,4,1
12273,0,0
26046,0,1
3624,4,1
27194,4,2
18749,0,0
32210,0,1
11092,0,0
4859,3,1
24375,0,0
40630,0,1
45342,4,1
4065,4,1
44290,12,1
23150,6,0
43889,4,1
6732,3,1
35035,13,1
22082,0,0
12617,4,2
35809,4,1
3240,4,0
47627,4,2
18923,0,0
6500,3,1
17157,0,0
9548,3,1
30775,0,1
3072,3,1
12425,4,0
26610,4,1
53829,0,0
40402,8,1
10372,3,0
36482,4,1
4257,3,1
15600,5,0
53015,8,0
37550,4,1
5385,4,1
34328,3,1
28777,0,1
8467,0,0
19030,4,2
17996,2,1
30788,0,1
44863,3,1
57448,3,1
52906,8,1
24986,3,1
5378,4,1
25854,0,1
24388,0,0
5976,0,1
39605,4,2
4098,3,0
11853,4,1
28545,3,1
43874,4,1
19202,0,0
31468,2,1
23991,0,0
13738,0,0
34926,5,1
15897,4,0
39261,4,2
14945,3,0
36229,4,1
26887,3,1
27169,0,1
46962,4,0
19666,3,1
6199,3,1
13952,3,1
28313,4,2
22629,3,0
12880,4,3
8003,3,0
7877,4,1
36827,0,1
21890,0,0
20942,4,0
15299,4,0
41975,5,1
57810,3,1
39295,4,2
15863,4,0
24718,4,0
38347,3,1
59370,0,1
4408,3,1
1946,3,0
17708,4,0
30916,0,1
47078,12,0
26873,3,1
35458,3,1
18740,3,0
46996,0,1
19692,0,0
29235,4,1
46398,3,2
12874,4,0
18572,5,0
6951,3,0
9125,4,0
30318,3,1
42738,4,2
7883,7,0
37901,3,1
56936,4,2
59142,4,0
41981,3,1
38949,3,1
3847,3,1
6509,4,2
8493,10,0
26619,4,1
9541,3,1
17962,4,0
53820,0,0
44897,3,1
24972,3,1
37559,7,1
15609,7,1
32817,4,2
10149,4,0
5982,0,1
40639,0,1
32219,0,1
4850,3,1
59714,8,1
23159,3,0
43880,4,1
35800,4,1
49586,4,2
3249,4,0
9773,7,0
48454,3,1
23965,3,0
18324,0,0
11606,0,1
36818,0,1
33556,3,1
57013,4,2
38982,0,1
14374,4,2
20141,0,0
5723,4,1
44404,4,0
47281,3,1
16423,3,0
8800,0,0
22616,3,1
46353,0,1
27364,3,0
54696,0,1
13151,3,0
43621,3,1
2506,4,0
7848,3,0
12083,0,0
6394,4,1
34541,4,2
7246,4,0
35493,4,1
16611,12,0
49915,8,0
13363,4,0
19659,3,1
26084,0,1
25601,8,0
11434,3,0
33764,4,1
15094,0,0
36216,7,1
44636,3,1
20373,2,0
16275,5,0
42999,4,1
22040,0,0
31457,7,1
3282,3,1
43077,5,1
30585,3,0
2350,3,0
27532,0,1
13707,3,0
5949,0,1
10182,4,0
33300,12,1
41720,4,2
11050,0,0
5175,3,1
14522,0,0
45380,4,2
33132,4,2
57477,4,0
24185,4,0
11262,12,0
5347,4,0
4295,3,1
36440,4,3
52105,0,1
16047,0,0
7410,0,1
19833,0,0
34317,3,1
28748,0,1
17195,5,2
50652,7,2
8458,3,0
42397,3,1
13535,4,0
2162,0,3
16281,5,0
23166,3,0
12621,3,0
26414,0,1
3276,3,1
22888,4,1
43083,2,1
10176,4,0
24343,3,1
40606,0,1
32226,0,1
37754,0,1
5181,3,1
53211,0,1
45374,4,1
11898,4,1
4053,3,1
40434,10,1
10344,3,0
57483,4,1
24171,0,0
11296,1,0
53023,8,0
37566,3,1
4261,3,1
21403,3,0
15636,3,0
32828,4,2
3878,3,1
35231,4,1
47611,4,2
18915,0,0
6536,7,1
17161,0,0
3044,3,1
31691,4,1
26626,4,1
2196,4,0
30743,0,1
32470,3,1
59941,4,3
40050,6,1
10720,7,1
24515,0,0
56909,4,2
21067,4,1
15252,4,0
53447,4,1
14380,4,2
38976,13,1
37102,12,1
13999,5,0
6152,4,1
17505,3,0
35655,4,3
30327,3,1
3420,3,1
12077,0,0
23502,4,0
17737,4,0
30929,10,1
47047,12,1
6360,4,1
35467,4,2
13397,0,1
12245,0,2
3612,3,1
42535,0,1
10512,3,0
24727,4,0
40262,0,1
15060,4,1
4437,4,1
5985,0,1
4857,3,1
59713,8,1
43887,4,1
49581,4,2
12619,3,0
35807,4,1
18323,0,0
23962,6,0
48453,3,1
9774,3,0
3840,4,1
17159,0,0
47629,4,2
8494,10,0
9546,3,0
17965,4,0
44890,3,1
24149,3,3
45942,3,1
24975,3,1
32810,4,2
4259,3,1
12873,4,3
9122,4,0
18575,3,0
6956,0,1
55788,8,1
7884,2,0
21863,3,0
59979,8,0
32448,7,1
10718,3,0
40068,7,1
41986,3,1
59145,4,0
56931,4,2
41388,0,1
15864,4,0
39292,4,2
38340,3,1
59377,0,1
15058,4,0
30911,0,1
26874,3,1
18747,3,0
9310,3,0
19695,0,0
26048,0,1
46991,0,0
28314,4,2
13955,3,1
35699,4,1
8838,12,1
43619,3,1
13169,4,2
7870,3,0
19453,3,0
31239,3,1
8004,3,0
21897,0,0
20945,4,0
41972,3,1
39868,4,2
57817,3,0
20179,0,0
39266,4,2
15890,4,3
14942,3,0
59383,0,1
34579,3,1
16629,3,1
26880,3,1
8236,4,2
19661,5,0
12289,12,0
33338,4,1
5971,0,1
41718,4,2
39602,4,2
37798,0,1
11854,4,1
43873,4,1
28542,3,1
22844,4,1
34921,5,1
2368,4,2
9780,3,0
7428,3,1
28770,0,1
2966,4,0
19037,4,2
3088,3,1
8460,3,0
44864,3,1
52901,8,0
14728,3,0
33936,3,1
25853,0,1
36478,4,1
47040,0,0
17730,4,0
23505,4,1
35460,3,1
13390,0,1
30112,0,1
42532,0,1
26077,0,1
12242,0,0
32645,2,1
40265,3,1
14989,5,0
24720,4,1
15067,4,1
32477,3,1
24512,0,0
37939,0,1
40057,3,1
15255,4,0
38971,3,1
53440,4,1
14387,4,2
17502,3,0
6155,3,1
35652,4,1
30320,3,1
6969,0,1
12070,0,0
42700,4,3
3427,3,1
24176,0,0
10343,3,0
57484,4,0
40433,10,1
53818,0,0
38529,4,1
11291,1,1
37561,8,1
53024,8,0
15631,2,2
21404,3,0
4266,4,1
25898,13,1
29669,0,1
17166,0,0
18912,0,0
47616,4,0
26621,4,1
3043,4,2
31696,0,1
2191,7,0
30744,0,1
16286,3,0
6703,3,1
23161,3,0
3271,3,1
12626,3,0
43084,3,1
40601,0,1
24344,3,0
10171,4,0
4868,3,1
32221,0,1
37753,0,1
5186,3,1
4054,3,1
45373,4,1
24182,4,1
57470,4,2
33135,4,2
11265,12,0
45989,8,1
5340,4,1
37595,3,1
14717,3,0
52102,0,1
4292,3,1
36447,4,1
7417,0,1
19834,0,2
22275,4,2
17192,0,2
50655,7,1
19008,3,1
42390,3,1
31662,0,1
2165,0,1
43242,4,1
13532,4,0
16272,0,0
23195,0,0
31450,3,1
3285,3,1
13700,4,3
48498,12,1
33307,1,1
10185,0,0
11057,0,0
41727,4,2
20710,4,2
5172,3,1
45387,4,2
6393,4,1
16616,0,0
7241,4,0
13364,4,0
27151,0,1
28925,3,1
8209,3,1
26083,0,1
11433,5,0
39259,4,2
40291,4,2
33763,4,1
36211,7,1
15093,0,0
20374,3,0
44631,2,1
5516,3,1
11601,0,1
57014,4,2
33551,0,1
39857,3,1
44403,4,0
5724,4,1
20146,0,0
14373,4,2
38985,3,1
22611,3,0
16424,3,0
8807,0,0
2501,4,0
54691,0,1
13156,3,0
12084,0,0
23143,5,0
6721,3,1
22091,4,1
2381,4,2
9769,2,0
12604,3,0
3253,4,0
42174,3,1
32203,0,1
11081,0,0
10153,4,0
5998,0,1
24366,0,0
40623,0,1
45351,4,1
4076,4,1
37771,0,1
40411,3,1
10361,3,0
24154,0,1
4244,3,1
21426,3,2
15613,7,0
53006,8,0
37543,3,1
5396,4,1
47634,4,2
18930,3,0
6513,3,1
28799,1,1
51751,4,2
17978,4,0
30766,0,1
3061,3,1
8489,3,0
26603,4,0
33587,3,1
40075,3,1
24530,0,0
32455,3,1
59964,8,0
38953,3,1
20190,3,0
4620,3,1
21042,4,0
35670,4,3
46382,3,1
6177,3,1
9903,1,0
42722,4,2
12052,3,0
55795,5,1
26267,3,1
18568,4,0
13180,4,0
30302,3,1
35442,3,1
7297,3,0
26869,3,1
17712,4,0
47062,12,0
34590,3,1
6345,4,1
19688,7,0
12260,0,2
26055,0,1
3637,4,1
42510,0,1
29821,0,1
27187,3,1
24702,4,1
41395,0,1
15879,4,0
14197,8,0
15045,3,0
45735,0,1
4412,3,1
20958,3,0
40081,3,1
57036,8,1
25416,4,1
11623,0,1
41153,10,1
59990,8,0
14351,4,2
20164,0,0
5706,4,2
44421,4,2
36001,3,1
15283,3,0
16406,0,0
8825,0,0
7051,0,1
35684,4,1
46376,0,1
6183,3,1
13948,1,0
34756,4,0
26293,3,1
13174,4,2
7263,4,0
16634,3,1
22401,0,0
49930,8,0
50021,13,2
47096,4,0
34564,8,1
31016,0,1
28907,0,1
2711,8,1
27173,0,1
13346,1,0
57204,5,0
33741,3,1
41361,1,3
11411,0,0
5534,4,1
44613,4,3
36233,4,1
34100,3,1
7607,3,1
16250,0,0
51597,1,1
22065,0,0
43052,7,1
2375,4,2
22859,4,1
41705,4,2
11075,5,0
24392,0,0
4082,3,1
11849,4,1
5150,3,1
37785,0,1
14507,3,0
11247,13,0
33117,4,2
44879,3,1
36465,4,1
52120,3,1
14735,0,0
5362,4,1
34332,3,1
16062,12,0
22257,4,2
7435,3,1
19816,5,0
13510,3,0
43260,0,1
30792,2,1
2147,3,3
31640,0,1
3095,3,1
10508,3,0
40278,12,1
14994,5,0
15846,3,0
1963,4,0
59355,0,1
29022,3,0
30933,0,1
3608,4,1
9332,3,0
18765,4,2
12851,3,0
13983,4,0
6148,4,1
26258,2,1
18557,4,2
6974,0,1
9100,4,2
38150,3,1
56913,4,2
59167,4,0
15248,4,0
29674,0,1
3862,3,1
17947,2,0
30759,0,1
45960,3,0
38534,4,1
57499,4,1
32832,4,2
21419,3,2
53039,8,0
4875,3,1
24359,0,0
11882,4,0
4049,4,1
9756,3,0
48471,8,1
23940,4,0
18301,0,0
22892,4,1
50648,2,0
2944,3,0
28752,0,1
22268,4,2
3896,10,1
19829,0,0
9590,0,0
49765,0,1
8442,3,0
19015,3,1
11278,3,0
45994,8,1
39412,0,1
52923,8,0
33128,4,2
44846,3,1
58425,8,1
37588,3,1
39620,4,2
4881,3,1
5953,0,1
11876,4,1
14538,0,0
28560,3,1
23188,0,1
48485,8,1
34903,5,1
22866,4,1
3298,4,3
14960,6,0
20369,0,1
1997,7,0
35489,4,1
19643,5,0
31029,0,1
8214,4,0
28938,0,1
13379,4,0
16439,3,0
13977,4,0
8026,2,0
12099,0,0
6980,0,1
57009,4,2
39076,0,1
38998,8,1
5739,4,1
11240,1,0
33110,4,2
52127,3,1
36462,4,3
25849,0,1
5365,4,1
14732,0,0
50670,2,1
34335,3,1
7432,7,1
19811,5,0
22250,4,0
16065,12,0
30795,0,1
2140,3,3
43267,0,1
13517,3,0
34107,3,1
28558,3,1
51590,1,1
7600,4,1
2372,4,2
43055,3,1
11072,0,0
39618,4,2
41702,4,2
33322,0,1
24395,0,1
4085,3,1
20735,4,1
14500,4,0
5157,3,1
37782,0,1
22406,0,0
16633,3,1
34563,4,2
47091,4,0
50026,13,2
13341,5,0
27174,0,1
2716,3,1
14958,3,0
33746,3,1
57203,0,1
11416,5,0
20351,1,0
44614,4,3
5533,4,1
36234,0,1
59399,3,0
57031,3,1
33574,3,1
41154,7,1
11624,0,1
25411,4,1
44426,4,1
5701,4,2
20163,0,0
14356,4,2
39872,4,2
15284,4,0
41968,3,1
35683,4,1
16401,0,0
6184,4,1
34751,4,1
26294,3,1
19449,3,0
35445,3,1
7290,3,0
34597,3,1
6342,4,2
47065,12,0
17715,0,0
29826,0,1
42517,0,1
3630,4,1
12267,0,2
27180,12,1
24705,4,1
39288,4,2
41392,0,1
4415,3,1
45732,0,1
15042,3,0
24537,0,0
33580,3,1
59963,8,0
32452,7,2
21879,0,0
20197,5,0
38954,3,1
15270,4,0
39886,4,1
4627,4,1
45500,5,1
46385,3,1
12869,4,0
35677,4,2
29228,4,1
51332,5,1
9904,4,1
6170,3,1
26260,2,1
12055,3,0
42725,4,2
9138,4,1
30305,3,1
13187,4,1
45958,3,1
24153,0,0
10366,10,0
40416,3,1
1731,4,0
15614,3,0
21421,3,2
4243,3,1
37544,3,1
5391,4,1
53001,8,0
2988,4,0
18937,3,0
47633,4,3
51756,4,2
30761,0,1
26604,4,1
12431,4,0
3066,3,1
6726,4,1
23144,5,0
22096,4,1
48449,3,1
42173,3,2
3254,4,0
12603,3,0
11086,0,0
32204,0,1
40624,0,1
24361,0,0
10154,4,0
4071,4,1
45356,4,1
37776,0,1
7069,3,1
28331,4,2
13970,4,3
7855,3,0
19476,5,1
27379,1,1
6987,3,1
32499,0,1
39071,0,1
57832,3,1
44419,4,2
14369,4,2
41957,3,1
11429,3,0
41359,1,1
1990,3,1
15089,0,0
6389,4,1
50019,13,2
19644,3,0
4886,3,1
39627,4,1
5954,0,1
11871,4,1
5168,3,1
28567,3,1
42984,4,1
34904,5,1
48482,8,2
30598,7,1
22861,4,1
28755,0,1
17188,0,2
3891,3,1
43258,0,1
9597,0,0
13528,12,0
19012,6,1
8445,3,0
49762,13,1
52924,8,0
45993,8,1
44841,3,1
52118,3,1
4872,3,1
45369,4,1
11885,4,1
37749,0,1
42970,5,1
18306,0,1
48476,8,2
22895,4,1
18908,4,0
3865,3,1
9563,0,0
17940,3,0
3059,3,1
10359,3,0
53802,3,1
38533,4,1
40429,3,1
32835,4,2
24950,3,1
12856,4,3
35648,4,1
13984,4,0
19482,3,0
9107,4,0
18550,4,2
6973,3,1
37923,3,1
24508,0,0
59160,4,0
56914,4,2
4618,3,1
14993,5,0
15841,0,0
1964,4,2
59352,0,1
29025,3,1
30934,0,1
29819,0,1
42528,0,1
12258,0,0
18762,0,0
9335,3,0
11420,3,0
41350,1,0
40282,12,1
33770,4,1
36202,7,1
15080,0,0
20367,3,0
1999,2,0
6380,4,1
22430,0,1
16605,0,0
7252,4,0
13377,4,0
2720,12,1
28936,0,1
31027,0,1
26090,0,1
13979,4,0
22602,3,1
16437,3,0
8814,0,0
43635,3,1
54682,0,0
27370,3,0
12097,0,0
31215,4,1
32490,3,1
41162,12,1
11612,0,1
57007,4,2
33542,3,1
39844,3,1
21087,4,0
44410,4,2
5737,4,1
20155,0,0
38996,1,1
14360,4,2
7404,4,1
19827,0,0
22266,4,2
16053,0,0
3898,3,1
17181,0,2
2176,3,3
13521,3,0
44848,3,1
24191,4,1
33126,4,2
11276,5,0
25043,3,0
5353,4,0
14704,0,0
52111,0,1
4281,4,1
36454,4,3
33314,3,0
11044,0,0
41734,4,2
14536,0,0
5161,3,1
11878,4,1
45394,4,2
22054,0,0
7636,2,0
23186,0,0
22868,4,1
31443,6,1
3296,4,3
13713,3,1
2344,3,0
43063,3,1
51760,4,2
17175,0,0
6522,7,1
47605,4,2
26632,4,0
3050,3,1
31685,4,1
2182,3,1
30757,0,1
24165,0,1
10350,3,0
57497,4,1
40420,3,1
11282,1,1
53037,8,0
15622,2,1
4275,4,1
40612,0,1
24357,0,0
10162,4,0
32232,0,1
37740,0,1
4047,4,1
45360,4,1
15410,4,1
16295,3,0
6710,4,0
23172,3,0
42145,4,1
3262,3,1
12635,3,0
9758,3,0
15848,4,0
32656,3,1
40276,12,1
24733,3,1
10506,3,0
4423,3,1
15074,4,1
6374,4,1
47053,12,1
17723,0,0
35473,4,2
13383,4,0
42521,0,1
3606,4,2
26064,0,1
12251,0,0
9932,3,0
17511,3,0
6146,4,1
35641,4,0
30333,3,1
18559,4,2
27384,5,1
26256,2,1
12063,0,0
42713,4,2
3434,3,1
32464,3,1
24501,5,0
40044,3,1
15246,4,0
45536,3,1
53453,4,2
51599,1,1
28551,3,1
22857,4,1
27519,4,2
34932,5,1
23985,0,0
9793,0,0
5962,0,1
39611,4,2
14509,4,0
10995,3,0
11847,4,1
44877,3,1
33119,4,2
52912,8,0
24992,7,1
25840,0,1
19818,5,0
22259,4,2
28763,0,1
2975,3,0
19024,4,2
8473,0,0
17982,4,2
2149,3,3
21884,0,0
25418,4,3
36833,4,1
57038,8,1
20956,4,0
41961,1,1
13946,3,0
46378,0,1
16408,0,0
7863,4,1
8017,3,0
26893,3,1
13348,1,0
28909,0,1
31018,12,1
19672,3,0
15883,4,2
39275,4,2
14951,3,0
59390,4,0
20358,3,0
33589,3,1
41995,5,1
56922,4,2
37129,0,1
12860,4,0
9131,4,1
6945,3,1
26269,3,1
30902,2,1
7299,3,0
26867,3,1
27189,3,1
18754,8,0
3639,4,2
19686,3,1
39281,4,2
15877,4,0
59364,0,1
31488,12,1
49592,4,2
35814,4,1
48440,3,1
9767,3,0
5996,0,1
24368,0,0
4844,3,1
4078,4,1
44883,3,1
38505,10,1
53834,0,0
5398,4,1
53008,8,0
32803,4,2
3853,3,1
2981,3,0
8487,8,0
42348,12,1
9555,3,0
17976,4,0
30768,0,1
6141,4,2
9935,3,0
17516,5,0
12858,4,3
35646,4,1
9109,4,1
30334,3,1
3433,3,1
12064,0,0
26251,7,1
21848,3,0
32463,3,1
40043,2,1
24506,0,0
45531,3,1
15241,4,0
53454,4,2
37111,12,1
32651,3,1
10501,3,0
40271,3,1
15073,4,0
4424,3,1
17724,0,0
47054,12,1
6373,4,1
35474,4,2
30106,0,1
13384,4,0
55591,0,1
26063,0,1
3601,3,1
1532,3,0
40615,0,1
32235,0,1
56770,0,1
37747,0,1
5192,3,1
15417,4,0
45367,4,1
4040,3,1
16292,3,0
23175,3,0
6717,3,1
12632,3,0
3265,3,1
42142,4,1
48478,8,2
18308,3,0
22295,4,2
47602,4,2
18906,4,1
6525,7,1
17172,0,0
3057,3,1
26635,4,1
2185,3,3
30750,0,2
40427,8,1
10357,3,0
57490,4,0
24162,0,0
45969,3,1
11285,1,1
53030,8,0
37575,4,1
4272,4,1
21410,3,0
15625,5,1
33313,3,1
41733,4,2
39629,4,1
4888,3,1
11043,0,0
5166,3,1
14531,3,0
20704,4,2
45393,4,3
7631,7,0
22053,0,0
23181,0,0
28569,3,1
31444,3,1
3291,3,1
43064,3,1
30596,7,1
2343,3,0
27521,4,2
13714,5,0
16054,12,0
22261,4,2
29689,7,1
7403,4,2
19820,5,2
17186,0,2
43256,0,1
9599,0,0
2171,3,1
33121,4,2
25044,3,0
14703,0,0
5354,4,1
37581,7,1
4286,4,1
36453,4,1
52116,3,1
16430,3,0
8813,0,0
27377,3,0
54685,0,0
43632,8,1
31212,4,1
12090,0,0
25420,4,3
11615,0,1
32497,4,1
57000,4,2
41959,3,1
39843,3,1
14367,4,2
38991,3,1
20152,0,0
5730,4,1
44417,4,2
41357,1,0
11427,3,0
40285,4,3
15087,0,0
36205,0,1
5502,3,1
44625,7,1
20360,3,0
6387,4,1
7255,4,0
16602,0,0
28931,3,1
2727,3,1
13370,4,0
31020,3,1
40418,3,1
53833,0,1
38502,7,1
44884,3,1
36498,0,1
32804,4,2
29642,0,1
3854,3,1
51758,4,2
18939,3,0
2986,3,0
28790,1,1
8480,8,0
3068,3,1
9552,3,1
17971,4,0
22098,4,1
43893,4,1
6728,4,1
35813,4,1
49595,4,2
9760,3,0
2388,4,2
23976,0,0
48447,3,1
5991,0,1
11088,0,0
4843,3,1
37778,0,1
45358,4,1
30905,12,1
34599,8,1
29014,3,1
30139,3,1
18753,3,0
19681,3,1
42519,0,1
15870,4,3
39286,4,1
59363,0,1
21877,0,0
24539,0,0
37912,8,1
56925,4,2
39888,4,1
41992,7,1
20199,5,0
29226,4,1
12867,4,0
35679,4,1
13189,4,0
18561,4,2
9136,4,1
7890,2,0
50028,7,2
26894,3,1
49939,3,1
2718,3,1
19675,3,1
39272,4,2
15884,4,2
11418,3,0
14956,3,0
33748,0,1
36834,4,1
59999,4,2
21883,0,0
20951,4,0
41966,3,1
14358,4,2
44428,4,1
13941,0,1
12893,4,0
27348,3,0
7864,4,1
44870,7,1
52915,8,1
39424,3,2
24995,1,1
25847,0,1
52129,3,1
2972,3,0
28764,0,1
31649,0,1
8474,0,0
19023,4,2
13519,5,0
43269,0,1
28556,3,1
34109,3,1
22850,4,1
23982,0,0
34935,5,1
39616,4,2
10992,3,0
11840,4,0
58681,0,1
53269,0,1
4817,3,1
42129,4,1
12659,0,0
34995,8,1
18363,4,0
46589,4,3
19083,0,0
17925,5,0
9506,0,0
29616,0,1
3800,3,1
33982,5,1
32850,4,2
4219,3,1
24109,4,0
53867,4,2
9162,1,0
48245,3,1
3458,4,1
12833,3,0
29272,0,1
51368,1,1
59105,9,0
56971,4,2
32408,4,1
59939,4,3
10758,4,2
37946,0,1
40028,3,1
15018,5,0
48077,3,1
51966,8,1
8282,3,0
6318,4,1
30951,3,1
29040,3,1
9196,4,0
43659,8,1
13129,4,0
7830,4,0
49363,4,1
31279,3,1
13915,4,0
29286,0,1
52519,5,2
39828,4,1
56985,4,2
57857,4,2
20139,0,0
24599,3,0
20905,4,2
58211,12,0
5569,4,1
39226,8,1
48083,8,1
8276,3,0
51992,2,1
19621,3,1
34539,4,2
27912,12,1
31877,8,1
58675,0,1
11814,0,0
15488,4,2
5931,4,1
11028,0,0
39642,4,1
8612,3,0
26498,3,1
19245,6,0
34961,8,1
2328,3,0
22038,0,0
6788,0,1
28502,6,1
19077,0,0
8420,3,0
16803,7,0
7468,3,1
28730,0,1
18999,6,1
14768,0,0
33976,8,1
59595,8,0
36438,4,3
44824,4,2
39470,0,1
52941,8,1
18738,3,0
28991,8,1
2787,3,1
3655,4,1
12202,3,1
47000,0,0
6327,0,1
17770,4,2
35420,4,3
45757,0,1
4470,4,1
15027,5,0
53632,4,1
57292,0,1
24760,4,2
21020,0,0
4642,4,1
5790,3,1
37145,0,1
38931,1,1
32437,2,1
25480,4,1
10767,4,2
24552,3,0
43692,3,1
6929,3,1
12030,0,0
3467,4,1
42740,4,2
17542,0,0
9961,3,0
47232,4,1
6115,3,1
16490,3,0
37521,7,1
21444,3,2
15671,1,0
4226,3,1
10303,4,1
24136,6,0
38569,7,3
33181,3,1
1754,3,0
40473,4,0
26661,4,1
9539,3,1
19880,4,0
29629,0,1
23313,0,0
47656,8,1
6571,3,2
3231,4,0
12666,0,0
35878,3,1
26453,4,0
27581,3,1
54073,4,1
51501,1,1
7691,3,0
35044,0,1
47464,4,1
6743,4,1
23121,4,3
37713,3,1
45333,4,1
4014,3,1
52384,8,2
40641,0,1
24304,5,0
4828,2,1
56724,4,1
41793,0,1
14757,0,0
33949,3,1
15685,12,0
52142,3,1
57430,3,1
33175,3,1
40487,4,0
19048,4,2
26695,4,1
2125,0,2
19874,4,0
7457,3,1
16000,5,0
22235,4,1
34350,3,1
6585,3,2
12692,4,1
13740,0,0
54087,3,0
43030,0,1
2317,3,0
16232,5,0
34162,3,1
14565,4,0
5132,3,1
44215,4,2
52370,8,2
1592,4,1
11017,3,0
41767,3,1
13324,0,0
28965,0,1
8249,4,1
31074,8,1
42586,3,1
22463,13,0
49952,2,1
7201,3,0
36251,5,1
4484,4,1
14101,3,0
20334,3,0
5556,3,1
11473,0,0
41303,0,1
39219,3,1
39817,4,1
45591,4,1
5764,3,1
44443,4,0
14333,4,0
20106,0,0
41131,3,1
25474,4,1
10793,0,0
57054,8,1
33511,4,1
58820,4,0
43666,8,1
2541,4,1
13116,4,0
3493,4,1
31246,3,1
9995,10,1
34734,4,1
8847,0,0
16464,0,0
16804,8,0
12498,3,0
19070,0,0
16038,0,0
46748,2,1
34368,3,1
28737,0,1
2921,3,0
33971,3,1
59592,8,0
1798,3,0
25028,3,1
52946,8,0
39477,0,1
58672,0,1
20768,4,1
52348,8,2
11813,0,0
5936,4,1
39645,4,1
19242,5,0
22803,3,1
43008,4,3
13778,12,0
28505,7,1
36269,5,1
44649,3,1
58216,12,0
39221,8,1
48084,8,1
19626,3,1
8271,3,0
3699,3,1
51995,7,1
27915,12,1
7239,4,0
31870,5,1
9191,1,0
2579,7,1
49364,4,1
7837,3,0
13912,4,0
56982,4,2
37189,3,1
57850,4,2
11679,0,0
39013,4,1
58818,4,3
33529,4,1
20902,4,2
59330,4,1
4448,4,1
1906,3,2
24758,3,1
43498,3,1
48070,3,1
8285,3,0
17748,4,0
30956,3,1
47038,0,1
35418,4,1
29047,3,1
6911,3,1
48242,3,1
30358,3,1
42778,3,1
12008,0,0
9959,3,0
29275,3,1
12834,3,0
56976,4,2
59102,9,0
53438,4,1
37941,0,1
19084,0,0
26659,4,1
17922,3,0
9501,0,0
3807,3,1
29611,0,1
6549,3,1
33985,5,3
15649,3,0
32857,4,2
38551,4,1
41599,0,1
58686,0,0
59754,8,1
4810,3,1
3209,3,1
23925,4,1
48414,3,1
9733,0,0
34992,8,1
23119,5,0
45596,4,1
39810,12,3
20101,0,0
14334,4,0
44444,4,1
5763,3,1
25473,4,1
33516,4,1
10794,0,0
57053,8,1
13111,7,0
2546,4,0
43661,3,1
31241,3,1
7808,3,0
34733,4,1
9992,5,0
50276,4,1
8840,12,2
16463,0,0
50878,8,0
28962,0,1
13323,0,0
19619,3,1
46121,6,1
7206,3,0
49955,2,1
22464,13,0
36256,5,1
4483,4,1
44676,0,1
20333,3,0
58229,4,1
14106,3,0
41304,0,1
12695,4,0
2310,3,0
43037,0,1
13747,0,0
34959,8,1
54080,0,1
27572,0,1
50420,4,1
34165,3,1
44212,4,2
5135,3,1
20757,4,2
14562,4,0
52377,8,2
5909,4,1
1595,3,3
33340,4,1
41760,3,1
11010,3,0
14750,0,0
15682,12,0
52145,3,1
40480,4,1
33172,3,1
57437,3,1
25017,4,0
52979,8,0
39448,0,1
41552,0,2
8418,3,0
26692,4,1
2122,3,2
16007,3,0
19873,4,0
7450,3,1
34357,3,1
6582,3,2
28708,0,1
26454,4,0
12661,0,0
3236,4,0
27586,3,1
7696,3,0
35043,0,1
51506,1,1
6744,4,1
34191,3,1
47463,4,1
37714,3,1
14596,5,1
52383,8,2
45334,4,1
24303,5,0
40646,0,1
1561,3,0
32266,2,1
41794,0,1
56723,4,1
37526,8,1
4221,3,1
15676,1,0
21443,3,2
33186,3,1
24131,3,0
10304,4,0
42323,8,1
26666,4,1
18169,8,0
3838,4,1
35271,3,1
6576,3,2
47651,8,1
23314,0,0
4645,4,1
56949,4,2
38936,7,1
5797,3,1
37142,0,1
25487,4,1
24555,3,0
10760,4,2
43695,3,1
8088,4,0
3460,4,1
12037,0,0
6112,3,1
47235,4,1
17545,0,0
9966,3,0
51350,4,1
16497,3,0
2780,3,2
28996,3,1
3652,4,1
6320,0,1
47007,0,1
35427,4,1
22490,4,1
15020,6,0
4477,4,1
44682,8,1
53635,4,1
11480,3,0
57295,0,1
19610,3,1
46914,1,1
8247,4,0
9395,4,0
50871,8,0
27923,12,1
34508,4,1
5558,3,1
58220,12,1
57268,3,1
14933,7,0
39217,8,1
58012,3,0
20108,0,0
52528,1,1
39819,4,1
8075,4,0
31248,3,1
49352,4,1
7801,3,0
13118,4,0
43668,0,1
13924,4,0
25822,0,1
14759,0,0
33947,3,1
52970,8,0
38593,3,1
44815,1,1
18194,3,0
8411,3,0
16832,3,0
19046,4,2
28701,0,1
7459,3,1
2319,3,0
34950,8,1
54089,3,1
35882,3,1
49504,4,1
28533,3,1
59796,3,0
11825,4,1
58644,0,1
41769,3,1
39673,4,1
11019,0,0
5900,4,1
33349,4,1
4228,3,1
38567,7,1
53856,0,1
17914,3,3
9537,3,1
47658,10,1
3831,4,2
48422,3,1
23913,4,2
9705,4,2
12668,0,0
35876,3,1
42118,3,1
34198,3,1
59762,4,2
39687,4,1
4826,2,1
50885,8,0
18736,8,0
26805,12,1
22499,4,2
30960,0,1
6329,4,0
15029,5,0
59306,3,2
38331,3,1
56940,4,2
40019,3,1
10769,4,2
37977,3,1
32439,3,1
59908,8,0
8081,4,0
9153,3,0
51359,5,1
29243,4,0
12802,3,0
52341,8,2
15486,4,2
44224,3,1
5103,4,1
20761,4,3
14554,4,3
41756,3,1
11026,3,0
2326,3,0
43001,4,1
13771,3,0
26496,3,1
6786,6,1
22036,0,0
16203,5,0
13543,4,2
2114,2,0
43233,4,1
19079,0,0
12491,3,0
34361,3,1
2928,3,0
22204,0,1
16031,0,0
46741,3,0
19845,0,0
36436,4,1
14766,0,0
33978,5,0
25021,5,0
33144,7,1
31277,3,1
13127,4,0
9198,4,0
43657,7,1
29288,0,1
16455,0,0
46325,4,1
7002,3,1
20137,0,0
14302,3,0
5755,3,1
52517,5,2
39826,4,1
33520,4,1
24597,3,0
57065,3,1
25445,4,1
44640,4,1
5567,4,1
20305,5,0
14130,1,0
36260,5,1
33712,4,2
39228,0,1
41332,5,2
11442,3,0
3690,4,1
8278,3,0
2742,3,1
43465,5,1
28954,0,1
13315,0,0
46117,4,1
7230,4,0
49963,3,1
34537,4,2
31283,3,1
3456,4,1
26234,3,1
12001,0,0
6918,3,1
30351,3,1
2584,2,0
22694,4,1
51366,1,1
8882,12,1
47203,4,1
17573,0,0
9950,7,0
53431,0,0
38900,5,1
15224,4,0
10756,4,2
37948,0,1
57091,10,1
11684,0,0
32406,12,1
59937,4,0
5593,4,1
15016,5,0
4441,4,0
36294,4,2
10564,3,0
32634,2,1
12233,0,0
42543,0,1
3664,4,1
48079,3,1
43491,3,1
35411,4,1
17741,4,0
47031,0,1
15472,3,0
4025,4,1
37722,0,1
32250,10,1
4819,7,1
56715,0,1
24335,3,0
40670,0,1
13785,12,0
26462,3,1
12657,0,0
42127,4,1
3200,3,1
6772,0,1
47455,4,1
46587,4,1
30735,13,1
9508,7,0
26650,4,1
6540,3,1
34395,3,1
18963,5,0
23322,0,0
7492,5,1
4217,3,1
15640,3,0
53055,8,0
41590,0,1
40442,8,1
38558,3,1
53869,4,2
1765,3,0
24107,4,0
5799,3,1
57895,0,0
38938,7,1
53409,0,0
59133,6,1
56947,4,2
37970,4,0
25489,4,1
12039,0,0
42749,4,2
8086,4,0
9154,3,0
12805,3,0
29244,4,1
16499,3,0
9968,3,0
18731,5,0
50882,8,0
26802,0,1
35429,4,1
47009,0,1
1937,4,0
4479,4,1
59301,0,0
38336,3,1
24769,4,1
9702,4,0
23914,4,1
3238,4,0
51508,1,1
7698,3,0
14598,5,1
32268,0,1
40648,0,1
15678,12,0
37528,8,1
52983,8,0
53851,0,0
33188,3,1
17913,5,0
9530,3,0
18167,8,0
26668,4,1
6578,3,2
3836,4,1
13749,0,0
34957,8,1
22832,4,1
49503,4,1
35885,3,1
28534,3,1
11822,4,1
52379,8,2
20759,4,0
58643,0,1
39674,4,1
5907,3,1
25825,0,1
33940,3,1
25019,4,0
44812,3,1
57439,3,1
38594,3,1
18193,1,0
19041,4,2
2910,4,2
28706,0,1
34359,3,1
16009,3,0
58015,3,0
45598,4,1
37984,3,1
33518,4,1
19425,0,1
7806,4,1
49355,4,1
8072,4,0
2548,4,0
50278,4,1
13923,4,0
19617,3,1
9392,4,0
50876,8,1
7208,3,0
27924,12,1
58227,4,1
14108,5,0
44678,3,1
36258,5,1
14934,7,0
39210,4,1
30732,13,1
12462,6,0
26657,4,1
23325,0,0
47660,0,1
6547,3,1
18964,5,0
34392,3,1
7495,3,1
3809,3,1
21472,4,2
15647,3,0
32859,4,2
4210,3,1
53052,8,0
41597,0,1
10335,3,0
24100,4,1
1762,3,0
4022,4,1
15475,3,0
20792,6,0
37725,0,1
32257,3,1
13782,12,0
3207,3,1
42120,7,1
12650,3,0
26465,7,1
47452,4,1
6775,3,1
46580,3,1
5594,4,1
37341,3,3
4446,4,1
21224,3,1
15011,2,0
10563,3,0
24756,5,0
32633,5,0
3663,4,1
42544,0,1
12234,0,0
43496,3,1
29049,3,1
35416,4,1
47036,0,0
6311,3,1
17746,4,0
30958,0,1
12006,0,0
26233,3,1
31284,3,1
3451,3,0
30356,3,1
51361,5,1
8885,12,1
22693,4,1
9957,3,0
47204,4,1
6123,3,1
37173,7,1
38907,3,1
53436,4,1
15223,4,0
56978,4,2
10751,2,0
57096,5,1
40021,3,1
59930,0,1
32401,3,1
11683,0,0
58218,12,1
20302,5,0
5560,6,1
44647,3,1
45795,4,1
36267,5,1
33715,1,1
10597,1,0
11445,3,0
3697,3,1
19628,3,1
13312,0,0
28953,0,1
43462,5,1
2745,3,1
49964,3,1
7237,4,0
46110,4,1
31270,3,1
43650,3,1
2577,3,1
13120,6,0
7005,3,1
8871,0,0
51395,7,1
16452,0,0
17580,12,0
37187,3,1
5752,4,1
14305,4,2
20130,0,0
39821,4,1
52510,5,2
57062,6,1
24590,0,0
58816,4,3
33527,4,1
25442,4,1
11677,0,0
43234,4,1
2113,2,0
13544,4,2
12496,3,0
28739,3,1
34366,3,1
18990,3,1
19842,0,0
46746,2,1
16036,0,0
22203,5,0
36431,4,3
5336,4,1
14761,0,0
41563,8,1
52948,8,0
39479,0,1
25026,3,0
1796,3,0
33143,3,1
52346,8,2
15481,7,1
20766,4,2
5104,4,1
44223,3,1
11021,3,0
41751,3,1
40683,3,1
5938,4,1
13776,3,0
43006,4,0
2321,3,0
26491,3,1
6781,3,1
16204,3,0
22031,0,0
31677,0,1
43257,0,1
2170,0,1
9598,0,0
13527,0,0
19821,5,2
7402,4,2
16055,12,0
29688,7,1
22260,4,2
17187,0,2
37580,7,2
5355,4,1
14702,6,0
52117,3,1
36452,4,3
33120,4,2
11270,3,0
14530,3,0
20705,4,2
5167,3,1
44240,4,0
45392,4,3
33312,3,1
10190,0,0
11042,0,0
4889,3,1
39628,4,1
3290,3,1
31445,3,1
27520,4,2
13715,3,0
43065,3,1
2342,3,0
30597,3,1
22052,0,0
28568,3,1
23180,0,0
15086,0,0
20361,3,0
5503,3,1
11426,0,0
41356,1,1
40284,4,0
13371,4,0
28930,3,1
26096,0,1
6386,4,1
16603,0,0
35481,4,1
7254,4,0
43633,8,1
27376,3,0
54684,0,1
13143,4,2
6988,3,1
12091,0,0
31213,4,1
8812,0,0
16431,3,0
22604,7,1
41958,3,1
5731,4,1
44416,4,2
14366,4,2
20153,0,0
32496,4,1
25421,4,1
11614,0,1
57001,4,2
33544,3,1
4425,3,1
15072,4,1
40270,3,1
10500,8,0
24735,0,0
13385,4,0
30107,0,1
3600,3,1
42527,0,1
55590,0,1
12257,0,2
26062,0,1
47055,12,1
6372,4,1
17725,0,0
35475,4,1
30335,3,1
9108,4,0
12065,0,0
3432,3,1
9934,3,0
6140,4,1
12859,4,0
35647,4,1
21075,4,3
15240,4,0
53455,4,2
14392,2,0
32462,3,1
24507,0,0
26634,4,1
31683,4,1
3056,3,1
30751,0,1
2184,3,1
35223,4,0
22294,4,2
17173,0,0
47603,4,2
6524,7,1
18907,4,3
37574,4,1
53031,8,0
15624,5,0
10356,0,0
57491,4,1
24163,0,0
40426,3,1
45968,3,1
11284,1,0
5193,3,1
37746,0,1
45366,4,1
4041,3,1
36694,4,1
15416,4,1
1533,3,0
40614,0,1
56771,0,1
32234,0,1
3264,3,1
42143,4,1
12633,3,0
18309,3,0
48479,8,2
16293,3,0
6716,3,1
23174,3,0
41967,3,1
44429,4,1
14359,4,2
59998,4,2
21882,0,0
36835,4,1
20950,4,0
40089,2,1
27349,3,0
7865,3,0
8011,3,0
13940,0,0
12892,4,0
2719,12,1
19674,3,1
22409,12,0
26895,3,1
59396,4,1
15885,4,2
39273,4,2
14957,3,0
33749,0,1
22851,4,1
34934,5,1
34108,3,1
28557,3,1
10993,3,0
5158,3,1
11841,4,1
5964,0,1
39617,4,2
52128,8,1
25846,0,1
44871,7,1
39425,3,3
52914,8,1
19022,4,2
8475,3,0
31648,0,1
43268,0,1
13518,0,0
2973,3,0
28765,0,1
49594,4,2
2389,4,2
9761,3,0
23977,0,0
6729,4,2
37779,0,1
45359,4,1
5990,0,1
4842,3,1
11089,0,0
32805,4,1
36499,0,1
44885,3,1
10369,0,0
40419,3,1
38503,7,1
53832,0,1
3069,3,1
8481,8,0
17970,4,0
9553,3,1
51759,4,2
3855,3,1
2987,4,1
28791,1,1
18938,3,0
39889,4,1
41993,7,1
4628,4,1
56924,4,2
20198,5,0
24538,0,0
37913,3,1
9137,4,1
6943,3,1
18560,4,2
13188,4,0
7891,3,0
12866,4,3
35678,4,1
29227,4,1
18752,3,0
30138,3,1
9305,3,0
42518,0,1
29829,0,1
19680,5,1
34598,8,1
30904,12,1
29015,3,1
59362,0,1
39287,4,1
15871,4,2
5194,3,1
37741,0,1
4046,4,1
36693,4,1
45361,4,1
24356,0,0
40613,0,1
1534,3,0
32233,0,1
26401,0,1
12634,3,0
42144,4,1
3263,3,1
9759,3,0
23173,3,0
6711,3,1
31684,4,1
3051,3,1
26633,4,1
17948,2,0
30756,0,1
2183,3,3
51761,4,2
6523,5,1
18900,3,0
47604,4,2
17174,0,0
53036,8,1
4274,4,1
15623,5,0
21416,3,2
40421,3,1
24164,0,0
10351,10,0
57496,4,0
11283,1,2
18558,4,2
27385,5,1
30332,3,1
12062,0,0
6147,4,1
17510,3,0
9933,3,0
15247,4,0
53452,4,2
14395,4,1
37117,0,0
24500,0,0
15075,0,0
4422,3,1
15849,4,0
32657,3,1
24732,3,0
10507,3,0
30100,1,1
13382,4,0
26065,0,1
55597,0,1
42520,0,1
3607,4,1
17722,0,0
47052,12,1
35472,4,2
54683,0,1
13144,4,2
43634,8,1
31214,4,1
12096,0,0
13978,4,0
22603,3,0
8815,0,0
16436,3,0
39845,3,1
20154,0,0
14361,4,2
38997,8,1
44411,4,2
11613,0,1
41163,12,1
33543,0,1
57006,4,2
15081,0,0
36203,7,1
5504,3,1
20366,3,1
1998,3,0
11421,3,0
28937,0,1
43406,0,1
13376,4,0
26091,0,1
6381,4,1
35486,4,2
7253,4,0
16604,0,0
5160,3,1
14537,0,0
11879,4,1
45395,4,2
33315,3,1
41735,4,2
11045,0,0
22869,4,1
3297,4,3
31442,3,1
2345,3,0
30590,3,1
43062,3,1
13712,3,0
27527,0,1
7637,3,0
23187,0,0
13520,5,0
2177,3,1
22267,4,2
3899,3,1
16052,0,0
19826,0,0
7405,4,2
34302,8,1
17180,0,2
5352,4,1
36455,4,1
52110,0,1
24190,4,1
11277,2,0
25042,3,0
27188,3,1
18755,8,0
19687,7,0
3638,4,1
30903,12,1
7298,3,0
26866,3,1
29012,3,1
59365,0,1
15876,4,0
39280,4,1
56923,4,2
41994,7,1
6944,3,1
18567,4,0
9130,4,0
7896,7,0
26268,3,1
6178,4,1
12861,4,3
53009,8,0
5399,4,1
32802,4,2
53835,0,1
38504,10,1
44882,2,1
8486,8,0
42349,13,1
17977,4,0
30769,0,1
9554,3,1
3852,3,1
2980,3,0
35815,4,1
49593,4,2
23970,3,0
48441,3,1
9766,3,0
4079,3,1
24369,0,0
4845,3,1
24993,7,1
25841,0,1
33118,4,2
44876,3,1
11248,12,0
52913,8,0
8472,0,0
19025,4,2
2148,3,3
22258,4,2
19819,5,0
28762,0,1
2974,3,0
22856,4,1
9792,0,0
34933,5,1
51598,1,1
28550,3,1
10994,3,0
14508,3,0
11846,4,1
5963,0,1
39610,4,2
28908,0,1
13349,1,0
19673,3,1
47099,4,1
27940,1,1
26892,3,1
39274,4,2
15882,4,2
14950,3,0
41960,0,1
5709,4,1
25419,4,1
36832,0,1
21885,0,0
20957,4,0
57039,8,1
18593,4,0
7862,3,0
13947,3,1
16409,0,0
12895,4,0
46379,0,1
20196,3,0
38955,3,1
4626,4,1
39887,4,1
15271,4,0
24536,0,0
21878,0,0
42724,4,2
26261,3,1
12054,3,0
13186,4,1
30304,3,1
9139,4,1
29229,4,1
51333,6,1
46384,3,1
12868,4,3
35676,4,1
6171,3,1
26053,0,1
12266,0,2
42516,0,1
3631,4,1
30136,3,1
27181,12,1
7291,3,0
35444,3,1
51101,8,1
17714,0,0
6343,4,2
34596,0,1
47064,12,1
15043,6,0
45733,0,1
24704,4,0
39289,4,2
41393,0,1
2387,4,2
48448,3,1
23979,0,0
12602,3,0
42172,3,2
3255,4,0
23145,5,0
6727,4,2
22097,4,1
4070,4,1
45357,4,1
37777,0,1
11087,0,0
24360,0,0
10155,4,0
40625,0,1
4242,3,1
36497,0,1
15615,3,0
21420,3,2
53000,8,0
5390,4,1
45959,3,0
40417,3,1
1730,4,0
24152,0,0
10367,0,0
54225,12,1
30760,0,1
3067,3,1
26605,4,1
12430,4,0
18936,3,0
47632,4,3
51757,4,2
2373,4,2
43054,3,1
31474,12,0
28559,3,1
34106,3,1
7601,4,1
22063,0,0
51591,1,1
4084,3,1
37783,0,1
5156,3,1
14501,4,0
39619,4,2
41703,4,2
11073,5,0
24394,0,0
36463,4,3
25848,0,1
52126,3,1
14733,0,0
5364,4,0
11241,1,0
33111,4,2
13516,10,0
2141,3,3
30794,0,1
43266,0,1
50671,2,0
22251,4,1
16064,12,0
19810,5,0
7433,7,1
20162,0,0
14357,4,2
44427,4,1
5700,4,2
15285,4,0
39873,4,2
41969,3,1
40087,3,1
57030,3,1
11625,0,1
25410,4,1
59996,8,1
31222,2,1
26295,3,1
19448,3,0
13172,4,0
27347,3,0
8823,0,0
16400,0,0
35682,4,1
34750,4,1
6185,3,1
12292,0,0
2717,3,1
13340,10,0
27175,0,1
7265,3,0
22407,0,0
16632,3,1
50027,13,2
47090,4,1
44615,4,1
5532,4,1
20350,1,0
36235,0,1
57202,0,1
14959,6,0
33747,3,1
11417,3,0
18135,7,1
17941,3,0
9562,4,1
3058,3,1
18909,4,0
3864,3,1
29672,0,1
32834,4,2
24951,3,1
38532,4,1
53803,3,1
40428,10,1
10358,3,0
15418,4,0
45368,4,1
11884,4,2
37748,0,1
4873,3,1
48477,8,2
18307,0,0
26408,0,1
22894,4,1
6718,3,1
42971,5,1
59353,0,1
15840,0,0
12259,0,2
42529,0,1
9334,3,0
18763,0,0
29024,3,1
30935,0,1
19483,3,0
6972,3,1
18551,4,2
9106,3,0
12857,4,0
35649,4,1
13985,4,0
4619,3,1
56915,4,2
59161,4,0
38156,6,1
24509,0,0
1991,3,0
15088,0,0
38390,3,0
41358,1,1
39242,8,1
11428,3,0
19645,3,0
2728,3,1
22438,0,1
50018,13,2
6388,4,1
8020,2,0
19477,6,1
27378,1,1
6986,3,1
7068,3,1
13971,4,0
28330,4,2
14368,4,2
57833,3,1
44418,4,2
32498,4,1
13529,3,0
43259,0,1
9596,0,0
8444,3,0
49763,13,1
19013,3,1
28754,0,1
17189,0,2
3890,3,1
52119,3,1
45992,8,1
39414,0,1
52925,8,0
44840,3,1
24199,1,1
11870,4,0
5169,3,1
39626,4,1
4887,3,1
5955,0,1
48483,8,2
30599,7,1
34905,5,1
22860,4,1
28566,3,1
42985,4,1
31017,0,1
12295,0,0
13347,1,0
28906,0,1
43437,8,1
2710,8,1
16635,3,1
22400,0,1
7262,4,0
47097,4,0
34565,8,1
50020,13,2
20357,1,0
5535,4,1
44612,4,3
36232,4,1
33740,3,1
57205,5,0
11410,3,0
41360,1,1
5707,4,2
44420,4,2
14350,4,2
20165,0,0
36000,3,1
57037,8,1
33572,3,1
40080,3,1
41152,10,1
59991,8,0
25417,4,1
11622,0,1
26292,3,1
8018,3,0
31225,3,2
35685,4,1
46377,0,1
8824,0,0
16407,0,0
22632,3,0
34757,4,1
6182,4,1
52121,3,1
36464,4,3
5363,4,1
14734,0,0
11246,5,0
44878,3,1
33116,4,2
43261,0,1
2146,3,3
30793,0,1
13511,3,0
31641,0,1
34333,3,1
19817,5,2
7434,3,1
16063,12,0
22256,4,0
43053,3,1
2374,4,2
31473,12,1
42181,4,1
22858,4,1
34101,3,1
16251,0,0
51596,1,1
22064,0,0
7606,4,1
11848,4,1
4083,3,1
14506,4,0
20733,4,1
37784,0,1
5151,3,1
11074,5,0
41704,4,2
24393,0,0
21427,3,2
15612,2,0
4245,3,1
5397,4,1
24969,3,1
53007,8,0
10360,8,0
24155,0,0
40410,3,1
17979,4,1
30767,0,1
26602,4,1
8488,3,0
3060,3,1
47635,4,3
6512,3,1
18931,3,0
51750,4,2
9768,6,0
2380,4,2
3252,4,0
42175,3,1
12605,3,0
6720,3,1
23142,5,0
45350,4,1
4077,4,1
37770,0,1
11080,0,0
32202,0,1
40622,0,1
5999,0,1
10152,4,0
24367,0,0
3636,4,1
29820,0,1
42511,0,1
26054,0,1
27186,12,1
7296,3,0
26868,3,1
47063,12,0
6344,4,1
34591,8,1
17713,0,0
4413,3,1
15044,3,0
24703,4,1
15878,4,2
38952,3,1
20191,3,0
4621,3,1
24531,0,0
33586,3,1
40074,13,1
59965,8,0
32454,3,3
7898,7,0
12053,3,0
55794,5,1
26266,3,1
42723,4,2
30303,3,1
13181,4,0
18569,5,0
35671,4,3
46383,5,1
51334,5,1
9902,1,0
6176,3,1
11877,4,1
14539,0,0
4880,3,1
39621,4,2
5952,0,1
34902,5,1
27529,0,1
48484,8,2
22867,4,1
3299,4,3
23189,0,0
28561,3,1
7639,3,0
9591,0,0
2179,3,3
19014,3,1
49764,13,1
8443,3,0
50649,2,1
28753,0,1
19828,0,0
22269,4,2
3897,3,1
52922,8,0
11279,1,0
45995,8,1
44847,3,1
33129,4,2
12098,0,0
6981,0,1
46348,0,1
16438,3,0
13976,4,0
57834,3,1
38999,0,1
57008,4,2
20368,0,1
1996,3,0
14961,6,0
38397,3,1
39245,4,2
8215,4,1
31028,0,1
19642,3,0
13378,4,0
28939,0,1
35488,4,1
26259,2,1
9101,4,2
18556,4,2
12850,3,0
6149,4,1
13982,4,0
37119,0,1
15249,4,0
59166,4,0
56912,4,2
37925,3,1
38151,3,1
1962,4,0
59354,0,1
14995,5,0
10509,3,0
15847,4,0
3609,4,1
55599,0,1
18764,0,0
9333,3,0
29023,2,1
30932,0,1
4048,4,1
11883,4,0
4874,3,1
24358,0,0
18300,0,0
9757,3,0
23941,4,0
48470,8,1
22893,4,1
17946,2,0
30758,0,1
9565,0,0
29675,0,1
3863,3,1
32833,4,2
21418,3,2
53038,8,0
57498,4,1
53804,3,1
38535,4,1
25018,4,0
39447,0,1
52976,8,0
38595,3,1
44813,3,1
57438,3,1
25824,0,1
33941,3,1
34358,3,1
28707,0,1
16834,3,0
8417,3,0
19040,4,2
28535,3,1
13748,0,0
34956,8,1
35884,3,1
49502,4,1
22833,4,1
39675,4,0
5906,4,1
52378,8,2
11823,4,1
20758,4,0
7209,3,0
27925,12,1
19616,3,1
50877,8,1
9393,4,0
14935,7,0
39211,4,1
44679,3,1
14109,5,0
58226,4,1
36259,5,1
33519,4,1
11649,0,1
36857,0,1
58014,3,0
45599,4,1
13922,4,0
50279,4,1
49354,4,1
8073,4,0
7807,4,0
19424,3,1
2549,4,1
26803,0,1
35428,4,1
47008,0,0
31088,0,1
50883,8,0
28999,3,1
18730,5,0
24768,4,3
38337,3,1
59300,0,0
4478,4,1
37971,4,0
25488,4,1
53408,0,0
38939,7,1
57894,13,0
5798,3,1
56946,4,2
59132,6,1
29245,3,1
16498,3,0
12804,3,0
9969,3,0
8087,4,0
12038,0,0
9155,3,0
52982,8,0
53850,0,0
15679,12,0
6579,7,0
3837,4,1
18166,8,0
9531,6,0
17912,6,0
26669,4,1
23129,3,0
7699,3,0
51509,1,1
9703,4,2
48424,3,1
27589,3,1
3239,4,0
32269,0,1
40649,0,1
59764,4,2
14599,5,1
51394,7,1
7004,3,1
46323,4,1
31271,3,1
7838,4,0
13121,4,0
43651,3,1
2576,3,1
33526,4,1
58817,4,3
57063,6,1
24591,0,0
25443,4,1
11676,0,0
41106,3,1
14304,0,0
20131,0,0
37186,3,1
52511,5,2
39820,4,1
33714,4,2
11444,3,0
44646,10,1
14136,3,1
20303,5,0
36266,5,1
7236,4,0
46111,4,1
16661,5,0
22454,13,0
49965,3,1
34531,4,2
19629,3,1
31043,0,1
3696,4,1
43463,5,1
28952,0,1
2744,3,1
13313,0,0
41750,3,1
11020,3,0
5939,4,1
38798,3,1
52347,8,2
15480,2,0
44222,3,1
14552,4,0
20767,4,1
6780,3,1
34155,3,1
7652,3,0
16205,3,0
22030,0,0
43007,4,0
2320,3,1
27542,0,1
26490,3,1
18991,3,1
28738,0,1
16037,0,0
22202,6,0
7460,3,1
19843,0,0
46747,2,1
13545,4,0
43235,4,1
2112,2,0
12497,3,0
25027,3,0
39478,0,1
52949,8,0
33142,3,1
36430,4,1
14760,0,0
32256,0,1
56713,0,1
24333,3,1
15474,3,0
4023,4,1
37724,0,1
58689,0,0
20793,6,0
47453,4,0
6774,0,1
46581,4,1
13783,12,0
12651,3,0
26464,2,1
3206,3,1
42121,3,1
47661,8,1
34393,3,1
18965,5,0
23324,0,0
3808,4,3
7494,3,1
30733,13,1
42313,8,1
26656,4,1
41596,0,1
1763,3,1
24101,4,1
4211,3,1
15646,3,0
32858,4,2
53053,8,0
37516,13,1
8884,12,1
51360,1,1
22692,4,0
35625,4,1
47205,4,1
6122,4,1
9956,3,0
17575,0,0
31285,3,1
42777,3,0
12007,0,0
30357,3,1
40020,3,1
10750,3,0
57097,5,1
24565,0,1
11682,0,0
32400,3,1
59931,0,1
53437,4,1
37172,7,1
56979,4,2
15222,4,0
24757,3,1
32632,5,1
25685,4,0
5595,4,1
1909,3,0
21225,3,1
15010,3,0
4447,4,1
29048,3,0
17747,4,0
30959,0,1
47037,0,1
6310,4,2
12235,0,2
3662,4,0
42545,0,1
43497,3,1
34199,2,1
48423,3,1
9704,4,2
42119,7,1
12669,0,0
35877,3,1
4827,2,1
39686,4,1
1569,7,0
59763,4,2
53857,0,1
38566,7,0
4229,3,1
47659,0,1
3830,4,1
9536,3,1
17915,3,0
18161,4,0
10768,4,2
40018,3,3
59909,8,0
32438,3,1
57893,13,0
56941,4,2
12803,3,0
29242,4,3
8080,4,0
9152,0,0
6926,3,1
26804,0,1
6328,4,1
30961,0,1
18737,3,0
2788,3,1
50884,8,0
38330,3,1
1931,3,0
37378,3,2
15028,5,0
37982,3,1
58013,3,0
20109,0,0
39818,4,1
52529,7,1
8848,0,0
13925,4,0
7800,3,0
19423,3,1
31249,3,1
8074,4,0
49353,4,1
43669,3,1
27922,12,1
34509,4,1
42589,3,1
50870,8,0
9394,4,0
14932,7,0
39216,3,1
5559,6,1
28532,3,1
34951,8,1
54088,3,1
2318,3,1
49505,4,1
35883,3,1
11018,0,0
41768,3,1
39672,4,1
5901,4,1
11824,4,1
59797,3,1
58645,0,1
52971,8,0
44814,3,1
38592,3,1
25823,0,1
14758,0,1
33946,3,1
28700,0,1
2916,3,0
7458,3,1
18195,0,0
19047,4,2
16833,3,0
8410,3,0
10565,3,0
32635,2,1
36295,4,2
4440,4,1
59338,4,2
15017,5,0
35410,4,1
6317,4,2
47030,0,0
17740,4,0
42542,0,1
3665,4,1
43490,3,1
48078,3,1
8883,12,0
51367,1,1
9951,3,1
17572,0,0
47202,4,1
12000,0,0
49398,4,1
3457,4,1
31282,3,1
30350,3,1
24562,0,1
10757,4,2
37949,0,1
57090,10,1
59936,4,0
32407,12,1
11685,0,0
53430,0,0
15225,4,0
23323,3,0
18962,5,0
34394,3,1
7493,5,1
9509,2,0
30734,13,1
26651,4,1
41591,0,1
24106,4,1
1764,2,0
53868,4,2
38559,3,1
15641,3,0
4216,3,1
37511,4,1
53054,8,0
56714,0,1
4818,7,0
32251,10,1
40671,0,1
24334,3,1
10101,4,0
4024,4,1
15473,3,0
20794,4,0
37723,0,1
6773,3,1
47454,4,0
46586,4,1
13784,12,0
42126,4,0
3201,3,1
26463,3,1
12656,0,0
35848,4,1
34360,3,1
7467,3,1
19844,0,0
22205,0,1
16030,0,0
2115,2,0
43232,4,1
13542,4,0
12490,0,2
19078,0,0
31612,0,1
41565,8,1
25020,5,0
33145,7,1
36437,4,3
5330,4,1
14767,0,0
33979,5,1
11027,3,0
41757,3,1
36605,0,1
52340,8,2
15487,4,2
20760,4,2
14555,4,0
44225,3,1
6787,3,1
34152,3,1
22037,0,0
16202,5,0
7655,3,0
13770,3,0
27545,0,1
2327,3,0
43000,4,1
26497,3,1
33713,4,2
11443,3,0
39229,0,1
20304,5,0
14131,1,0
5566,8,1
36261,5,1
49962,3,1
22453,3,0
46116,4,1
7231,4,0
34536,4,2
8279,3,0
3691,4,1
13314,0,0
2743,3,1
28955,0,1
43464,5,1
46324,4,1
7003,3,1
29289,0,1
51393,7,1
8877,0,0
9199,4,0
43656,7,1
13126,4,0
24596,3,0
57064,6,1
58810,0,0
33521,4,1
11671,0,0
25444,4,1
44473,4,3
5754,4,1
57858,4,2
20136,0,0
14303,0,0
39827,4,1
9958,3,0
12835,8,0
29274,0,1
48243,3,1
9164,1,0
30359,3,1
6910,3,1
12009,0,0
21825,4,0
37940,0,1
57099,5,1
59103,9,1
56977,4,2
53439,4,1
1907,3,0
47039,0,0
17749,4,0
30957,3,1
31885,8,1
29046,3,1
35419,4,1
48071,3,1
43499,3,1
8284,4,0
38762,4,0
4811,3,1
58687,0,1
3208,3,1
34993,8,1
48415,3,1
9732,0,0
3806,3,1
19085,0,0
26658,4,1
9500,0,0
17923,5,0
38550,4,1
53861,0,1
41598,0,1
24933,3,1
33984,5,1
15648,3,0
32856,4,2
38796,3,1
5937,4,1
39644,4,1
58673,0,1
20769,4,2
52349,8,1
28504,7,1
31429,12,1
22802,0,0
19243,6,0
13779,12,0
43009,4,0
46749,2,1
16039,0,0
28736,0,1
2920,3,0
34369,3,1
19071,0,0
16805,10,0
1799,2,1
52947,8,0
25029,7,0
5339,4,1
33970,8,1
59593,8,0
13913,4,0
29280,0,1
2578,5,1
7836,4,0
39012,4,0
11678,0,0
33528,4,1
58819,4,0
56983,4,2
37188,3,1
57851,4,1
39220,8,1
10598,0,0
36268,5,1
44648,3,1
27914,12,1
31871,5,1
7238,4,0
48085,8,1
51994,7,1
3698,3,1
8270,3,0
19627,3,1
24130,3,0
10305,4,0
1752,3,0
37527,8,1
15677,12,0
4220,3,1
3839,4,1
23315,0,0
6577,3,1
47650,8,1
26667,4,1
42322,8,1
18168,8,0
51507,1,1
35042,0,1
7697,3,0
34190,3,1
6745,4,1
42110,3,1
3237,4,0
12660,0,0
27587,3,1
40647,0,1
24302,4,1
56722,4,0
32267,0,1
41795,3,1
14597,5,1
37715,3,1
45335,4,1
52382,8,2
6321,4,3
47006,0,1
22491,4,0
35426,4,1
2781,3,1
28997,3,1
29845,12,1
3653,4,1
12204,3,0
11481,3,0
57294,0,1
4476,4,1
45751,0,1
15021,6,0
1938,3,0
53634,4,1
44683,3,1
32431,7,1
25486,4,1
24554,3,3
10761,4,2
21026,4,1
56948,4,2
4644,4,1
37143,0,1
5796,3,1
53406,0,0
38937,7,1
9967,2,0
17544,0,0
6113,3,1
47234,4,1
51351,1,1
16496,3,0
43694,8,1
12036,0,0
3461,4,1
8089,4,0
22465,13,0
49954,2,1
16650,3,1
7207,3,0
13322,0,0
50879,8,0
28963,0,1
49168,0,1
31072,5,1
19618,3,1
11475,0,0
41305,3,1
4482,4,1
36257,5,1
20332,3,0
14107,3,0
44677,0,1
25472,4,1
10795,0,0
57052,8,1
33517,4,1
52520,7,1
39811,12,3
45597,4,1
44445,4,1
5762,7,1
20100,0,0
14335,4,0
50277,4,1
9993,13,0
34732,4,1
7035,3,1
16462,0,0
8841,12,1
2547,4,1
43660,0,1
13110,7,0
7809,4,0
3495,3,0
57436,3,1
40481,4,1
33173,3,1
39449,0,1
52978,8,0
25016,4,0
14751,0,0
15683,12,0
52144,3,1
7451,3,1
19872,4,0
16006,3,0
28709,0,1
6583,3,2
34356,3,1
31624,0,1
8419,3,0
2123,3,2
16234,3,0
7663,3,0
34164,3,1
50421,4,1
12694,4,0
13746,0,0
34958,8,1
54081,0,1
2311,3,0
43036,0,1
33341,4,1
1594,4,0
5908,4,1
11011,3,0
41761,3,1
20756,4,2
14563,4,1
44213,4,2
5134,3,1
52376,8,2
39227,8,1
5568,4,1
58210,12,0
34538,4,2
27913,12,1
46118,4,1
31876,8,1
48082,3,1
19620,3,1
51993,7,1
8277,3,0
13914,4,0
29287,0,1
8879,0,1
13128,4,0
9197,4,0
43658,8,1
49362,4,1
31278,3,1
7831,3,0
36861,0,1
20904,4,2
24598,3,0
56984,4,2
39829,4,1
52518,5,2
20138,0,0
57856,4,2
7469,3,1
28731,0,1
16802,0,0
19076,0,0
52940,8,1
39471,0,1
14769,0,0
33977,3,1
36439,4,1
59594,8,0
5930,4,1
38791,3,1
39643,4,1
41759,8,1
11029,3,0
58674,0,1
15489,4,3
11815,4,1
22039,0,0
50419,4,1
28503,7,1
6789,0,1
19244,3,0
22805,3,0
8613,3,0
2329,3,0
34960,8,1
35248,4,1
19082,0,0
9507,0,0
17924,2,0
53866,0,1
38557,3,1
24108,4,0
33983,5,1
4218,3,1
32851,4,2
38765,3,1
4816,3,1
58680,0,0
46588,4,2
12658,0,0
35846,4,0
42128,4,1
48412,3,1
34994,8,1
15019,5,0
30950,3,1
6319,4,3
26835,12,1
29041,2,1
48076,3,1
29273,0,1
51369,5,1
12832,3,0
9163,1,0
48244,3,1
3459,4,1
59938,4,3
40029,3,1
10759,4,2
37947,0,1
56970,4,2
59104,9,1
16233,5,0
34163,3,1
12693,4,1
2316,3,0
27574,3,1
13741,0,0
54086,0,1
41766,0,1
11016,3,0
5133,3,1
44214,4,2
14564,4,3
52371,8,2
33174,3,1
40486,4,0
57431,3,1
25011,3,1
14756,0,0
33948,3,1
15684,12,0
52143,3,1
16001,5,0
22234,4,0
7456,3,1
19875,4,0
6584,3,1
34351,3,1
2918,3,1
31623,0,1
19049,4,2
2124,3,2
25475,4,1
33510,4,1
10792,0,0
57055,8,1
45590,4,1
39816,4,1
14332,4,0
20107,0,0
5765,3,1
44442,4,1
34735,4,1
9994,10,1
16465,0,0
8846,12,1
7032,3,0
13117,4,0
43667,8,1
2540,4,0
31247,3,1
3492,4,0
34507,4,1
7200,3,0
49953,2,1
22462,13,0
28964,0,1
27110,0,1
13325,0,0
42587,3,0
41302,8,1
39218,3,1
11472,3,0
4485,4,1
36250,5,1
44670,0,1
14100,3,0
20335,3,0
25481,4,1
32436,3,1
10766,4,2
24553,3,0
4643,4,1
21021,0,0
38930,1,1
53401,0,0
37144,0,1
5791,3,1
47233,4,1
6114,4,1
9960,3,0
51356,1,1
16491,3,0
6928,3,1
43693,3,1
3466,4,1
12031,0,0
6326,4,3
35421,4,3
28990,8,1
2786,3,1
18739,3,0
12203,3,0
3654,4,0
57293,0,1
15026,5,0
4471,4,1
44684,3,1
53633,4,1
35045,0,1
7690,3,0
51500,1,1
23120,4,3
34197,3,1
6742,4,1
12667,0,0
35879,3,1
26452,4,0
3230,4,0
42117,3,1
27580,3,1
54072,4,1
24305,2,0
1567,7,0
40640,0,1
41792,0,1
32260,0,1
56725,3,1
4829,2,1
37712,3,1
52385,8,2
45332,4,1
4015,3,1
1755,3,0
53859,0,1
38568,7,1
40472,4,0
10302,4,3
37520,7,1
4227,3,1
21445,3,2
15670,1,0
29628,0,1
35277,3,1
19881,4,0
47657,10,1
6570,3,2
23312,0,0
26660,4,1
9538,3,0
31597,3,1
3342,3,1
12715,4,0
9678,3,0
2290,3,0
22180,4,0
29568,4,1
6630,4,1
23052,3,0
17267,3,0
15530,3,0
38628,3,1
5889,3,1
10042,3,0
56657,4,1
5287,4,1
53117,3,1
15702,0,0
4355,3,1
10270,4,0
24045,3,0
26712,3,1
8598,3,0
3170,4,1
42257,1,1
16187,4,0
28688,0,1
17055,4,1
6402,4,1
21153,5,0
15366,4,2
59049,4,2
39990,4,1
45416,4,2
4731,4,1
38842,8,0
40958,3,1
59875,0,0
24421,4,1
30213,0,1
13091,5,0
18479,4,0
7988,3,0
12143,0,0
26376,0,1
9812,0,0
6066,3,1
27096,0,1
54564,0,1
42401,3,1
12371,0,0
19799,3,0
26144,12,1
47173,4,1
6254,3,1
7386,4,2
45624,4,2
4503,4,1
15154,0,0
53741,2,1
14086,5,0
37204,8,1
56233,5,1
15968,0,0
10426,3,0
24613,0,0
39964,4,3
52455,8,2
15392,4,1
5617,4,1
44530,4,1
59881,5,0
39158,0,1
11732,3,0
57127,3,1
40190,0,1
13065,4,0
26382,12,1
31335,1,1
13859,0,0
34647,4,0
6092,3,1
7140,0,0
46267,3,1
16517,1,0
22722,4,0
54590,0,1
13257,5,0
28816,1,1
43527,3,1
31107,3,1
12385,0,0
47187,4,1
49821,4,2
22510,4,0
7372,4,2
36322,3,1
21395,3,0
14072,3,0
20247,3,1
5425,0,1
44702,0,1
11500,4,2
33650,4,1
42091,4,1
19309,4,0
27406,7,2
51486,12,1
16341,0,0
22174,4,0
7716,4,0
34011,3,1
11958,4,0
36746,5,1
4193,3,1
33234,0,1
24283,0,1
11164,0,0
5273,4,1
14624,0,0
52031,9,1
45086,5,2
10284,4,0
41426,12,1
11356,3,0
43371,4,1
2056,3,2
13401,0,1
7524,3,1
46603,4,1
16173,4,0
22346,3,0
34223,3,1
1872,3,2
18674,4,0
9223,4,0
48104,3,1
3719,3,1
27895,0,1
30822,13,1
26947,3,1
9011,4,1
6865,3,1
19594,3,1
6059,0,1
13892,3,0
12940,0,0
15359,4,2
39193,4,2
12518,4,2
42268,4,1
16984,4,3
30648,3,1
9475,0,0
29765,0,1
3973,3,1
24846,6,1
53128,4,2
32923,3,1
1618,4,1
4158,4,1
11993,3,0
59620,8,1
38617,3,1
4964,3,1
22983,4,0
8795,0,0
35934,4,1
9647,0,0
23851,4,1
29557,4,0
54903,3,1
47528,4,2
17258,3,0
19104,0,0
8553,3,0
16970,4,0
9481,0,0
2069,3,0
19938,4,0
22379,0,0
3987,3,1
2855,3,1
50759,4,2
28643,3,1
33039,0,1
11369,3,0
14429,4,1
11967,4,3
10089,4,0
5842,3,1
4990,7,1
39731,10,1
22977,4,0
8761,2,0
19336,6,0
34812,4,1
27439,3,0
55825,8,1
7729,4,0
43940,4,2
28471,3,1
20278,4,2
1886,3,2
38287,3,1
13268,3,0
43518,3,1
19752,3,1
27861,0,1
6891,6,1
12188,0,0
19560,3,1
7943,3,0
13866,0,0
46258,3,1
41841,4,1
57924,13,0
5628,4,1
40993,3,1
39167,0,1
25538,0,1
57118,3,1
20876,4,1
14623,0,0
10283,4,0
11351,1,0
3183,4,1
13406,0,1
2051,3,2
22341,3,0
16174,4,0
46604,4,1
19900,4,0
34224,3,1
50761,4,2
42096,3,1
8759,0,0
31564,12,1
13634,2,2
22173,4,0
34016,3,1
5046,4,1
14411,4,1
36741,1,1
4194,3,1
24284,0,1
33233,0,1
11163,0,0
2607,3,0
43520,10,1
28811,1,1
54597,0,1
13250,12,0
31100,0,1
27859,0,1
47180,4,1
7375,4,1
49826,4,2
21392,3,0
36325,3,1
44705,3,1
5422,3,1
20240,3,0
14075,3,0
11507,4,2
33657,4,1
52452,8,2
39963,4,1
41879,4,0
44537,4,1
5610,4,1
11735,3,0
59886,3,0
40197,0,1
57120,3,1
31332,4,1
26385,3,1
19558,3,1
34640,4,1
6095,3,1
22725,4,0
16510,1,0
35792,4,1
7147,0,0
54563,0,1
27091,0,1
26143,12,1
12376,0,0
6253,3,1
47174,4,1
7381,4,2
35554,4,1
4504,4,1
45623,4,2
14081,5,0
39399,3,1
32771,3,1
56234,5,1
24614,7,0
10421,0,0
4736,4,1
45411,4,2
15361,4,1
38845,8,1
59872,3,0
33491,0,1
24426,4,1
10613,4,3
13096,3,0
9029,4,2
26371,6,1
12144,0,0
6061,3,1
9815,4,3
29339,3,1
12978,4,0
5280,3,1
4352,3,1
15705,2,0
1620,7,0
24042,3,0
10277,4,3
42250,3,1
3177,4,1
26715,3,1
12520,4,2
43382,4,1
16180,4,1
6405,4,1
17052,4,3
2899,4,2
26527,4,3
12712,4,0
31590,3,1
3345,3,1
30442,1,1
2297,3,0
23869,3,1
54107,4,2
22187,4,0
51475,1,1
17260,3,0
23055,3,0
6637,4,1
10879,3,0
59618,8,0
4160,3,1
24270,3,0
10045,3,0
56650,0,0
27268,0,0
6896,12,1
19567,3,1
55648,4,2
7944,3,0
13861,0,0
7178,2,0
57923,13,0
39160,0,1
32588,7,1
1881,3,2
11538,0,1
14876,5,1
2638,4,0
46851,4,2
8302,4,0
27866,0,1
6298,4,2
49819,4,2
58701,0,1
11960,4,1
5845,3,1
4997,4,1
19331,6,0
34815,4,1
55822,5,1
46409,3,1
16379,12,0
28476,0,1
43947,4,2
34029,0,1
8554,3,0
19103,0,0
13439,3,1
43349,4,1
3980,3,1
29796,0,1
28644,3,1
2852,3,1
25967,3,1
4399,3,1
24089,5,0
10846,3,0
15508,4,0
11994,3,0
38610,3,1
4963,3,1
35933,4,1
26518,0,3
8792,0,0
22984,4,0
23856,4,0
9640,0,0
54138,4,2
28482,3,1
6608,3,1
54904,3,1
16983,4,0
17851,3,0
9472,0,0
3974,3,1
24841,3,1
44198,4,2
32924,3,1
6862,10,1
19593,3,0
13895,0,0
17409,4,0
12947,3,0
56805,8,1
52499,5,1
40960,3,1
39194,4,2
20885,4,0
24419,4,1
53779,3,1
1875,3,2
48103,3,1
18673,4,0
51812,8,1
30825,13,1
27892,0,1
46099,4,1
26940,3,1
44733,4,1
5414,3,1
20276,4,2
1888,3,2
53784,0,1
14043,0,0
15191,3,0
36313,3,1
33661,4,1
38289,3,1
11531,3,0
25704,3,1
26181,4,3
2631,4,2
43516,3,1
13266,3,0
7343,3,0
49810,4,2
34444,3,1
6291,3,1
31304,0,1
55641,4,2
12186,0,0
27261,3,1
2403,3,0
22713,4,0
8905,12,0
16526,0,0
46256,3,1
7171,0,0
13868,0,0
50333,0,1
44501,4,1
39955,4,1
52464,8,2
57116,3,1
11703,0,0
25536,0,1
32581,8,1
39169,0,1
13430,3,1
27605,12,1
43340,4,1
34212,3,1
50757,4,2
22377,0,0
3989,3,1
16142,3,0
7515,3,1
4390,3,1
5242,4,1
11367,3,0
33037,0,1
24080,4,2
41625,12,1
56692,0,1
33205,3,1
2255,2,0
27437,3,2
19338,6,0
22979,4,0
31552,4,2
23097,4,1
34020,3,1
46400,7,1
7727,4,0
22145,4,0
16370,12,0
30646,3,1
2093,0,2
31794,3,1
3141,4,2
26723,3,1
12516,4,2
6433,4,1
23251,4,0
22383,0,0
4364,3,1
15733,4,0
53126,3,1
24848,1,0
44191,4,2
11393,3,0
1616,3,1
24074,4,2
15501,4,0
21734,4,2
4156,4,1
5084,3,1
53314,3,1
56666,4,1
10073,3,0
38619,3,1
9649,0,0
54131,4,2
12724,4,0
3373,4,3
17256,3,0
23063,3,0
6601,3,1
29559,4,1
51443,0,1
20282,0,0
53770,3,1
15165,3,0
4532,4,1
45615,4,1
33695,4,2
26175,4,2
12340,0,0
42430,0,1
3717,3,1
54555,0,1
13292,3,0
46090,4,1
26949,3,1
35562,4,1
3525,3,1
12172,0,0
54767,0,1
27295,0,0
30222,0,1
51215,4,1
7185,1,0
6057,0,1
34682,3,1
9823,3,0
23635,3,1
40969,4,2
14285,12,0
15357,4,1
21162,5,0
40155,7,1
24410,4,1
32575,3,1
23894,4,1
9682,3,0
27408,5,1
34823,4,1
19307,4,0
8750,0,0
49477,4,1
55814,5,1
51488,0,1
11956,4,1
36748,5,1
10884,3,0
58737,3,1
5873,4,1
33834,4,1
58505,8,0
11358,3,0
2058,3,2
19135,4,0
28672,3,1
22348,5,0
5619,4,3
41870,4,1
57129,3,1
39156,0,1
19551,5,1
18483,4,0
16519,1,0
12985,4,0
46269,3,1
13857,0,0
34649,4,0
8334,3,0
31109,3,1
28818,1,1
43529,3,1
50902,8,0
13259,1,0
26982,5,1
31935,0,1
27850,3,1
47189,4,1
20249,3,0
15992,0,0
40956,3,1
45418,4,2
15368,4,2
59047,4,2
33498,7,1
37804,0,1
6854,4,1
18477,4,0
9020,4,2
12971,4,0
6068,3,1
19797,3,0
46893,1,1
3728,3,1
9212,4,0
27098,0,1
18645,3,0
7388,4,2
30813,13,1
14088,3,0
10428,3,0
38242,4,1
15966,6,0
23860,4,0
9676,3,0
31599,3,1
49483,4,1
17269,3,0
54932,3,1
29566,4,1
59611,8,0
4169,4,1
10870,3,0
4955,0,1
56659,4,1
5887,3,1
38626,3,1
32912,3,1
53119,3,1
5289,4,1
8596,3,0
12529,4,0
28686,3,1
2890,4,2
16189,4,0
3942,3,1
12175,0,0
3522,3,1
9018,4,2
27292,0,1
7182,2,0
29308,3,1
23632,3,1
9824,3,0
14282,4,0
21165,3,0
52497,5,2
45420,4,2
10622,4,0
24417,4,1
40152,3,1
41080,5,1
32572,3,1
53777,4,1
45612,4,1
4535,4,1
15162,3,0
33692,4,2
10410,3,0
32740,4,1
12347,5,2
26172,4,2
13295,3,0
35565,4,1
23400,1,1
4151,4,1
21733,4,2
15506,4,0
53313,3,1
5083,3,1
10848,3,0
56661,4,1
10074,3,0
24241,0,0
54136,4,2
23858,4,0
3374,4,3
12723,4,0
26516,0,3
6606,3,1
17251,3,0
51444,0,1
16383,3,0
2094,0,2
12511,4,2
26724,3,1
42261,1,1
23256,4,0
6434,4,1
22384,0,0
15734,4,0
4363,3,3
44196,4,2
53121,3,1
24073,4,2
1611,6,1
52235,1,1
14420,4,1
56695,0,1
39738,4,1
10080,4,0
27430,3,1
2252,3,0
31555,4,1
34027,3,1
28478,0,1
43949,4,2
22142,4,0
46407,3,1
2060,3,2
27602,12,1
13437,3,1
16979,4,0
50750,4,1
34215,3,1
7512,3,1
16145,3,0
29798,0,1
22370,12,0
52007,8,1
25969,3,1
4397,3,1
11360,3,0
33030,0,1
19569,3,0
55646,4,2
12181,0,0
31303,0,1
27266,0,1
54794,1,1
6898,10,1
7176,0,0
46251,0,1
16521,1,0
22714,4,1
50334,0,1
5621,4,1
52463,8,2
39952,4,0
57111,3,1
41074,4,0
32586,12,1
25531,0,1
11704,0,0
53783,0,1
14044,0,0
20271,4,2
5413,3,1
44734,4,3
36314,3,1
15196,3,0
40394,3,1
25703,3,1
11536,0,1
13261,1,0
43511,8,1
2636,4,0
49817,4,2
35591,4,0
27868,0,0
34443,3,1
10279,4,0
8591,0,0
2897,4,2
28681,3,1
3945,3,1
54109,4,2
18226,3,0
2299,3,0
9671,3,0
23867,4,0
49484,4,1
26529,4,1
6639,4,1
54935,3,1
29561,4,1
22189,4,0
59616,8,1
10877,3,0
4952,7,1
38621,3,1
46894,1,1
19790,3,2
12378,0,0
18642,3,0
9215,4,0
30814,13,1
53748,2,0
1844,3,1
39397,3,1
40951,3,1
59040,4,2
4738,4,1
24428,4,1
37803,0,1
9027,4,2
6853,4,1
13098,3,0
12976,4,0
8333,3,0
46860,4,3
54599,0,1
2609,4,0
50905,8,0
49828,4,2
26985,7,1
27857,0,1
33659,4,1
11509,4,2
15995,0,0
44539,4,1
41877,4,1
20840,4,0
59888,3,0
39151,0,1
19556,3,1
18484,4,0
27259,3,1
12982,4,0
7149,0,0
13850,0,0
24884,3,1
58502,8,0
33833,4,1
43378,4,1
13408,0,1
19132,4,0
49642,0,1
2863,3,1
28675,3,1
34824,4,0
9685,7,0
23893,4,0
49470,4,1
42098,3,1
34018,3,1
55813,5,1
11951,4,1
58730,3,1
10883,3,0
4906,5,1
38675,4,0
59642,8,0
10823,3,0
53378,4,1
54961,3,1
23833,4,0
48502,3,1
18272,0,0
12748,12,0
42038,4,1
17008,4,2
3911,5,1
35358,4,1
9417,0,0
17834,4,0
19192,0,0
39595,4,2
24018,3,0
4308,3,1
52098,3,1
32941,4,1
12922,4,0
3549,4,2
6807,4,0
9073,0,0
40139,3,1
10649,0,0
32519,4,1
21932,0,0
56860,4,2
59014,4,1
1810,3,0
15109,12,0
30840,0,1
6209,3,1
8393,3,0
9241,0,0
18616,3,0
54539,4,0
8969,4,0
17498,3,0
31368,3,0
8155,0,1
7921,3,0
9087,4,2
20814,4,2
20028,0,0
57946,4,3
4798,3,1
56894,4,2
39939,4,3
52408,8,2
39337,5,1
25768,5,1
5478,4,1
46008,8,1
31966,4,1
34428,3,1
46834,5,0
8367,3,0
50951,1,2
39753,12,1
5820,3,1
15599,5,0
11905,4,0
43922,3,1
22129,4,0
2239,3,0
18286,0,0
26589,4,1
19354,4,1
18888,0,0
2837,3,1
28621,3,1
7579,3,1
49616,4,2
16912,3,0
8531,4,1
19166,3,1
32189,4,1
39561,4,2
25902,13,1
14679,3,0
35531,4,2
22586,3,0
17661,4,2
47111,4,3
6236,3,1
12313,0,0
26126,0,1
3744,3,1
18629,3,1
10444,0,0
24671,4,0
56251,5,1
11596,0,1
37266,8,1
53723,4,1
4561,4,1
40106,3,1
10676,3,0
25591,8,0
5681,4,2
4753,3,1
21131,3,0
15304,4,0
35703,4,1
6004,0,1
23666,0,0
9870,3,0
3576,4,1
42651,0,1
12121,0,0
26314,2,1
54734,4,3
56407,4,2
1645,3,0
33090,4,2
38478,0,1
24027,3,0
4337,4,1
18843,3,0
6460,4,1
23202,0,0
17037,4,1
19991,3,1
13497,3,0
9428,4,1
30615,6,1
42235,3,1
12545,3,0
23030,0,0
47575,4,2
34087,4,0
6652,4,1
51410,0,1
12777,0,0
26542,4,1
3320,3,1
42007,4,1
41682,4,2
39798,0,3
4939,1,1
10020,7,1
24215,3,1
40750,4,2
4105,4,1
37602,3,1
14480,4,0
11334,1,0
41444,4,0
33064,0,1
40596,0,1
57521,4,1
52053,3,1
14646,3,0
33858,4,1
58569,3,1
5211,3,1
6494,4,2
34241,3,1
16111,4,0
22324,3,0
7546,3,1
19965,5,0
13463,0,1
43313,5,1
2034,3,0
31733,11,1
49629,3,1
19159,3,1
47581,4,2
34073,4,1
7774,4,0
16323,3,0
2206,3,0
13651,4,0
12783,0,0
41676,4,2
32384,3,1
11106,0,0
33256,3,1
36724,3,1
5023,0,1
44304,7,1
7310,3,1
31959,4,1
49843,7,1
17695,4,0
50152,4,2
34417,3,1
8358,3,0
28874,0,1
43545,4,1
27000,1,1
13235,3,0
24685,4,2
41212,4,1
25757,5,1
11562,0,1
5447,0,1
44760,4,1
14010,3,0
20225,5,0
57145,3,1
10682,3,0
25565,4,1
11750,3,1
20017,0,0
5675,4,1
44552,4,1
39906,4,1
52437,8,2
22740,0,0
9884,3,0
3582,4,0
55612,4,1
27232,7,1
28626,2,1
2830,4,1
34279,5,1
16129,3,0
19161,3,1
12589,3,0
16915,5,0
49611,4,2
39566,4,2
57519,4,0
44932,1,1
1689,3,0
21599,12,1
25905,13,1
33860,4,2
39754,6,1
5827,3,1
11902,4,1
20679,4,2
54992,6,1
43925,4,1
18281,0,0
13669,12,0
22912,4,0
19353,4,1
10488,1,0
39330,10,1
14028,2,0
44758,4,1
7328,4,1
3788,3,1
8360,3,0
19737,3,1
46833,3,1
50956,1,1
29390,0,1
22778,0,1
13803,5,0
7926,3,0
8152,0,1
9080,2,0
20813,4,2
11768,3,0
57941,4,3
37098,3,1
41824,4,1
56893,4,2
24649,4,1
56269,5,1
4559,4,1
29156,3,1
26922,3,1
17659,4,2
30847,0,1
8394,3,0
51870,3,0
18611,3,0
43589,5,1
9246,0,0
12925,4,3
12119,0,0
42669,0,1
9074,0,0
30249,4,1
6800,4,1
57189,0,1
38818,3,0
59013,4,1
56867,4,2
6458,4,1
3916,3,1
29700,0,1
17833,4,2
19195,0,0
39592,4,2
32946,4,1
4901,3,1
10018,7,0
59645,8,0
58797,0,0
10824,3,0
54966,4,1
51428,0,1
18275,0,0
48505,3,1
23834,4,0
9622,0,0
3318,3,1
57142,3,1
10685,3,0
11757,3,1
44555,4,1
5672,3,1
20010,3,1
52430,8,2
39901,4,0
22747,0,0
8951,12,0
9883,0,0
23695,3,1
55615,4,1
31350,1,1
3585,4,1
48398,1,1
13000,4,2
22575,0,1
7317,3,1
34410,3,1
17692,4,3
50155,4,2
31162,1,1
19708,0,0
13232,3,0
27007,1,1
28873,0,1
11565,0,1
41215,4,1
20222,5,0
14017,3,0
58338,4,1
44767,4,1
5440,3,1
34074,4,0
47586,4,2
22111,4,0
16324,3,0
7773,4,1
13656,4,0
34848,4,1
2201,3,0
12784,0,0
11101,0,0
32383,3,1
41671,4,2
33251,4,1
5818,3,1
36723,3,1
5024,0,1
41443,4,0
57526,4,1
40591,0,1
33063,0,1
52054,3,1
5216,3,1
14641,0,0
50703,3,1
28619,3,1
6493,3,1
34246,3,1
7541,3,1
19962,5,0
22323,6,1
16116,4,0
2033,3,0
43314,5,1
13464,0,1
54959,3,1
34080,4,0
6655,4,1
47572,4,2
17202,3,0
23037,0,0
51417,0,1
35152,4,0
7787,3,0
3327,3,1
26545,4,0
19398,3,1
12770,3,0
41685,4,3
40757,4,2
24212,3,1
10027,3,0
4102,4,1
15555,5,0
14487,4,0
24020,3,0
40565,0,1
1642,4,0
33097,4,2
59448,0,0
32979,3,1
4330,3,1
17030,4,3
23205,0,0
18844,3,0
6467,4,1
19996,3,1
35360,4,1
3929,3,1
30612,3,1
13490,7,0
12542,3,0
42232,3,1
10671,7,0
40101,3,1
59810,3,1
25596,8,0
5686,4,2
15303,4,0
21136,5,0
56858,4,1
4754,3,1
35704,4,1
9877,12,0
6003,0,1
12126,0,0
42656,0,1
3571,3,1
8199,3,1
54733,4,1
29169,3,1
22581,5,0
6231,3,1
17666,4,2
30878,0,1
23453,1,0
3743,3,1
26121,0,1
2691,7,1
10443,3,0
56256,5,1
11591,0,1
1828,4,0
53724,4,1
4566,4,1
34419,3,1
30885,0,1
31957,4,1
50960,1,1
8356,3,0
19701,0,0
46805,4,1
25759,5,1
39306,4,2
58331,4,1
5449,3,1
39134,8,0
37892,13,1
20825,4,2
52439,8,2
20019,0,0
13835,6,1
48391,12,1
7910,3,0
19533,5,0
8164,0,1
44904,3,1
38482,3,1
40598,0,1
14648,3,0
33856,4,1
58567,2,1
7548,3,1
19157,3,1
16923,0,0
8500,8,0
43913,3,1
19365,4,2
35993,3,1
34841,4,0
2208,4,0
5811,3,1
11108,0,0
41678,4,2
39762,12,1
11934,4,1
24029,3,1
52895,8,0
45822,4,1
32970,3,1
59441,0,0
4339,4,1
3920,2,1
17039,4,1
9426,0,0
17805,3,0
13499,3,0
54950,3,1
34089,4,0
12779,0,0
19391,3,0
18243,3,0
23802,4,1
9614,0,0
38644,3,1
4937,3,1
10812,0,0
59673,8,0
6238,3,1
30871,0,1
22588,3,1
26914,3,1
18627,5,0
9270,0,0
26128,0,1
11598,0,1
21903,0,0
59819,0,1
10678,3,0
40108,2,1
59025,4,2
57983,3,0
40934,0,1
23668,5,0
12913,0,0
29352,3,1
48365,0,1
9042,4,2
18415,4,0
8190,0,1
3578,4,1
33267,7,1
20670,3,0
53382,4,1
5012,3,1
22127,4,0
16312,0,0
7745,3,0
34042,0,1
26587,4,1
18288,0,0
2237,3,0
7577,3,1
19954,5,0
22315,6,1
16120,4,0
50735,4,2
34270,5,1
18886,0,0
12580,3,0
19168,3,0
49618,4,2
2005,3,0
43322,3,1
13452,0,1
57510,4,0
33055,0,1
32187,4,1
41475,4,2
11305,1,0
14677,0,0
52062,3,1
21590,7,1
50351,0,1
17496,3,0
22771,0,1
29399,12,1
16544,0,0
8967,4,0
9089,4,0
13036,4,2
27203,1,1
55623,4,1
42694,4,3
41011,3,1
11761,3,1
57174,3,1
52406,8,2
4796,7,1
36143,4,1
44563,4,1
57948,4,3
20026,0,0
11553,0,1
25766,5,1
39339,4,1
10481,0,0
20214,5,0
14021,7,0
44751,4,1
5476,4,1
34426,3,1
50163,4,2
23491,4,0
22543,4,0
31968,4,0
46006,8,1
7321,4,2
13204,4,0
28845,3,1
43574,3,1
31154,3,1
8369,3,0
3781,3,1
9841,3,0
6035,3,1
8993,4,0
2495,4,0
30240,4,1
54705,8,0
6809,4,0
26325,4,1
12110,0,0
42660,0,1
3547,4,2
59826,0,1
32517,4,1
24472,4,0
57180,0,1
10647,3,0
40137,3,1
15335,7,1
4762,3,1
38811,3,1
56260,5,1
25792,5,1
40305,4,2
10475,0,0
4550,4,1
15107,3,0
37257,4,1
5482,4,1
6207,3,1
47120,4,2
17650,4,1
51045,5,1
18618,3,0
54537,4,0
3775,3,1
26117,0,1
12322,0,0
33293,0,1
10011,2,1
4908,3,1
20684,4,2
37633,3,1
4134,4,2
15563,4,2
51421,0,1
6663,4,1
47544,4,2
17234,3,0
42036,4,1
3311,4,3
35958,10,1
7583,3,1
29709,0,1
51613,13,0
23233,0,0
18872,4,0
34284,5,1
6451,4,1
42204,3,1
3123,3,1
9419,0,0
30624,3,1
24016,3,0
14683,3,0
53144,4,2
52096,3,1
4306,3,1
25598,8,0
21904,0,0
56856,4,1
59022,4,2
21138,0,0
40933,1,1
5688,4,2
9879,0,0
12914,0,0
18412,4,0
6831,4,1
9045,4,0
48362,0,1
42658,0,1
8197,0,1
12128,0,0
17668,4,2
47118,4,3
26913,3,1
35538,4,1
29167,8,1
50993,8,1
18620,3,0
15903,4,2
56258,5,1
4568,4,1
7789,3,0
51419,0,1
23039,12,1
54957,3,1
19396,3,0
3329,3,1
9613,0,0
18244,3,0
10029,5,0
40759,4,2
38643,3,1
32379,8,1
4930,10,1
10815,0,0
14489,4,0
59674,8,0
33099,4,2
45825,4,1
52892,8,0
59446,0,0
3927,3,1
6469,4,1
9421,0,0
17802,3,0
43914,7,1
47588,4,2
35994,5,1
19362,4,1
8735,0,0
34846,4,1
5816,3,1
39765,12,1
11933,4,0
44903,3,1
57528,4,0
58560,1,0
33851,4,1
16118,4,0
34248,3,1
2801,4,0
28617,3,1
49620,4,2
16924,0,0
19150,3,1
11759,3,1
39133,13,0
37895,13,1
45489,2,0
57970,8,0
13832,0,2
22749,0,0
8163,0,1
7917,3,0
19534,5,1
30882,0,1
7319,4,2
31950,4,1
27009,1,1
46802,4,1
19706,0,0
8351,3,0
39301,4,2
44769,4,1
14019,3,0
58336,4,1
3918,2,1
51614,13,0
7584,4,1
34283,5,1
18875,4,1
6456,4,1
23234,0,0
17001,4,2
3124,3,1
42203,3,1
1673,3,0
41486,3,1
32174,4,1
14684,3,0
53143,4,2
4301,3,1
52091,3,1
32948,4,1
10016,8,1
37634,3,1
20683,4,2
15564,4,2
4133,4,2
51426,0,1
17233,3,0
47543,4,2
6664,4,1
42031,4,1
30411,1,1
25795,5,1
56267,5,1
10472,3,0
40302,4,2
15100,0,0
4557,4,1
37250,4,1
5485,4,1
17657,4,2
30849,0,1
6200,3,1
29158,8,1
43587,0,0
9248,0,0
54530,4,0
3772,3,1
6032,3,1
23650,3,1
8994,4,0
22782,0,1
54702,0,0
2492,3,0
30247,4,1
3540,3,1
42667,0,1
12117,0,0
26322,2,0
32510,4,1
40130,0,1
57187,0,1
10640,4,0
56869,4,2
4765,3,1
21107,4,3
15332,2,0
25761,5,1
11554,0,1
10486,3,0
5471,4,1
44756,4,1
14026,3,0
20213,5,0
50164,4,2
7326,4,2
46001,8,1
22544,4,2
43573,3,1
50958,1,2
27036,0,1
13203,4,0
31153,3,1
3786,3,1
50356,0,1
17491,4,0
16543,0,0
8960,4,1
22776,0,1
27204,1,1
13031,4,2
31361,3,1
42693,4,2
7928,3,0
55624,4,1
11766,3,0
57173,3,1
24481,4,2
4791,3,1
36144,4,1
52401,8,2
20021,0,0
44564,4,1
16127,3,0
22312,6,1
7570,3,1
19953,5,0
18881,0,0
34277,5,1
28628,7,1
50732,4,2
12587,3,0
13455,3,1
43325,3,1
2002,3,0
33052,3,1
57517,4,1
11302,1,0
41472,4,2
39568,4,2
32180,4,1
20445,4,2
21597,3,1
52065,3,1
5829,3,1
33260,0,1
40792,4,1
11130,3,0
5015,5,1
20677,4,2
15590,3,0
7742,3,0
16315,3,0
6690,3,1
34045,0,1
2230,4,0
34214,3,1
50751,4,2
7513,3,1
13436,3,1
43346,4,1
2061,3,2
16978,4,0
11361,3,0
41411,3,1
33031,0,1
25968,3,1
4396,3,1
39739,4,1
4998,4,1
56694,0,1
10081,4,0
33203,8,1
14421,4,1
43948,4,2
23091,4,1
28479,3,1
34026,3,1
7721,4,0
46406,3,1
16376,12,0
22143,4,0
2253,3,0
27431,3,2
31554,4,1
40395,3,1
25702,3,1
11537,0,1
5412,7,1
44735,4,3
53782,3,1
14045,0,2
15197,3,0
36315,3,1
7345,3,0
35590,4,0
49816,4,2
27869,0,0
6297,4,1
34442,3,1
31130,8,1
28821,1,1
43510,8,0
2637,4,2
13260,1,0
16520,1,0
8903,12,0
22715,4,0
7177,0,0
46250,0,1
50335,0,1
31302,0,1
55647,4,2
12180,0,0
19568,3,1
27267,12,2
6899,3,1
57110,0,1
25530,0,1
11705,0,0
32587,7,1
58158,6,0
5620,4,1
39953,4,1
52462,8,2
10411,3,0
33693,4,2
32741,4,1
53776,7,1
20284,3,1
15163,3,0
45613,4,1
4534,3,1
35564,4,1
46096,4,1
23401,1,1
12346,3,0
26173,4,2
3711,3,3
54553,0,1
13294,3,0
29309,3,1
12948,0,0
7183,3,0
9825,3,0
3523,3,1
12174,0,0
27293,0,1
9019,4,2
40153,3,1
10623,4,0
24416,4,1
32573,3,1
14283,4,0
45421,4,2
21164,0,0
52496,5,2
15351,5,0
6435,4,1
22385,0,0
2095,0,2
31792,3,1
42260,1,1
12510,4,2
26725,3,1
11395,3,0
1610,6,1
24072,4,2
4362,3,1
15735,4,0
53120,3,1
44197,4,2
56660,4,1
10075,3,0
24240,0,0
21732,4,2
59628,8,0
15507,4,0
4150,4,1
10849,3,0
5082,3,1
53312,3,1
17250,3,0
6607,3,1
16382,12,0
23859,4,0
54137,4,2
12722,4,0
3375,4,3
40198,3,1
59889,3,0
39150,0,1
41876,4,1
7148,3,0
12983,4,0
13851,0,0
19557,3,1
18485,4,0
27258,4,1
26984,7,1
49829,4,2
27856,0,1
46861,4,2
8332,3,0
50904,8,0
2608,4,2
54598,0,1
15994,0,0
11508,4,2
34019,3,1
55812,5,1
29594,3,1
9684,5,0
34825,4,1
5875,4,1
11950,4,1
5049,4,1
10882,3,0
58731,3,1
33832,4,1
58503,8,1
24885,3,1
2862,3,1
28674,3,1
43379,4,1
19133,4,0
54934,3,1
6638,4,1
22188,4,0
29560,4,1
9670,3,0
2298,3,0
18227,3,0
54108,4,2
26528,4,1
49485,4,1
4953,3,1
5881,3,1
38620,3,1
10876,3,0
10278,4,0
32914,3,1
3944,3,1
8590,0,0
3178,4,1
24429,4,0
37802,0,1
40950,3,1
4739,4,0
12977,4,0
7980,3,0
13099,5,0
6852,4,1
9026,4,2
30815,13,1
46895,1,1
19791,3,2
9214,4,0
18643,3,0
39396,3,1
1845,3,1
53749,2,1
21369,3,0
38618,3,1
10072,3,0
4157,4,1
21735,4,0
5085,3,1
6600,3,1
17257,3,0
29558,4,1
51442,3,1
16385,0,0
54130,4,2
9648,0,0
3372,4,3
12725,4,0
23250,4,0
6432,4,1
22382,0,0
2092,3,0
30647,3,1
26722,3,1
12517,4,2
42267,12,0
3140,4,2
24075,4,2
1617,3,0
15732,4,1
4365,3,1
24849,3,0
44190,4,2
53127,4,2
7184,3,0
51214,4,1
9822,3,0
34683,3,1
12173,0,0
3524,3,1
27294,0,0
24411,4,1
10624,4,0
40154,3,1
32574,3,1
14284,4,0
15356,4,0
21163,6,0
45426,4,2
33694,4,2
32746,4,1
20283,0,0
53771,3,1
4533,4,1
45614,4,1
26948,3,1
35563,4,1
6264,3,1
3716,3,1
26174,4,2
54554,0,1
13293,7,0
46257,0,1
7170,0,0
22712,4,0
16527,0,0
8904,12,0
50332,0,1
13869,0,0
55640,4,2
12187,0,0
31305,0,1
2402,3,0
54792,1,1
27260,3,1
57117,3,1
39168,0,1
32580,0,1
11702,0,0
25537,0,1
44500,4,0
5627,4,1
39954,4,1
38288,3,1
33660,4,1
11530,5,0
25705,3,1
20277,4,2
53785,0,1
14042,0,0
1889,3,2
44732,4,1
5415,3,1
36312,3,1
15190,3,0
49811,4,2
7342,3,0
34445,3,1
46859,4,2
26180,4,3
13267,3,0
2630,4,0
43517,3,1
28826,0,1
56693,0,1
33204,0,1
11968,4,3
14426,4,1
34021,3,1
23096,4,1
46401,5,1
7726,4,0
27436,3,2
2254,3,0
22978,4,0
31553,4,2
19339,6,0
50756,4,2
34213,3,2
7514,5,1
22376,0,0
16143,3,0
3988,3,1
43341,4,1
27604,12,1
11366,3,0
24081,4,2
33036,0,1
4391,3,1
5243,4,1
7389,4,2
30812,13,1
3729,3,1
19796,3,0
46892,1,1
27099,0,1
18644,2,0
9213,4,0
38243,4,1
40359,1,1
10429,3,0
15967,0,0
1842,4,0
14089,5,0
37805,0,1
40957,3,1
59046,4,2
15369,4,1
45419,4,2
12970,4,0
6069,3,1
7987,4,0
26379,12,1
18476,4,0
6855,4,1
59422,3,2
32913,3,1
5288,4,1
24876,8,1
53118,3,1
3943,3,1
16188,4,0
9445,0,0
8597,3,0
42258,1,1
54933,3,1
17268,3,0
29567,4,1
23861,4,0
9677,3,0
31598,3,1
56658,4,1
4954,3,1
38627,3,1
5886,3,1
4168,4,1
59610,8,0
10871,3,0
11359,3,0
58504,8,0
33835,4,1
2865,3,1
22349,0,0
2059,3,2
19134,4,0
51489,0,1
7719,4,0
27409,7,2
34822,4,1
23895,4,1
9683,3,0
8751,0,0
19306,4,1
39701,0,1
11957,4,1
36749,8,1
14419,4,1
58736,5,1
10885,3,0
26983,5,1
27851,3,1
47188,4,1
31108,3,1
8335,3,0
13258,7,0
43528,3,1
28819,0,1
50903,8,0
15993,0,0
20248,3,0
57128,0,1
39157,0,1
5618,4,1
41871,4,1
12984,4,1
46268,3,1
16518,1,0
13856,0,0
34648,4,0
19550,5,0
18482,4,0
59873,5,0
24427,4,1
10612,0,0
40162,3,1
33490,0,1
21155,0,0
4737,4,1
45410,4,1
38844,8,1
9814,4,0
6060,3,1
12979,4,0
51222,0,1
9028,4,2
30215,0,1
13097,5,0
26370,0,1
12145,0,0
6252,3,1
47175,4,1
35555,4,1
7380,4,2
54562,0,1
27090,0,1
26142,12,1
56235,5,1
32770,3,3
39398,3,1
24615,3,0
4505,4,1
45622,4,2
15152,0,0
21367,3,0
53747,2,1
14080,5,0
37202,1,1
22186,4,0
6636,4,1
17261,3,0
23054,3,0
3344,3,1
31591,3,1
26526,4,3
12713,4,0
18229,3,0
54106,4,2
2296,3,0
23868,3,0
10044,3,0
56651,3,1
10878,3,0
4161,3,1
59619,8,0
10276,4,0
1621,7,0
45848,0,1
5281,3,1
53111,3,1
4353,3,1
16181,4,0
17053,4,3
6404,4,1
26714,3,1
12521,4,2
42251,12,1
43383,4,1
54334,1,0
22172,4,0
7710,4,0
34017,3,1
42097,3,1
8758,5,0
33232,0,0
24285,0,1
11162,0,0
14410,4,1
5047,4,1
4195,3,1
10282,4,2
11350,1,3
14622,5,0
46605,4,2
19901,4,0
22340,3,0
16175,4,0
50760,4,2
34225,3,1
3182,4,0
2050,0,2
43377,4,1
13407,0,1
59887,3,0
11734,3,0
57121,3,1
40196,0,1
52453,8,2
15394,4,1
41878,4,1
5611,4,1
6094,3,1
34641,4,1
46261,0,1
7146,3,0
35793,4,1
22724,4,0
16511,1,0
26384,12,1
19559,3,1
34473,8,1
27858,0,1
47181,4,1
49827,4,2
7374,4,2
54596,0,1
13251,12,0
2606,3,0
28810,0,1
43521,12,1
31101,0,1
12383,0,0
11506,4,2
33656,4,1
36324,3,1
21393,3,0
20241,3,0
14074,3,0
5423,3,1
3975,3,1
16982,4,0
9473,0,0
17850,3,0
24840,0,0
44199,4,2
32925,3,1
38611,3,1
4962,3,1
11995,3,0
59626,8,0
15509,4,0
29551,3,1
54905,3,1
6609,3,1
28483,3,0
8793,0,0
35932,4,1
26519,7,3
54139,4,2
23857,4,0
9641,0,0
53778,3,1
27893,0,1
30824,13,1
46098,4,1
26941,3,1
18672,4,0
48102,3,1
9225,4,0
13894,0,0
12946,3,0
6863,5,1
19592,3,0
39195,4,2
24418,4,1
52498,5,2
11539,0,1
15199,3,0
1880,3,2
27867,0,1
49818,4,2
2639,4,0
8303,4,0
46850,4,0
13860,0,0
7179,1,0
27269,0,0
6897,3,1
7945,3,0
55649,4,2
19566,3,1
32589,7,1
39161,0,2
57922,13,1
44509,4,1
40995,5,1
3981,3,1
29797,0,1
28645,3,1
2853,3,1
19102,0,0
16976,4,0
8555,3,0
43348,4,1
13438,3,1
25966,8,1
4398,3,1
5844,3,1
4996,4,1
39737,4,1
58700,0,1
11961,4,1
16378,12,0
55823,5,1
46408,3,1
34028,0,1
43946,4,2
28477,0,1
19330,6,0
34814,4,1
47186,4,1
7373,4,2
16724,5,0
49820,4,2
43526,13,1
28817,1,1
2601,3,0
13256,7,0
31106,3,1
21394,3,0
36323,3,1
5424,3,1
44703,3,1
14073,3,0
20246,3,0
11733,3,0
59880,5,0
39159,0,1
57126,3,1
52454,8,2
15393,4,1
39965,4,3
5616,4,1
6093,3,1
13858,0,0
34646,4,0
16516,1,0
22723,4,0
7141,0,0
35794,4,1
46266,0,1
13064,4,0
31334,1,1
26383,12,1
10285,4,0
11357,5,0
41427,12,1
14625,1,0
45087,5,1
52030,9,1
16172,4,1
22347,3,0
7525,3,1
46602,4,1
34222,3,1
13400,0,1
43370,4,1
2057,3,2
7717,4,0
51487,12,1
16340,0,0
22175,4,0
34010,3,1
19308,4,0
31562,12,1
49478,4,1
42090,4,1
2265,3,0
27407,5,1
13632,7,1
33235,0,1
11165,0,0
5040,4,1
14417,4,1
58738,3,2
4192,3,1
11959,4,1
36747,5,1
10271,4,0
24044,3,0
53116,3,1
36581,0,1
4354,3,1
15703,0,0
6403,4,1
28689,0,1
17054,4,1
3171,4,1
42256,1,1
12526,4,0
26713,3,1
51473,3,1
29569,4,1
22181,0,1
23053,3,0
17266,3,0
6631,4,1
12714,4,0
26521,7,3
3343,3,1
31596,3,1
2291,3,0
9679,3,0
10043,3,0
5888,3,1
38629,3,1
56656,4,1
4166,4,1
47172,4,1
34480,3,1
6255,3,1
35552,4,1
7387,4,2
27097,0,1
54565,0,1
19798,3,0
26145,12,1
3727,3,1
42400,3,1
15969,0,0
56232,5,1
10427,0,0
24612,3,0
45625,4,2
4502,4,1
37205,1,1
53740,2,1
14087,3,0
59874,0,0
33497,7,1
10615,4,0
24420,4,1
45417,4,2
4730,3,1
21152,3,0
59048,4,2
39991,4,1
15367,4,1
38843,8,1
6067,3,1
51225,0,0
18478,4,0
13090,3,0
30212,0,1
3515,3,1
12142,0,0
5843,3,1
10088,4,0
39730,3,1
4991,8,1
11966,4,3
7728,4,0
55824,5,1
28470,3,1
43941,4,2
19337,6,0
22976,4,0
8760,2,0
34813,4,0
27438,3,2
29790,3,1
22378,0,0
3986,3,1
19939,4,2
50758,4,2
2854,3,1
28642,3,1
16971,4,0
8552,3,0
19105,0,0
9480,0,0
33038,0,1
11368,6,0
25961,0,1
13867,0,0
16529,0,0
46259,0,1
6890,3,1
7942,3,0
19561,3,1
12189,0,0
25539,0,1
39166,0,1
20877,4,0
57119,3,1
41840,4,1
40992,3,1
5629,4,1
57925,13,0
38286,3,1
20279,4,2
1887,3,2
27860,0,1
43519,3,1
13269,3,0
19753,3,1
8304,4,1
29300,3,1
12941,0,0
6864,10,1
9010,4,1
19595,3,0
39192,4,2
15358,4,2
10418,3,0
30823,13,1
27894,0,1
26946,3,1
9222,4,0
18675,4,1
3718,3,1
24249,4,1
38616,3,1
4965,3,1
10840,3,0
59621,8,0
11992,3,0
4159,4,1
29556,4,0
17259,3,0
54902,3,1
47529,4,2
35935,4,1
22982,4,0
9646,0,0
23850,4,0
3972,3,1
42269,4,1
16985,4,0
12519,4,2
9474,0,0
30649,3,1
1619,7,0
53129,4,2
59413,3,2
32922,3,1
33850,4,1
58561,1,0
44902,7,1
57529,4,0
19151,3,0
49621,4,2
8506,4,1
16925,5,0
16119,4,0
2800,4,0
28616,3,1
34249,7,2
8734,0,0
19363,4,1
35995,3,1
13659,0,0
34847,4,1
47589,4,2
43915,7,1
11932,4,2
5817,3,1
39764,12,1
27008,1,1
8350,3,0
46803,4,1
19707,0,0
30883,0,1
31951,4,1
58337,4,1
14018,3,0
44768,4,1
39300,4,2
45488,7,1
57971,8,0
39132,13,0
11758,3,1
36946,4,0
37894,13,1
20823,4,2
48397,1,1
19535,5,1
7916,3,0
8162,0,1
13833,5,0
22748,0,0
18621,3,0
50992,8,1
47119,4,0
17669,4,2
30877,0,1
29166,8,1
26912,3,1
35539,4,1
4569,4,1
1827,4,0
15902,4,0
59023,4,3
21139,3,0
56857,4,1
5689,4,2
57985,3,0
40932,13,1
38828,8,1
21905,0,0
25599,8,0
9044,4,2
48363,0,1
6830,4,1
18413,4,0
12129,0,0
42659,0,1
8196,0,1
9878,0,0
12915,3,0
33098,4,2
52893,8,0
17803,3,0
9420,0,0
19999,3,1
3926,3,1
6468,4,1
3328,3,1
19397,3,0
18245,3,0
9612,0,0
23804,4,0
51418,0,1
7788,3,0
23038,12,1
14488,4,0
10814,0,0
59675,4,2
40758,4,2
38642,3,1
10028,3,0
4931,8,1
32378,8,1
39790,0,1
27205,7,1
55625,4,1
42692,4,2
50357,0,1
17490,4,0
8961,4,1
16542,0,0
22777,0,1
52400,8,2
4790,3,1
37097,3,1
44565,4,1
20020,0,1
11767,3,0
57172,3,1
24480,4,2
14027,3,0
20212,5,0
5470,4,1
44757,4,1
25760,5,1
11555,0,1
10487,1,0
13202,4,0
3787,3,1
31152,3,1
34420,3,1
23497,4,0
50165,4,2
22545,4,2
7327,4,2
46000,8,1
53384,4,0
20676,4,2
5014,5,1
44333,0,1
40793,4,1
5828,3,1
13666,0,0
2231,4,0
16314,3,0
22121,4,1
7743,3,0
34044,0,1
12586,3,0
8539,4,0
43324,3,1
2003,3,0
13454,3,1
7571,3,1
16126,3,0
22313,6,1
28629,3,1
50733,4,2
34276,5,1
18880,0,0
14671,0,0
21596,0,1
52064,3,1
57516,4,1
33053,0,1
41473,4,2
32181,4,1
39569,4,2
11303,1,0
58798,0,0
20682,4,2
4132,4,1
21750,4,0
15565,4,2
33295,0,1
10017,6,0
3317,3,1
30410,1,1
51427,0,1
35162,4,0
47542,4,2
6665,4,1
17232,3,0
12572,3,0
3125,3,1
42202,3,1
30622,3,1
7585,3,1
35350,4,1
51615,1,0
3919,2,1
23235,0,0
17000,4,2
6457,4,1
18874,4,0
34282,5,1
14685,3,0
53142,4,2
52090,3,1
32949,4,1
4300,3,1
32175,4,1
30246,4,1
2493,3,0
54703,8,0
12116,0,0
26323,2,0
42666,0,1
23651,3,1
6033,3,1
8995,4,0
22783,0,1
15333,7,2
4764,3,1
56868,4,2
32511,4,1
11793,0,0
57186,0,1
10641,3,0
24474,4,2
40131,0,1
4556,4,1
15101,0,0
5484,4,1
37251,4,1
25794,5,1
56266,5,1
40303,4,2
10473,0,0
43586,8,1
9249,0,0
3773,3,1
12324,0,2
6201,4,2
17656,4,2
30848,0,1
35506,4,2
19390,3,1
12778,0,0
48532,4,0
23803,4,1
9615,0,0
18242,3,0
54951,3,1
34088,4,1
10813,0,0
59672,8,0
38645,3,1
39797,12,1
4936,8,1
4338,4,1
59440,0,0
32971,3,1
24028,3,1
45823,4,1
52894,8,0
13498,3,0
9427,0,0
3921,2,1
17038,4,1
56850,1,1
59024,4,2
40935,3,1
57982,3,0
21902,0,0
40109,2,1
18414,4,0
9043,4,2
3579,4,1
8191,0,1
23669,3,0
12912,0,0
2699,8,1
9271,0,0
18626,3,0
30870,0,1
6239,3,1
26915,3,1
29161,3,1
22589,7,0
11599,0,1
52438,8,2
39909,4,1
20018,0,0
57976,8,1
39135,8,1
37893,13,1
8165,0,1
31358,3,0
19532,5,1
7911,3,0
8959,4,1
50961,1,1
19700,0,1
46804,4,1
8357,3,0
49070,4,1
30884,0,1
31956,4,1
5448,3,1
58330,4,1
39307,4,2
25758,5,1
35992,3,1
19364,4,2
2209,3,0
34840,4,1
22119,4,1
43912,12,1
11935,4,1
5810,3,1
33259,7,1
41679,4,2
39763,12,0
11109,0,0
58566,3,1
14649,3,0
33857,4,1
40599,0,1
44905,2,1
8501,10,0
49626,0,1
19156,3,1
7549,2,1
28611,7,1
2807,4,0
15106,0,0
4551,4,1
5483,4,1
37256,4,1
56261,5,1
25793,5,1
10474,0,0
40304,4,2
43581,0,1
54536,4,0
18619,3,0
26116,0,1
3774,3,1
17651,4,3
6206,3,1
47121,4,2
35501,4,1
51044,5,1
6808,4,1
54704,8,1
30241,4,1
2494,4,0
42661,0,1
3546,4,2
26324,2,1
12111,0,0
9840,3,0
22784,1,0
8992,4,0
4763,3,1
15334,7,0
38810,3,0
11794,0,0
32516,4,1
59827,0,1
40136,3,1
24473,4,0
57181,0,1
10646,3,0
42205,3,1
3122,3,1
30625,3,1
9418,0,0
29708,0,1
51612,13,1
7582,3,1
6450,4,1
18873,4,1
17007,4,2
23232,0,0
14682,3,0
53145,4,2
4307,3,1
52097,3,1
24017,3,1
37632,3,1
20685,4,2
15562,1,0
4135,4,2
10010,3,0
33292,0,1
4909,3,1
42037,4,1
3310,4,3
35165,4,0
51420,0,1
17235,3,0
6662,3,1
47545,4,2
49619,4,2
19169,3,1
12581,3,0
13453,0,1
2004,3,0
43323,3,1
22314,6,0
19955,5,0
7576,4,1
18887,0,0
34271,5,1
2838,3,1
50734,4,2
58559,3,1
14676,0,0
52063,3,1
21591,3,1
33054,0,2
57511,4,0
11304,1,0
32186,4,1
41474,4,2
5013,3,1
20671,3,0
53383,4,1
14444,4,1
33266,3,1
26586,4,1
18289,0,0
13661,0,0
7744,3,0
22126,4,0
34043,0,1
44750,4,1
5477,4,1
20215,5,0
14020,3,0
39338,4,1
41222,4,0
11552,0,1
25767,5,1
10480,0,0
43575,3,1
28844,3,1
13205,4,3
27030,5,1
3780,3,1
8368,3,0
31155,3,1
50162,4,2
34427,3,1
46007,8,1
7320,4,2
22542,4,0
31969,4,1
13037,4,2
27202,0,1
9088,4,1
42695,4,2
55622,4,1
50350,0,1
17497,3,0
22770,0,1
8966,4,0
16545,0,0
36142,4,1
4797,7,1
52407,8,2
20027,0,0
44562,4,2
57949,4,3
25555,3,1
41010,1,1
57175,3,1
42668,0,1
12118,0,0
6801,4,1
30248,4,1
9075,7,0
12924,4,3
56866,4,2
59012,4,1
57188,0,1
4558,4,1
15933,3,0
56268,5,1
8395,5,0
43588,5,1
9247,0,0
18610,3,0
26923,3,1
29157,3,1
17658,4,2
30846,0,1
59644,8,0
10825,3,0
58796,0,0
4900,3,1
10019,3,0
38673,4,1
23835,4,0
48504,3,1
9623,0,0
18274,0,0
3319,3,1
51429,0,1
42802,4,1
17832,4,0
19194,0,0
6459,4,1
3917,2,1
29701,0,1
32947,4,1
24822,4,2
45815,4,1
39593,4,2
11903,4,1
20678,4,1
39755,13,1
5826,3,0
13668,0,0
18280,0,0
19352,4,1
22913,4,1
43924,3,1
54993,0,1
16914,3,0
49610,4,2
12588,3,0
19160,3,1
34278,5,1
28627,7,1
2831,4,1
16128,3,0
25904,13,1
21598,12,0
33861,4,1
39567,4,2
57518,4,1
44933,4,0
8153,0,1
7927,3,0
9081,7,0
22779,0,1
13802,3,0
57940,4,3
37099,3,1
41825,4,1
11769,3,0
39103,12,1
44759,4,1
14029,2,0
10489,1,2
39331,3,1
19736,0,1
8361,3,0
3789,3,1
50957,1,2
7329,4,0
31960,4,1
4331,3,1
33096,4,2
24021,3,1
13491,3,0
30613,5,1
42233,3,1
12543,3,0
6466,4,1
18845,3,0
17031,4,3
23204,0,0
3928,3,1
19997,3,0
26544,4,0
12771,0,0
19399,3,0
42001,5,1
17203,3,0
23036,0,0
6654,4,1
54958,3,1
34081,4,1
47573,4,2
4103,4,1
14486,4,0
41684,4,3
24213,4,1
10026,3,0
40756,4,2
3742,3,1
35537,4,1
22580,5,0
29168,3,1
17667,4,2
30879,0,1
6230,3,1
47117,4,3
53725,4,1
4567,4,1
10442,3,0
56257,5,1
11590,0,1
5687,4,2
4755,3,1
56859,4,2
15302,4,0
21137,5,0
40100,3,1
10670,3,0
25597,8,0
59811,8,0
32520,4,1
42657,0,1
3570,4,1
26312,7,1
12127,0,0
54732,4,1
35705,4,1
6002,0,1
9876,0,0
19709,0,0
28872,0,1
43543,0,1
13233,3,0
27006,1,1
7316,3,1
17693,4,0
50154,4,2
34411,3,1
44766,4,1
5441,3,1
20223,5,0
58339,4,1
14016,3,0
11564,0,1
20011,3,1
44554,4,1
5673,4,2
39900,4,3
52431,8,2
57143,3,1
10684,3,0
11756,3,1
36948,4,1
3584,3,2
55614,4,1
7918,3,0
48399,1,1
22746,0,0
8950,12,0
9882,0,0
52055,3,1
14640,0,0
11332,1,0
41442,4,0
40590,0,1
33062,0,1
57527,4,1
13465,3,1
2032,3,0
43315,3,0
34247,3,1
6492,3,1
50702,3,0
28618,3,1
22322,3,0
16117,4,0
35395,4,1
7540,3,1
2200,3,0
13657,4,0
34849,4,1
12785,3,0
34075,4,0
47587,4,2
7772,4,1
22110,4,1
16325,3,0
36722,3,1
32382,3,1
41670,4,2
11100,0,0
5819,3,1
33250,0,1
5479,4,1
25769,5,1
39336,5,1
8366,3,0
46835,5,1
19731,0,1
50950,1,2
31967,4,1
46009,8,1
34429,3,1
7920,3,0
8154,0,1
31369,3,1
9086,4,0
13039,4,2
8968,4,0
17499,3,0
57947,4,3
20029,0,0
52409,8,2
41822,4,1
56895,4,2
4799,3,1
20815,4,2
39104,12,1
19167,3,1
49617,4,2
8530,4,1
16913,3,0
2836,3,1
28620,3,1
18889,0,0
7578,4,1
25903,13,1
14678,0,0
33866,4,3
39560,4,2
32188,4,1
44934,4,1
11904,4,1
15598,5,0
58765,0,1
39752,12,1
33268,7,1
5821,3,1
18287,0,0
2238,4,0
22914,4,0
26588,4,1
6698,3,1
43923,3,1
22128,4,0
17835,4,0
9416,0,0
19193,0,0
17009,4,2
29706,0,1
3910,5,1
52099,0,1
32940,4,1
4309,3,1
24825,4,1
39594,4,2
59643,8,0
53379,4,1
10822,3,0
4907,3,1
38674,4,1
18273,0,0
9624,0,0
48503,3,1
23832,4,0
42039,4,1
54960,3,1
1811,3,0
15108,3,0
51876,4,1
8392,3,0
54538,4,0
18617,3,0
9240,0,0
29150,3,1
26924,3,1
6208,3,1
30841,0,1
9072,0,0
6806,4,0
12923,4,0
59015,4,1
56861,4,2
40138,3,1
32518,4,1
13650,4,0
2207,3,0
12782,0,0
47580,4,2
34072,4,2
16322,3,0
22117,4,0
7775,4,0
36725,3,1
5022,0,1
11107,0,0
41677,4,3
32385,3,1
33257,3,1
52052,3,1
5210,3,1
14647,3,0
33859,4,1
41445,4,1
11335,1,0
57520,4,0
33065,0,1
40597,0,1
43312,5,1
2035,3,0
27657,3,1
13462,3,1
19158,3,0
31732,11,1
2809,4,0
50705,3,1
6495,4,2
35392,4,1
19964,5,0
7547,2,1
22325,3,0
5674,4,2
44553,4,1
20016,3,1
52436,8,1
39907,4,1
36173,3,1
57144,3,1
10683,3,0
25564,4,1
55613,4,1
3583,4,1
31356,3,1
22741,0,0
9885,3,0
8359,3,0
31164,1,1
27001,1,1
13234,3,0
43544,0,1
28875,0,1
31958,4,1
22573,0,1
7311,3,1
17694,4,0
50153,4,2
14011,3,0
20224,5,0
5446,3,1
44761,4,1
24684,0,0
11563,0,1
41213,4,1
39309,4,2
5680,4,2
21130,3,0
15305,4,0
4752,3,1
10677,3,0
40107,3,1
25590,8,0
12120,0,0
26315,2,0
3577,4,1
42650,0,1
54735,4,1
35702,4,1
23667,0,0
9871,3,0
6005,0,1
3745,3,1
18628,5,0
2697,8,1
22587,3,0
35530,4,1
47110,4,3
6237,3,1
23455,1,1
17660,4,2
37267,8,1
4560,4,1
10445,1,0
24670,4,0
56250,5,1
11597,0,1
3321,3,1
12776,0,0
35968,3,2
26543,4,0
47574,4,2
6653,4,1
23031,0,0
51411,0,1
4104,4,1
14481,4,0
37603,3,1
4938,3,1
41683,4,2
40751,4,2
10021,7,3
24214,3,1
4336,4,1
56406,4,2
38479,3,1
33091,4,2
1644,3,0
30614,3,1
13496,3,0
12544,3,0
42234,3,1
17036,4,1
6461,4,1
18842,3,0
